Country,ISO,Year,CO2,Per_Capita_CO2,Renewable_Electricity_Share,Renewable_Production,GDP_Growth,Carbon_Rate_2023
Aruba,ABW,1990,0.487312,7.415875,,,4.0,
Aruba,ABW,1991,0.53128,7.828598,,,8.0,
Aruba,ABW,1992,0.538608,7.673353,,,5.9,
Aruba,ABW,1993,0.648528,8.962521,,,7.3,
Aruba,ABW,1994,0.65952,8.827734,,,8.2,
Aruba,ABW,1995,0.707152,9.177833,,,2.5,
Aruba,ABW,1996,0.725472,9.134971,,,1.3,
Aruba,ABW,1997,0.758448,9.265411,,,7.0,
Aruba,ABW,1998,0.80608,9.555806,,,2.0,
Aruba,ABW,1999,0.809744,9.321653,,,1.4,
Aruba,ABW,2000,2.377936,26.688096,0.0,0.0,7.7,
Aruba,ABW,2001,2.407248,26.543406,0.0,0.0,4.2,
Aruba,ABW,2002,2.43656,26.547543,0.0,0.0,-0.9,
Aruba,ABW,2003,2.561136,27.627922,0.0,0.0,1.1,
Aruba,ABW,2004,2.616096,27.967672,0.0,0.0,7.3,
Aruba,ABW,2005,2.718688,28.774362,0.0,0.0,-0.4,
Aruba,ABW,2006,2.715024,28.39805,0.0,0.0,1.1,
Aruba,ABW,2007,2.82128,29.149369,0.0,0.0,3.1,
Aruba,ABW,2008,2.6564,27.107229,0.0,0.0,1.8,
Aruba,ABW,2009,2.627088,26.479539,3.3333335,0.03,-11.7,
Aruba,ABW,2010,2.506176,24.97659,12.35955,0.11,-2.7,
Aruba,ABW,2011,2.498848,24.670721,12.5,0.11,3.4,
Aruba,ABW,2012,1.348352,13.204638,16.091953,0.14,-1.0,
Aruba,ABW,2013,0.86104,8.369362,16.853933,0.15,6.4,
Aruba,ABW,2014,0.872032,8.417785,17.977528,0.16,0.0,
Aruba,ABW,2015,0.89768,8.610261,19.35484,0.18000000000000002,3.6,
Aruba,ABW,2016,0.883024,8.419856,15.555556,0.14,2.1,
Aruba,ABW,2017,0.890352,8.444238,15.053763,0.14,0.7,
Aruba,ABW,2018,0.872032,8.229667,16.483517,0.15000000000000002,2.4,
Aruba,ABW,2019,0.912336,8.571203,16.304348,0.15000000000000002,-2.3,
Aruba,ABW,2020,0.778954,7.308293,17.045456,0.15000000000000002,-24.0,
Aruba,ABW,2021,0.858126,8.054722,16.129034,0.15000000000000002,27.6,
Afghanistan,AFG,1990,2.024326,0.189281,,,,
Afghanistan,AFG,1991,1.914301,0.178155,,,,
Afghanistan,AFG,1992,1.482054,0.122916,,,,
Afghanistan,AFG,1993,1.486943,0.106182,,,,
Afghanistan,AFG,1994,1.453829,0.094065,,,,
Afghanistan,AFG,1995,1.417327,0.086323,,,,
Afghanistan,AFG,1996,1.370104,0.080092,,,,
Afghanistan,AFG,1997,1.304152,0.073313,,,,
Afghanistan,AFG,1998,1.278504,0.069134,,,,
Afghanistan,AFG,1999,1.09164,0.056671,,,,
Afghanistan,AFG,2000,1.047128,0.053581,65.95744,0.31,,
Afghanistan,AFG,2001,1.069098,0.0543,84.745766,0.5,,
Afghanistan,AFG,2002,1.340995,0.063856,81.159424,0.56,,
Afghanistan,AFG,2003,1.559602,0.068871,67.02128,0.63,8.7,
Afghanistan,AFG,2004,1.237247,0.052529,62.92135,0.56,0.7,
Afghanistan,AFG,2005,1.889507,0.077403,63.440857,0.59,11.8,
Afghanistan,AFG,2006,2.159318,0.084869,76.190475,0.64,5.4,
Afghanistan,AFG,2007,2.799909,0.108091,78.94737,0.75,13.3,
Afghanistan,AFG,2008,4.254477,0.160989,73.9726,0.54,3.9,
Afghanistan,AFG,2009,6.391888,0.233406,82.97872,0.78,20.6,
Afghanistan,AFG,2010,8.364803,0.296733,79.78723,0.75,8.4,
Afghanistan,AFG,2011,11.838316,0.40474,76.92309,0.6,6.5,
Afghanistan,AFG,2012,10.035314,0.329389,84.09091,0.74,14.0,
Afghanistan,AFG,2013,9.25051,0.293283,80.180176,0.89,5.7,
Afghanistan,AFG,2014,9.170309,0.280299,86.2069,1.0,2.7,
Afghanistan,AFG,2015,9.791093,0.290076,87.28814,1.03,1.0,
Afghanistan,AFG,2016,9.067598,0.261795,87.603294,1.06,2.2,
Afghanistan,AFG,2017,9.867969,0.276852,85.826775,1.09,2.6,
Afghanistan,AFG,2018,10.818048,0.294876,82.90598,0.9700000000000001,1.2,
Afghanistan,AFG,2019,11.081621,0.293401,83.17757,0.89,3.9,
Afghanistan,AFG,2020,11.681766,0.299746,85.0,0.6799999999999999,-2.4,
Afghanistan,AFG,2021,11.874211,0.296119,84.33735,0.7,-20.7,
Angola,AGO,1990,5.089864,0.4303,,,-3.5,
Angola,AGO,1991,5.064054,0.414113,,,12.1,
Angola,AGO,1992,5.164449,0.408822,,,11.4,
Angola,AGO,1993,5.748389,0.440886,,,11.0,
Angola,AGO,1994,3.864521,0.287068,,,10.5,
Angola,AGO,1995,10.948907,0.786997,,,10.4,
Angola,AGO,1996,10.423993,0.724726,,,11.2,
Angola,AGO,1997,7.347664,0.494089,,,7.3,
Angola,AGO,1998,7.26842,0.472993,,,4.7,
Angola,AGO,1999,9.130235,0.575287,,,2.2,
Angola,AGO,2000,9.516064,0.580458,64.28571,0.9,3.1,
Angola,AGO,2001,9.670938,0.57084,63.52201,1.01,4.2,
Angola,AGO,2002,12.598124,0.719229,66.08187,1.13,13.7,
Angola,AGO,2003,8.98897,0.495961,63.40206,1.23,3.0,
Angola,AGO,2004,18.700613,0.996244,79.357796,1.73,11.0,
Angola,AGO,2005,19.005991,0.977124,80.58608,2.2,15.0,
Angola,AGO,2006,22.10165,1.096185,81.48148,2.64,11.5,
Angola,AGO,2007,24.977271,1.194531,78.4127,2.47,14.0,
Angola,AGO,2008,25.486267,1.174941,76.35468,3.1,11.2,
Angola,AGO,2009,27.564973,1.224692,66.52174,3.06,0.9,
Angola,AGO,2010,28.864503,1.235417,69.17293,3.6799999999999997,4.9,
Angola,AGO,2011,30.329742,1.250241,71.97106,3.98,3.5,
Angola,AGO,2012,25.539987,1.013963,62.023216,3.7399999999999998,8.5,
Angola,AGO,2013,24.718593,0.94537,59.347553,4.7299999999999995,5.0,
Angola,AGO,2014,25.147586,0.926986,66.70282,6.1499999999999995,4.8,
Angola,AGO,2015,25.530951,0.907679,66.70247,6.209999999999999,0.9,
Angola,AGO,2016,27.209697,0.933285,68.36435,6.9799999999999995,-2.6,
Angola,AGO,2017,24.30409,0.804541,72.82099,7.77,-0.2,
Angola,AGO,2018,22.779499,0.728395,77.72585,9.979999999999999,-1.3,
Angola,AGO,2019,21.818019,0.674362,72.33766,11.139999999999999,-0.7,
Angola,AGO,2020,20.275732,0.606541,73.6747,12.229999999999999,-5.6,
Angola,AGO,2021,21.362717,0.619141,71.81984,11.799999999999999,1.2,
Anguilla,AIA,1990,0.051296,6.16835,,,,
Anguilla,AIA,1991,0.051296,5.952884,,,,
Anguilla,AIA,1992,0.05496,6.184314,,,,
Anguilla,AIA,1993,0.065952,7.230786,,,,
Anguilla,AIA,1994,0.065952,7.049166,,,,
Anguilla,AIA,1995,0.065952,6.869284,,,,
Anguilla,AIA,1996,0.069616,7.058299,,,,
Anguilla,AIA,1997,0.069616,6.870904,,,,
Anguilla,AIA,1998,0.076944,7.387097,,,,
Anguilla,AIA,1999,0.080608,7.518,,,,
Anguilla,AIA,2000,0.087936,7.96017,,,,
Anguilla,AIA,2001,0.095264,8.397743,,,,
Anguilla,AIA,2002,0.095264,8.24083,,,,
Anguilla,AIA,2003,0.102592,8.735695,,,,
Anguilla,AIA,2004,0.120912,10.131724,,,,
Anguilla,AIA,2005,0.12824,10.573879,,,,
Anguilla,AIA,2006,0.142896,11.593996,,,,
Anguilla,AIA,2007,0.150224,11.99489,,,,
Anguilla,AIA,2008,0.150224,11.800786,,,,
Anguilla,AIA,2009,0.14656,11.320871,,,,
Anguilla,AIA,2010,0.150224,11.404798,,,,
Anguilla,AIA,2011,0.142896,10.711041,,,,
Anguilla,AIA,2012,0.142896,10.62029,,,,
Anguilla,AIA,2013,0.117248,8.558248,,,,
Anguilla,AIA,2014,0.139232,9.860623,,,,
Anguilla,AIA,2015,0.153888,10.594699,,,,
Anguilla,AIA,2016,0.153888,10.388713,,,,
Anguilla,AIA,2017,0.142896,9.516883,,,,
Anguilla,AIA,2018,0.142896,9.412819,,,,
Anguilla,AIA,2019,0.153888,10.005722,,,,
Anguilla,AIA,2020,0.13139,8.430535,,,,
Anguilla,AIA,2021,0.144744,9.188354,,,,
Albania,ALB,1990,5.520602,1.675415,86.36364,2.85,-10.0,
Albania,ALB,1991,4.290226,1.299249,92.1466,3.52,-28.0,
Albania,ALB,1992,2.517116,0.761899,95.0,3.23,-7.2,
Albania,ALB,1993,2.337999,0.708332,93.76771,3.31,9.6,
Albania,ALB,1994,1.923806,0.584034,95.68528,3.77,9.4,
Albania,ALB,1995,2.089065,0.636064,93.95973,4.2,8.9,
Albania,ALB,1996,2.017508,0.616724,95.65944,5.73,9.1,
Albania,ALB,1997,1.543009,0.474229,96.17591,5.03,-10.9,
Albania,ALB,1998,1.754709,0.542888,96.2818,4.92,8.8,
Albania,ALB,1999,2.986196,0.930784,97.41697,5.28,12.9,
Albania,ALB,2000,3.024926,0.95063,96.22642,4.59,6.9,
Albania,ALB,2001,3.220656,1.021259,95.44236,3.56,8.3,
Albania,ALB,2002,3.748272,1.200003,93.850266,3.51,4.5,
Albania,ALB,2003,4.303499,1.391371,97.8,4.89,5.5,
Albania,ALB,2004,4.176684,1.363761,97.504456,5.47,5.5,
Albania,ALB,2005,4.261413,1.405185,98.713234,5.37,5.5,
Albania,ALB,2006,3.910715,1.302102,98.36957,5.43,5.9,
Albania,ALB,2007,3.94897,1.326901,97.55245,2.79,6.0,
Albania,ALB,2008,4.397043,1.48967,100.0,3.8,7.5,
Albania,ALB,2009,4.406552,1.503665,100.0,5.2,3.4,
Albania,ALB,2010,4.783865,1.642022,100.0,7.57,3.7,
Albania,ALB,2011,5.314676,1.832234,98.568016,4.13,2.5,
Albania,ALB,2012,4.85006,1.676949,100.0,4.72,1.4,
Albania,ALB,2013,5.287466,1.831465,100.0,6.96,1.0,
Albania,ALB,2014,5.999658,2.080252,100.0,4.72,1.8,
Albania,ALB,2015,4.712137,1.634751,100.0,5.89,2.2,
Albania,ALB,2016,4.631977,1.607732,100.0,7.78,3.3,
Albania,ALB,2017,5.564149,1.932429,100.0,4.52,3.8,
Albania,ALB,2018,4.984045,1.732368,100.0,8.55,4.0,
Albania,ALB,2019,4.947485,1.721533,100.0,5.199999999999999,2.1,
Albania,ALB,2020,4.728559,1.649392,100.0,5.3100000000000005,-3.3,
Albania,ALB,2021,4.619109,1.618066,,,8.9,
Andorra,AND,1990,0.406704,7.592152,,,,
Andorra,AND,1991,0.406704,7.336725,,,,
Andorra,AND,1992,0.406704,7.099907,,,,
Andorra,AND,1993,0.410368,6.937048,,,,
Andorra,AND,1994,0.406704,6.663237,,,,
Andorra,AND,1995,0.425024,6.754132,,,,
Andorra,AND,1996,0.454336,7.082732,,,,
Andorra,AND,1997,0.465328,7.194088,,,,
Andorra,AND,1998,0.490976,7.531924,,,,
Andorra,AND,1999,0.51296,7.812962,,,,
Andorra,AND,2000,0.523952,7.927016,,,,
Andorra,AND,2001,0.523952,7.725627,,,8.1,
Andorra,AND,2002,0.53128,7.498765,,,4.5,
Andorra,AND,2003,0.534944,7.238069,,,8.7,
Andorra,AND,2004,0.560592,7.286756,,,8.1,
Andorra,AND,2005,0.575248,7.206274,,,5.4,
Andorra,AND,2006,0.545936,6.8054,,,4.8,
Andorra,AND,2007,0.538608,6.89039,,,1.6,
Andorra,AND,2008,0.538608,7.081822,,,-5.6,
Andorra,AND,2009,0.516624,6.995396,,,-5.3,
Andorra,AND,2010,0.516624,7.223591,,,-2.0,
Andorra,AND,2011,0.490976,6.957586,,,0.0,
Andorra,AND,2012,0.487312,6.862293,,,-5.0,
Andorra,AND,2013,0.47632,6.674233,,,-3.5,
Andorra,AND,2014,0.461664,6.445931,,,2.5,
Andorra,AND,2015,0.465328,6.485769,,,1.4,
Andorra,AND,2016,0.468992,6.465288,,,3.7,
Andorra,AND,2017,0.465328,6.302098,,,0.3,
Andorra,AND,2018,0.49464,6.594057,,,1.6,
Andorra,AND,2019,0.479984,6.287204,,,2.0,
Andorra,AND,2020,0.448884,5.777148,,,-11.2,
Andorra,AND,2021,0.452888,5.730292,,,8.3,
United Arab Emirates,ARE,1990,51.703774,27.21035,0.0,0.0,23.6,
United Arab Emirates,ARE,1991,56.673423,28.218434,0.0,0.0,2.2,
United Arab Emirates,ARE,1992,57.757056,27.292416,0.0,0.0,3.1,
United Arab Emirates,ARE,1993,65.565563,29.490413,0.0,0.0,0.3,
United Arab Emirates,ARE,1994,72.604782,31.173909,0.0,0.0,7.4,
United Arab Emirates,ARE,1995,70.012283,28.764432,0.0,0.0,6.6,
United Arab Emirates,ARE,1996,72.774932,28.286991,0.0,0.0,5.4,
United Arab Emirates,ARE,1997,73.100847,26.619694,0.0,0.0,8.6,
United Arab Emirates,ARE,1998,80.682526,27.620313,0.0,0.0,0.9,
United Arab Emirates,ARE,1999,77.543763,25.033797,0.0,0.0,3.8,
United Arab Emirates,ARE,2000,111.787053,34.129981,0.0,0.0,12.3,
United Arab Emirates,ARE,2001,100.590959,29.121364,0.0,0.0,1.4,
United Arab Emirates,ARE,2002,83.698221,23.034168,0.0,0.0,2.4,
United Arab Emirates,ARE,2003,105.618741,27.696426,0.0,0.0,8.8,
United Arab Emirates,ARE,2004,111.801797,27.997071,0.0,0.0,9.6,
United Arab Emirates,ARE,2005,114.477675,26.740916,0.0,0.0,4.9,
United Arab Emirates,ARE,2006,121.737475,24.849687,0.0,0.0,9.8,
United Arab Emirates,ARE,2007,133.264015,22.692414,0.0,0.0,3.2,
United Arab Emirates,ARE,2008,153.969705,22.031284,0.0,0.0,3.2,
United Arab Emirates,ARE,2009,165.499676,20.706499,0.012061271,0.01,-5.2,
United Arab Emirates,ARE,2010,180.621656,21.295276,0.022642363,0.02,5.3,
United Arab Emirates,ARE,2011,192.991346,22.505741,0.032181934,0.03,6.2,
United Arab Emirates,ARE,2012,201.372437,23.239834,0.020030046,0.02,1.8,
United Arab Emirates,ARE,2013,205.757979,23.510235,0.077361956,0.08,5.1,
United Arab Emirates,ARE,2014,201.713382,22.828712,0.28292415,0.31,4.2,
United Arab Emirates,ARE,2015,216.377091,24.265957,0.25885102,0.31,6.8,
United Arab Emirates,ARE,2016,212.344312,23.608862,0.26261798,0.32,5.6,
United Arab Emirates,ARE,2017,214.15601,23.615904,0.592698,0.75,0.7,
United Arab Emirates,ARE,2018,210.218381,22.999398,1.0318142,1.32,1.3,
United Arab Emirates,ARE,2019,208.495709,22.633898,2.930968,3.8,1.1,
United Arab Emirates,ARE,2020,199.084442,21.436228,4.346108,5.5,-5.0,
United Arab Emirates,ARE,2021,204.086658,21.792151,4.93991,6.7,4.4,
Argentina,ARG,1990,112.079088,3.434042,34.989185,17.84619682,-1.3,9.1290312
Argentina,ARG,1991,117.505744,3.549404,29.710293,16.0002611,10.5,9.1290312
Argentina,ARG,1992,121.230584,3.611462,34.389725,19.29507593,10.3,9.1290312
Argentina,ARG,1993,117.777485,3.461271,38.57245,23.86430208,6.3,9.1290312
Argentina,ARG,1994,122.229002,3.544031,41.73245,27.385680395,5.8,9.1290312
Argentina,ARG,1995,127.764859,3.656054,39.635246,26.622697126,-2.8,9.1290312
Argentina,ARG,1996,134.76207,3.807982,32.54642,22.704323640000002,5.5,9.1290312
Argentina,ARG,1997,137.641464,3.843019,38.803555,28.11801552,8.1,9.1290312
Argentina,ARG,1998,139.451896,3.848733,36.01876,26.71495525,3.9,9.1290312
Argentina,ARG,1999,147.285131,4.018362,26.86689,21.693597959999998,-3.4,9.1290312
Argentina,ARG,2000,142.358347,3.840177,33.88856,28.889999999999997,-0.8,9.1290312
Argentina,ARG,2001,134.003944,3.575298,42.82576,37.04,-4.4,9.1290312
Argentina,ARG,2002,124.392348,3.283417,44.43623,36.06,-10.9,9.1290312
Argentina,ARG,2003,134.631008,3.517175,39.006126,34.379999999999995,9.0,9.1290312
Argentina,ARG,2004,157.043391,4.061243,32.42763,31.03,8.9,9.1290312
Argentina,ARG,2005,161.4342,4.131869,34.304974,34.599999999999994,8.9,9.1290312
Argentina,ARG,2006,174.608992,4.423073,34.712746,38.67,8.0,9.1290312
Argentina,ARG,2007,174.24576,4.369678,28.128101,31.179999999999996,9.0,9.1290312
Argentina,ARG,2008,188.106,4.670683,27.25926,31.279999999999998,4.1,9.1290312
Argentina,ARG,2009,178.9492,4.398479,29.836628,34.7,-5.9,9.1290312
Argentina,ARG,2010,186.733136,4.543372,28.761284,34.410000000000004,10.1,9.1290312
Argentina,ARG,2011,190.273774,4.58262,26.419552,32.43,6.0,9.1290312
Argentina,ARG,2012,191.292113,4.559746,24.0345,30.930000000000003,-1.0,9.1290312
Argentina,ARG,2013,189.537746,4.471467,26.475702,35.029999999999994,2.4,9.1290312
Argentina,ARG,2014,188.396537,4.399316,26.075413,34.37,-2.5,9.1290312
Argentina,ARG,2015,191.743835,4.432659,24.65346,33.97,2.7,9.1290312
Argentina,ARG,2016,189.920431,4.349166,22.214266,31.02,-2.1,9.1290312
Argentina,ARG,2017,186.898875,4.242436,24.103342,33.400000000000006,2.8,9.1290312
Argentina,ARG,2018,180.599336,4.066307,25.016096,34.97,-2.6,9.1290312
Argentina,ARG,2019,178.511615,3.989486,26.006308,34.63,-2.0,9.1290312
Argentina,ARG,2020,169.262697,3.758384,26.714254,37.05,-9.9,9.1290312
Argentina,ARG,2021,186.448284,4.117967,25.347696,37.18,10.7,9.1290312
Armenia,ARM,1990,8.94492,2.515063,,,,
Armenia,ARM,1991,7.271964,2.010145,,,,
Armenia,ARM,1992,5.862939,1.640187,,,,
Armenia,ARM,1993,2.575039,0.744802,,,-14.1,
Armenia,ARM,1994,2.713342,0.80426,,,5.4,
Armenia,ARM,1995,3.43318,1.033225,,,8.0,
Armenia,ARM,1996,2.59544,0.78676,,,5.2,
Armenia,ARM,1997,3.269238,0.999334,,,3.4,
Armenia,ARM,1998,3.397212,1.048344,,,6.3,
Armenia,ARM,1999,3.049535,0.951187,,,3.2,
Armenia,ARM,2000,3.491407,1.101904,22.241993,1.25,5.9,
Armenia,ARM,2001,3.532701,1.12753,17.235188,0.96,9.5,
Armenia,ARM,2002,3.076793,0.990904,31.477926,1.64,14.8,
Armenia,ARM,2003,3.45556,1.120443,37.61996,1.96,14.1,
Armenia,ARM,2004,3.691197,1.204013,33.559322,1.98,10.5,
Armenia,ARM,2005,4.376169,1.436106,29.313234,1.75,14.1,
Armenia,ARM,2006,4.40159,1.454357,32.206406,1.81,13.2,
Armenia,ARM,2007,5.10021,1.697584,32.7957,1.83,13.7,
Armenia,ARM,2008,5.57479,1.86859,32.541134,1.78,6.9,
Armenia,ARM,2009,4.363332,1.471962,37.24395,2.0,-14.1,
Armenia,ARM,2010,4.25275,1.443424,41.100327,2.5399999999999996,2.2,
Armenia,ARM,2011,4.968878,1.696456,34.794907,2.46,4.7,
Armenia,ARM,2012,5.748252,1.972348,30.22339,2.3,7.1,
Armenia,ARM,2013,5.535004,1.907711,29.452057,2.15,3.4,
Armenia,ARM,2014,5.604113,1.939186,26.875853,1.97,3.6,
Armenia,ARM,2015,5.469323,1.899998,29.539295,2.18,3.3,
Armenia,ARM,2016,5.203013,1.815531,33.52518,2.33,0.2,
Armenia,ARM,2017,5.540153,1.942603,30.570652,2.25,7.5,
Armenia,ARM,2018,5.825786,2.053823,31.300812,2.31,5.2,
Armenia,ARM,2019,6.28411,2.227932,33.0137,2.41,7.6,
Armenia,ARM,2020,6.430661,2.292074,25.771812,1.92,-7.2,
Armenia,ARM,2021,6.806045,2.438591,31.284153,2.29,5.7,
Antarctica,ATA,1990,0.010992,0.0,,,,
Antarctica,ATA,1991,0.014656,0.0,,,,
Antarctica,ATA,1992,0.014656,0.0,,,,
Antarctica,ATA,1993,0.014656,0.0,,,,
Antarctica,ATA,1994,0.014656,0.0,,,,
Antarctica,ATA,1995,0.003664,0.0,,,,
Antarctica,ATA,1996,0.003664,0.0,,,,
Antarctica,ATA,1997,0.003664,0.0,,,,
Antarctica,ATA,1998,0.003664,0.0,,,,
Antarctica,ATA,1999,0.003664,0.0,,,,
Antarctica,ATA,2000,0.003664,0.0,,,,
Antarctica,ATA,2001,0.003664,0.0,,,,
Antarctica,ATA,2002,0.003664,0.0,,,,
Antarctica,ATA,2003,0.003664,0.0,,,,
Antarctica,ATA,2004,0.007328,0.0,,,,
Antarctica,ATA,2005,0.007328,0.0,,,,
Antarctica,ATA,2006,0.007328,0.0,,,,
Antarctica,ATA,2007,0.010992,0.0,,,,
Antarctica,ATA,2008,0.0,0.0,,,,
Antarctica,ATA,2009,0.0,0.0,,,,
Antarctica,ATA,2010,0.0,0.0,,,,
Antarctica,ATA,2011,0.0,0.0,,,,
Antarctica,ATA,2012,0.0,0.0,,,,
Antarctica,ATA,2013,0.0,0.0,,,,
Antarctica,ATA,2014,0.0,0.0,,,,
Antarctica,ATA,2015,0.0,0.0,,,,
Antarctica,ATA,2016,0.0,0.0,,,,
Antarctica,ATA,2017,0.0,0.0,,,,
Antarctica,ATA,2018,0.0,0.0,,,,
Antarctica,ATA,2019,0.0,0.0,,,,
Antarctica,ATA,2020,0.0,0.0,,,,
Antarctica,ATA,2021,0.0,0.0,,,,
Antigua and Barbuda,ATG,1990,0.21984,3.47145,,,3.0,
Antigua and Barbuda,ATG,1991,0.212512,3.339598,,,2.2,
Antigua and Barbuda,ATG,1992,0.208848,3.229991,,,1.2,
Antigua and Barbuda,ATG,1993,0.216176,3.283653,,,5.3,
Antigua and Barbuda,ATG,1994,0.216176,3.223044,,,6.7,
Antigua and Barbuda,ATG,1995,0.223504,3.267698,,,-4.4,
Antigua and Barbuda,ATG,1996,0.23816,3.412132,,,6.6,
Antigua and Barbuda,ATG,1997,0.25648,3.601337,,,5.5,
Antigua and Barbuda,ATG,1998,0.271136,3.736097,,,4.7,
Antigua and Barbuda,ATG,1999,0.282128,3.821785,,,3.7,
Antigua and Barbuda,ATG,2000,0.29312,3.905403,0.0,0.0,6.2,
Antigua and Barbuda,ATG,2001,0.296784,3.894037,0.0,0.0,-4.5,
Antigua and Barbuda,ATG,2002,0.32976,4.271779,0.0,0.0,1.0,
Antigua and Barbuda,ATG,2003,0.351744,4.505207,0.0,0.0,6.1,
Antigua and Barbuda,ATG,2004,0.3664,4.641441,0.0,0.0,5.8,
Antigua and Barbuda,ATG,2005,0.373728,4.679262,0.0,0.0,6.5,
Antigua and Barbuda,ATG,2006,0.38472,4.755795,0.0,0.0,12.7,
Antigua and Barbuda,ATG,2007,0.406704,4.958837,0.0,0.0,9.3,
Antigua and Barbuda,ATG,2008,0.417696,5.017309,0.0,0.0,0.0,
Antigua and Barbuda,ATG,2009,0.443344,5.244564,0.0,0.0,-12.0,
Antigua and Barbuda,ATG,2010,0.454336,5.30178,0.0,0.0,-7.8,
Antigua and Barbuda,ATG,2011,0.443344,5.111831,0.0,0.0,-2.0,
Antigua and Barbuda,ATG,2012,0.458,5.223898,0.0,0.0,3.4,
Antigua and Barbuda,ATG,2013,0.461664,5.216719,0.0,0.0,-0.6,
Antigua and Barbuda,ATG,2014,0.461664,5.173517,0.0,0.0,3.8,
Antigua and Barbuda,ATG,2015,0.479984,5.336654,3.030303,0.01,3.8,
Antigua and Barbuda,ATG,2016,0.490976,5.421315,0.0,0.0,5.5,
Antigua and Barbuda,ATG,2017,0.490976,5.388294,3.030303,0.01,3.1,
Antigua and Barbuda,ATG,2018,0.498304,5.438456,3.030303,0.01,6.8,
Antigua and Barbuda,ATG,2019,0.498304,5.409468,2.9411764,0.01,4.3,
Antigua and Barbuda,ATG,2020,0.425453,4.591351,6.060606,0.02,-17.5,
Antigua and Barbuda,ATG,2021,0.468695,5.027895,5.714286,0.02,6.6,
Australia,AUS,1990,278.154156,16.315938,9.9702215,15.518999999999998,1.5,20.383238
Australia,AUS,1991,279.52851,16.184767,10.368504,16.37845,-1.0,20.383238
Australia,AUS,1992,284.525345,16.293502,10.299597,16.6236,2.6,20.383238
Australia,AUS,1993,288.870537,16.383765,10.323705,17.073600000000003,3.9,20.383238
Australia,AUS,1994,293.696553,16.494706,9.914866,16.8694,4.8,20.383238
Australia,AUS,1995,305.002996,16.941788,9.407731,16.484650000000002,3.0,20.383238
Australia,AUS,1996,311.886129,17.125455,9.408696,16.9476,4.0,20.383238
Australia,AUS,1997,320.28263,17.396973,8.989149,16.987650000000002,4.6,20.383238
Australia,AUS,1998,334.075978,17.959464,8.488753,16.9326,4.6,20.383238
Australia,AUS,1999,343.488633,18.269805,8.457535,17.498600000000003,4.4,20.383238
Australia,AUS,2000,349.635487,18.384487,8.634437,17.109999999999996,3.1,20.383238
Australia,AUS,2001,357.132367,18.554121,8.218014,17.4,2.7,20.383238
Australia,AUS,2002,361.54081,18.56355,8.0833025,17.35,4.2,20.383238
Australia,AUS,2003,369.279512,18.746105,8.659832,18.499999999999996,3.0,20.383238
Australia,AUS,2004,382.82089,19.21304,8.701304,19.41,4.1,20.383238
Australia,AUS,2005,386.153533,19.143302,9.156236,19.749999999999996,3.0,20.383238
Australia,AUS,2006,392.384302,19.171531,9.63576,21.19,2.6,20.383238
Australia,AUS,2007,399.624803,19.184298,9.119031,20.93,4.4,20.383238
Australia,AUS,2008,404.233067,19.024637,8.05489,18.49,2.5,20.383238
Australia,AUS,2009,407.065015,18.792625,7.804379,18.32,1.9,20.383238
Australia,AUS,2010,405.10332,18.397758,9.044215,21.130000000000003,2.4,20.383238
Australia,AUS,2011,403.828773,18.062717,11.3454275,27.330000000000002,2.8,20.383238
Australia,AUS,2012,406.15091,17.86907,11.410575,26.630000000000003,3.8,20.383238
Australia,AUS,2013,397.887458,17.215785,14.870858,34.2,2.2,20.383238
Australia,AUS,2014,393.952876,16.785681,14.96213,36.15,2.6,20.383238
Australia,AUS,2015,401.793062,16.86772,14.3476,33.12,2.3,20.383238
Australia,AUS,2016,411.264288,16.997412,15.609379,38.41,2.7,20.383238
Australia,AUS,2017,414.358312,16.850455,16.313873,40.769999999999996,2.4,20.383238
Australia,AUS,2018,416.283827,16.665199,17.145937,42.93,2.8,20.383238
Australia,AUS,2019,416.356588,16.419679,21.37597,53.410000000000004,1.9,20.383238
Australia,AUS,2020,399.922128,15.579327,25.503168,63.99,-1.8,20.383238
Australia,AUS,2021,391.187411,15.091473,29.134624,71.98,5.2,20.383238
Austria,AUT,1990,62.145248,8.093169,66.206894,32.64,4.3,85.875618
Austria,AUT,1991,65.743938,8.476922,65.065765,32.65,3.4,85.875618
Austria,AUT,1992,60.243908,7.683372,72.392395,36.160000000000004,2.1,85.875618
Austria,AUT,1993,60.67057,7.674692,74.07047,38.050000000000004,0.5,85.875618
Austria,AUT,1994,61.045756,7.692873,70.81174,36.9,2.4,85.875618
Austria,AUT,1995,64.023072,8.055957,70.51468,38.910000000000004,2.7,85.875618
Austria,AUT,1996,67.367013,8.465276,66.809784,35.79,2.4,85.875618
Austria,AUT,1997,67.263597,8.442677,67.92385,37.82,2.1,85.875618
Austria,AUT,1998,66.898315,8.387597,69.79614,39.029999999999994,3.6,85.875618
Austria,AUT,1999,65.651039,8.215235,70.677574,42.35,3.6,85.875618
Austria,AUT,2000,66.14978,8.257958,72.58146,43.440000000000005,3.4,85.875618
Austria,AUT,2001,70.149508,8.725469,69.17786,42.24,1.3,85.875618
Austria,AUT,2002,71.953612,8.906261,69.03938,41.9,1.7,85.875618
Austria,AUT,2003,77.460983,9.539408,60.695835,35.239999999999995,0.9,85.875618
Austria,AUT,2004,77.678295,9.506331,63.975456,39.62,2.7,85.875618
Austria,AUT,2005,79.078106,9.611982,63.389675,40.88,2.2,85.875618
Austria,AUT,2006,76.806465,9.289873,65.285805,40.66,3.5,85.875618
Austria,AUT,2007,74.10678,8.934209,68.62184,43.17,3.7,85.875618
Austria,AUT,2008,73.481909,8.83076,69.03876,44.53,1.5,85.875618
Austria,AUT,2009,67.298655,8.066544,71.161385,47.18,-3.8,85.875618
Austria,AUT,2010,72.006411,8.610293,66.24944,44.99000000000001,1.8,85.875618
Austria,AUT,2011,69.893113,8.329335,65.70832,40.910000000000004,2.9,85.875618
Austria,AUT,2012,67.26591,7.979692,74.71616,51.330000000000005,0.7,85.875618
Austria,AUT,2013,67.759445,7.990935,78.185486,50.50000000000001,0.0,85.875618
Austria,AUT,2014,64.16,7.507548,81.46706,50.199999999999996,0.7,85.875618
Austria,AUT,2015,66.348823,7.677111,76.94422,47.589999999999996,1.0,85.875618
Austria,AUT,2016,67.210743,7.693109,78.28352,51.080000000000005,2.0,85.875618
Austria,AUT,2017,69.592825,7.910526,75.719376,51.050000000000004,2.3,85.875618
Austria,AUT,2018,66.55718,7.528656,76.96802,50.06,2.4,85.875618
Austria,AUT,2019,67.936185,7.650523,77.109795,54.64,1.5,85.875618
Austria,AUT,2020,62.037447,6.964414,80.098274,55.42,-6.5,85.875618
Austria,AUT,2021,64.625588,7.24333,78.790146,52.75,4.6,85.875618
Azerbaijan,AZE,1990,51.325839,6.909932,7.1613684,1.658,,
Azerbaijan,AZE,1991,49.957047,6.627126,7.5025053,1.7593,,
Azerbaijan,AZE,1992,56.1744,7.349459,8.841448,1.7473,,
Azerbaijan,AZE,1993,48.406098,6.253931,12.73424,2.426,-23.1,
Azerbaijan,AZE,1994,41.943904,5.362381,10.414888,1.83,-19.7,
Azerbaijan,AZE,1995,33.30935,4.222076,9.1293125,1.556,-13.0,
Azerbaijan,AZE,1996,31.242309,3.930295,8.996196,1.537,2.5,
Azerbaijan,AZE,1997,29.802216,3.725249,10.168686,1.712,8.9,
Azerbaijan,AZE,1998,31.665754,3.93799,10.8419,1.951,6.0,
Azerbaijan,AZE,1999,28.569828,3.526508,8.285651,1.506,11.4,
Azerbaijan,AZE,2000,29.50632,3.602577,8.611898,1.52,6.2,
Azerbaijan,AZE,2001,28.791317,3.476363,7.206704,1.29,6.5,
Azerbaijan,AZE,2002,29.640751,3.540409,10.828371,2.0,9.4,
Azerbaijan,AZE,2003,30.623566,3.618814,12.121213,2.44,10.2,
Azerbaijan,AZE,2004,32.077061,3.749,13.323572,2.73,9.3,
Azerbaijan,AZE,2005,34.28642,3.960892,14.8258705,2.98,26.4,
Azerbaijan,AZE,2006,39.108582,4.462742,11.155914,2.49,34.5,
Azerbaijan,AZE,2007,30.459078,3.43069,11.331718,2.34,25.0,
Azerbaijan,AZE,2008,35.449751,3.938994,10.806846,2.21,10.8,
Azerbaijan,AZE,2009,31.8564,3.493169,12.821948,2.29,9.3,
Azerbaijan,AZE,2010,30.632888,3.316252,19.211267,3.41,5.0,
Azerbaijan,AZE,2011,32.975696,3.523416,13.787722,2.65,0.1,
Azerbaijan,AZE,2012,32.773343,3.455071,8.29493,1.8,2.2,
Azerbaijan,AZE,2013,33.555218,3.490072,6.672719,1.47,5.8,
Azerbaijan,AZE,2014,34.348428,3.525852,5.5317326,1.29,2.8,
Azerbaijan,AZE,2015,34.682946,3.516299,6.9587626,1.62,1.1,
Azerbaijan,AZE,2016,34.727333,3.481001,8.485363,2.0,-3.1,
Azerbaijan,AZE,2017,34.607041,3.436113,7.7961674,1.79,0.2,
Azerbaijan,AZE,2018,34.575818,3.405638,7.850546,1.87,1.5,
Azerbaijan,AZE,2019,37.737892,3.687951,6.869919,1.6900000000000002,2.5,
Azerbaijan,AZE,2020,37.508016,3.646883,5.0041018,1.2200000000000002,-4.2,
Azerbaijan,AZE,2021,38.492804,3.732457,5.4012933,1.4200000000000002,5.6,
Burundi,BDI,1990,0.208848,0.038085,,,3.5,
Burundi,BDI,1991,0.23816,0.042568,,,5.8,
Burundi,BDI,1992,0.216176,0.037641,,,1.0,
Burundi,BDI,1993,0.227168,0.040893,,,-6.2,
Burundi,BDI,1994,0.234496,0.041976,,,-3.8,
Burundi,BDI,1995,0.23816,0.040143,,,-7.9,
Burundi,BDI,1996,0.241824,0.040776,,,-8.0,
Burundi,BDI,1997,0.249152,0.042059,,,0.4,
Burundi,BDI,1998,0.249152,0.041282,,,4.8,
Burundi,BDI,1999,0.252816,0.040908,,,1.2,
Burundi,BDI,2000,0.271136,0.042985,100.0,0.1,1.8,
Burundi,BDI,2001,0.205184,0.031734,100.0,0.11,1.7,
Burundi,BDI,2002,0.212512,0.031962,100.0,0.13,2.4,
Burundi,BDI,2003,0.161216,0.023498,100.0,0.1,2.5,
Burundi,BDI,2004,0.197856,0.027787,99.99999,0.09,3.8,
Burundi,BDI,2005,0.153888,0.020827,99.99999,0.09,4.4,
Burundi,BDI,2006,0.1832,0.023922,99.99999,0.09,5.4,
Burundi,BDI,2007,0.20152,0.025366,100.0,0.12,3.5,
Burundi,BDI,2008,0.208848,0.025229,100.0,0.11,4.9,
Burundi,BDI,2009,0.168544,0.019352,100.0,0.12,3.8,
Burundi,BDI,2010,0.296784,0.032519,100.0,0.14,5.1,
Burundi,BDI,2011,0.354138,0.037452,92.85714,0.13,4.0,
Burundi,BDI,2012,0.37917,0.038709,93.33333,0.14,4.4,
Burundi,BDI,2013,0.397996,0.039213,83.333336,0.15000000000000002,4.9,
Burundi,BDI,2014,0.375205,0.035751,78.94737,0.15000000000000002,4.2,
Burundi,BDI,2015,0.394157,0.036744,83.333336,0.15000000000000002,-3.9,
Burundi,BDI,2016,0.467437,0.042871,84.210526,0.16000000000000003,-0.6,
Burundi,BDI,2017,0.530397,0.047545,72.413795,0.21000000000000002,0.5,
Burundi,BDI,2018,0.683828,0.059497,62.96296,0.17,1.6,
Burundi,BDI,2019,0.717894,0.060455,66.666664,0.24000000000000002,1.8,
Burundi,BDI,2020,0.657129,0.053774,68.57143,0.24000000000000002,0.3,
Burundi,BDI,2021,0.692908,0.055206,66.666664,0.24000000000000002,3.1,
Belgium,BEL,1990,120.292644,12.078108,0.7966994,0.56,3.1,82.957512
Belgium,BEL,1991,123.362363,12.352208,0.75853354,0.54,1.8,82.957512
Belgium,BEL,1992,122.48807,12.228685,0.8681042,0.6200000000000001,1.5,82.957512
Belgium,BEL,1993,121.422702,12.089394,0.7277397,0.51,-1.0,82.957512
Belgium,BEL,1994,124.795264,12.393784,0.85506034,0.61,3.2,82.957512
Belgium,BEL,1995,125.933051,12.47455,0.9113166,0.67,2.4,82.957512
Belgium,BEL,1996,129.474969,12.789888,0.7452755,0.56,1.3,82.957512
Belgium,BEL,1997,123.983505,12.209263,0.7704161,0.6000000000000001,3.8,82.957512
Belgium,BEL,1998,130.212392,12.780282,0.9258132,0.76,2.0,82.957512
Belgium,BEL,1999,124.704147,12.196935,1.0195514,0.8500000000000001,3.5,82.957512
Belgium,BEL,2000,126.719535,12.345606,1.2682691,1.05,3.7,82.957512
Belgium,BEL,2001,126.063796,12.228216,1.3735217,1.08,1.1,82.957512
Belgium,BEL,2002,126.860502,12.250463,1.4084506,1.14,1.7,82.957512
Belgium,BEL,2003,128.24564,12.328289,1.435922,1.2,1.0,82.957512
Belgium,BEL,2004,128.778889,12.316075,1.8089726,1.5,3.6,82.957512
Belgium,BEL,2005,125.636389,11.946054,2.5089178,2.1100000000000003,2.3,82.957512
Belgium,BEL,2006,123.880438,11.705635,3.5632598,2.96,2.6,82.957512
Belgium,BEL,2007,120.477002,11.308469,4.0318856,3.49,3.7,82.957512
Belgium,BEL,2008,120.175599,11.203391,5.3375196,4.42,0.4,82.957512
Belgium,BEL,2009,107.732357,9.973966,6.0778413,5.45,-2.0,82.957512
Belgium,BEL,2010,114.557864,10.531203,7.042102,6.54,2.9,82.957512
Belgium,BEL,2011,105.020115,9.585851,9.331837,8.31,1.7,82.957512
Belgium,BEL,2012,102.355635,9.278791,12.908377,10.51,0.7,82.957512
Belgium,BEL,2013,102.666433,9.246515,14.329417,11.71,0.5,82.957512
Belgium,BEL,2014,96.887002,8.668641,17.211727,12.21,1.6,82.957512
Belgium,BEL,2015,101.061722,8.984619,21.212564,14.450000000000001,2.0,82.957512
Belgium,BEL,2016,99.601625,8.80119,16.972368,14.25,1.3,82.957512
Belgium,BEL,2017,99.126283,8.707135,18.603556,15.8,1.6,82.957512
Belgium,BEL,2018,99.873631,8.723658,23.35419,17.17,1.8,82.957512
Belgium,BEL,2019,99.432619,8.638376,21.091972,19.47,2.3,82.957512
Belgium,BEL,2020,90.368008,7.816141,26.692457,23.46,-5.4,82.957512
Belgium,BEL,2021,95.722285,8.243806,22.95264,22.73,6.3,82.957512
Benin,BEN,1990,0.579346,0.112858,,,9.0,
Benin,BEN,1991,0.61965,0.117069,,,4.2,
Benin,BEN,1992,0.670946,0.122934,,,3.0,
Benin,BEN,1993,0.807422,0.141499,,,5.8,
Benin,BEN,1994,0.911527,0.153886,,,2.0,
Benin,BEN,1995,0.956267,0.158152,,,6.0,
Benin,BEN,1996,1.183806,0.190818,,,4.3,
Benin,BEN,1997,1.223975,0.191635,,,5.7,
Benin,BEN,1998,1.113856,0.169171,,,4.0,
Benin,BEN,1999,1.461936,0.215352,,,4.4,
Benin,BEN,2000,1.472928,0.210478,0.0,0.0,5.9,
Benin,BEN,2001,1.689104,0.234206,0.0,0.0,5.3,
Benin,BEN,2002,2.110055,0.283923,0.0,0.0,4.6,
Benin,BEN,2003,2.393998,0.312565,0.0,0.0,3.4,
Benin,BEN,2004,2.5936,0.32853,0.0,0.0,4.4,
Benin,BEN,2005,2.48973,0.30551,0.0,0.0,1.7,
Benin,BEN,2006,3.351106,0.398816,0.0,0.0,3.9,
Benin,BEN,2007,3.93096,0.454564,0.0,0.0,6.0,
Benin,BEN,2008,3.918994,0.440017,0.0,0.0,4.9,
Benin,BEN,2009,4.224517,0.460563,0.0,0.0,2.3,
Benin,BEN,2010,4.67939,0.495398,0.0,0.0,2.1,
Benin,BEN,2011,4.479719,0.460574,0.0,0.0,3.0,
Benin,BEN,2012,4.402539,0.439635,0.0,0.0,4.8,
Benin,BEN,2013,4.565975,0.442923,0.0,0.0,7.2,
Benin,BEN,2014,4.796,0.45182,0.0,0.0,6.4,
Benin,BEN,2015,5.328876,0.487422,0.0,0.0,1.8,
Benin,BEN,2016,6.494014,0.576729,0.0,0.0,3.3,
Benin,BEN,2017,6.804151,0.586728,0.0,0.0,5.7,
Benin,BEN,2018,7.434497,0.622619,0.0,0.0,6.7,
Benin,BEN,2019,7.144053,0.581269,5.0,0.01,6.9,
Benin,BEN,2020,7.263804,0.574526,4.347826,0.01,3.8,
Benin,BEN,2021,7.755815,0.596744,4.166667,0.01,7.2,
"Bonaire, Saint Eustatius and Saba",BES,1990,0.06906,5.479222,,,,
"Bonaire, Saint Eustatius and Saba",BES,1991,0.055108,4.330355,,,,
"Bonaire, Saint Eustatius and Saba",BES,1992,0.045402,3.535458,,,,
"Bonaire, Saint Eustatius and Saba",BES,1993,0.070087,5.412099,,,,
"Bonaire, Saint Eustatius and Saba",BES,1994,0.067194,5.141057,,,,
"Bonaire, Saint Eustatius and Saba",BES,1995,0.066494,5.035112,,,,
"Bonaire, Saint Eustatius and Saba",BES,1996,0.062201,4.659931,,,,
"Bonaire, Saint Eustatius and Saba",BES,1997,0.065094,4.823551,,,,
"Bonaire, Saint Eustatius and Saba",BES,1998,0.003593,0.2633,,,,
"Bonaire, Saint Eustatius and Saba",BES,1999,0.026924,1.951023,,,,
"Bonaire, Saint Eustatius and Saba",BES,2000,0.07144,5.11747,,,,
"Bonaire, Saint Eustatius and Saba",BES,2001,0.072746,5.108239,,,,
"Bonaire, Saint Eustatius and Saba",BES,2002,0.070133,4.753514,,,,
"Bonaire, Saint Eustatius and Saba",BES,2003,0.07018,4.559808,,,,
"Bonaire, Saint Eustatius and Saba",BES,2004,0.073633,4.587726,,,,
"Bonaire, Saint Eustatius and Saba",BES,2005,0.07298,4.363773,,,,
"Bonaire, Saint Eustatius and Saba",BES,2006,0.076059,4.369977,,,,
"Bonaire, Saint Eustatius and Saba",BES,2007,0.085625,4.731459,,,,
"Bonaire, Saint Eustatius and Saba",BES,2008,0.082359,4.38079,,,,
"Bonaire, Saint Eustatius and Saba",BES,2009,0.084272,4.318983,,,,
"Bonaire, Saint Eustatius and Saba",BES,2010,0.058048,2.870244,,,,
"Bonaire, Saint Eustatius and Saba",BES,2011,0.074053,3.547788,,,,
"Bonaire, Saint Eustatius and Saba",BES,2012,0.084272,3.929681,,,,
"Bonaire, Saint Eustatius and Saba",BES,2013,0.084272,3.830023,,,,
"Bonaire, Saint Eustatius and Saba",BES,2014,0.084272,3.733806,,,,
"Bonaire, Saint Eustatius and Saba",BES,2015,0.095264,4.112588,,,,
"Bonaire, Saint Eustatius and Saba",BES,2016,0.102592,4.316029,,,,
"Bonaire, Saint Eustatius and Saba",BES,2017,0.102592,4.210457,,,,
"Bonaire, Saint Eustatius and Saba",BES,2018,0.098928,3.961874,,,,
"Bonaire, Saint Eustatius and Saba",BES,2019,0.10992,4.298788,,,,
"Bonaire, Saint Eustatius and Saba",BES,2020,0.09385,3.588496,,,,
"Bonaire, Saint Eustatius and Saba",BES,2021,0.103389,3.871365,,,,
Burkina Faso,BFA,1990,0.582576,0.063799,,,-0.6,-22.671375
Burkina Faso,BFA,1991,0.626544,0.066902,,,9.1,-22.671375
Burkina Faso,BFA,1992,0.630208,0.065657,,,0.2,-22.671375
Burkina Faso,BFA,1993,0.626544,0.063673,,,3.5,-22.671375
Burkina Faso,BFA,1994,0.644864,0.063903,,,1.3,-22.671375
Burkina Faso,BFA,1995,0.62411,0.060282,,,5.7,-22.671375
Burkina Faso,BFA,1996,0.7047,0.066348,,,11.0,-22.671375
Burkina Faso,BFA,1997,0.804007,0.07378,,,6.3,-22.671375
Burkina Faso,BFA,1998,0.858942,0.076684,,,7.3,-22.671375
Burkina Faso,BFA,1999,0.915606,0.079386,,,7.3,-22.671375
Burkina Faso,BFA,2000,1.02971,0.086655,31.25,0.1,1.9,-22.671375
Burkina Faso,BFA,2001,0.991095,0.080907,15.625,0.05,6.6,-22.671375
Burkina Faso,BFA,2002,1.001313,0.079266,16.666666,0.06,4.4,-22.671375
Burkina Faso,BFA,2003,1.074545,0.082463,22.222223,0.1,7.8,-22.671375
Burkina Faso,BFA,2004,1.100145,0.08182,21.276596,0.1,4.5,-22.671375
Burkina Faso,BFA,2005,1.12208,0.080864,20.408163,0.1,8.7,-22.671375
Burkina Faso,BFA,2006,1.356465,0.09475,15.384616,0.08,6.3,-22.671375
Burkina Faso,BFA,2007,1.590799,0.107799,18.965517,0.11,4.1,-22.671375
Burkina Faso,BFA,2008,1.733545,0.114065,22.413794,0.13,5.8,-22.671375
Burkina Faso,BFA,2009,1.828977,0.116867,19.696968,0.13,3.0,-22.671375
Burkina Faso,BFA,2010,2.036372,0.126351,20.3125,0.13,8.4,-22.671375
Burkina Faso,BFA,2011,2.130933,0.128349,13.043478,0.09,6.6,-22.671375
Burkina Faso,BFA,2012,2.618914,0.15303,12.643678,0.11,6.5,-22.671375
Burkina Faso,BFA,2013,2.86384,0.162382,12.121212,0.12,5.8,-22.671375
Burkina Faso,BFA,2014,2.911488,0.160237,8.928572,0.09999999999999999,4.3,-22.671375
Burkina Faso,BFA,2015,3.714985,0.198471,6.993007,0.09999999999999999,3.9,-22.671375
Burkina Faso,BFA,2016,3.903988,0.202536,10.322581,0.16,6.0,-22.671375
Burkina Faso,BFA,2017,4.519039,0.227822,9.756098,0.16,6.2,-22.671375
Burkina Faso,BFA,2018,4.94786,0.242629,13.939394,0.23,6.6,-22.671375
Burkina Faso,BFA,2019,5.29633,0.252788,12.209302,0.21000000000000002,5.7,-22.671375
Burkina Faso,BFA,2020,5.388991,0.250387,12.804878,0.21000000000000002,1.9,-22.671375
Burkina Faso,BFA,2021,5.698262,0.257832,13.142858,0.22999999999999998,6.9,-22.671375
Bangladesh,BGD,1990,14.081596,0.131422,11.433006,0.884,5.9,-0.0017498475
Bangladesh,BGD,1991,14.741983,0.134947,10.133011,0.838,3.3,-0.0017498475
Bangladesh,BGD,1992,15.379904,0.138219,8.949854,0.796,5.0,-0.0017498475
Bangladesh,BGD,1993,16.062897,0.141625,6.604388,0.608,4.6,-0.0017498475
Bangladesh,BGD,1994,17.538015,0.151693,8.65699,0.847,4.1,-0.0017498475
Bangladesh,BGD,1995,21.041714,0.178632,3.442532,0.372,4.9,-0.0017498475
Bangladesh,BGD,1996,21.492816,0.179291,6.4406486,0.739,4.6,-0.0017498475
Bangladesh,BGD,1997,23.125868,0.189495,6.0634174,0.719,4.5,-0.0017498475
Bangladesh,BGD,1998,23.1978,0.186552,6.714796,0.865,5.2,-0.0017498475
Bangladesh,BGD,1999,25.074988,0.197823,5.764706,0.833,4.7,-0.0017498475
Bangladesh,BGD,2000,26.524611,0.205309,6.3214526,0.94,5.3,-0.0017498475
Bangladesh,BGD,2001,31.034909,0.235701,5.9792557,0.98,5.1,-0.0017498475
Bangladesh,BGD,2002,31.981243,0.238417,5.9659085,1.05,3.8,-0.0017498475
Bangladesh,BGD,2003,33.459295,0.245117,6.0247445,1.12,4.7,-0.0017498475
Bangladesh,BGD,2004,35.945411,0.258992,5.2020636,1.21,5.2,-0.0017498475
Bangladesh,BGD,2005,37.676581,0.267376,5.033425,1.28,6.5,-0.0017498475
Bangladesh,BGD,2006,41.689168,0.292291,4.7521367,1.39,6.7,-0.0017498475
Bangladesh,BGD,2007,42.642128,0.295847,2.6018488,0.76,7.1,-0.0017498475
Bangladesh,BGD,2008,45.300872,0.311515,2.970297,0.96,6.0,-0.0017498475
Bangladesh,BGD,2009,49.148072,0.335009,1.3401768,0.47,5.0,-0.0017498475
Bangladesh,BGD,2010,53.991553,0.363846,2.182385,0.8400000000000001,5.6,-0.0017498475
Bangladesh,BGD,2011,56.556344,0.376513,2.3763802,0.99,6.5,-0.0017498475
Bangladesh,BGD,2012,60.707808,0.399155,2.0292385,0.9299999999999999,6.5,-0.0017498475
Bangladesh,BGD,2013,61.79898,0.401214,2.1791284,1.0899999999999999,6.0,-0.0017498475
Bangladesh,BGD,2014,66.009,0.42324,1.5405097,0.81,6.1,-0.0017498475
Bangladesh,BGD,2015,73.157558,0.463521,1.4928058,0.8300000000000001,6.6,-0.0017498475
Bangladesh,BGD,2016,76.193544,0.476852,1.9586676,1.27,7.1,-0.0017498475
Bangladesh,BGD,2017,80.731155,0.498975,1.9155419,1.32,6.6,-0.0017498475
Bangladesh,BGD,2018,82.493721,0.503982,1.8926592,1.4000000000000001,7.3,-0.0017498475
Bangladesh,BGD,2019,91.657423,0.553767,1.4337819,1.1400000000000001,7.9,-0.0017498475
Bangladesh,BGD,2020,90.8253,0.542497,1.7298295,1.31,3.4,-0.0017498475
Bangladesh,BGD,2021,93.175944,0.550177,1.7252079,1.39,6.9,-0.0017498475
Bulgaria,BGR,1990,76.699197,8.747849,3.8902147,1.63,-9.1,60.509453
Bulgaria,BGR,1991,61.516959,7.053354,5.5787663,2.27,-10.8,60.509453
Bulgaria,BGR,1992,57.366293,6.617757,5.361174,1.9,-8.4,60.509453
Bulgaria,BGR,1993,58.426648,6.784696,4.730444,1.79,-11.6,60.509453
Bulgaria,BGR,1994,56.40459,6.598212,3.4228542,1.3,-3.7,60.509453
Bulgaria,BGR,1995,57.951033,6.8358,5.210084,2.17,-1.6,60.509453
Bulgaria,BGR,1996,58.501566,6.963331,6.7713213,2.89,5.2,60.509453
Bulgaria,BGR,1997,55.855871,6.71428,6.3864756,2.72,-14.1,60.509453
Bulgaria,BGR,1998,53.174794,6.457227,7.4065137,3.07,3.8,60.509453
Bulgaria,BGR,1999,46.3789,5.682086,7.187994,2.73,-8.4,60.509453
Bulgaria,BGR,2000,45.464332,5.614481,6.477833,2.63,4.6,60.509453
Bulgaria,BGR,2001,48.980165,6.095957,3.7974682,1.65,3.8,60.509453
Bulgaria,BGR,2002,46.155491,5.78766,5.0368257,2.12,5.9,60.509453
Bulgaria,BGR,2003,50.532395,6.382175,7.070229,2.99,5.2,60.509453
Bulgaria,BGR,2004,49.583352,6.304051,7.584541,3.14,6.5,60.509453
Bulgaria,BGR,2005,50.654402,6.481506,9.7883005,4.3,7.1,60.509453
Bulgaria,BGR,2006,51.891855,6.681897,9.300792,4.2299999999999995,6.8,60.509453
Bulgaria,BGR,2007,55.737583,7.220797,6.7132864,2.88,6.7,60.509453
Bulgaria,BGR,2008,54.076123,7.045829,6.5754037,2.93,6.1,60.509453
Bulgaria,BGR,2009,45.812407,6.000523,8.693598,3.6799999999999997,-3.3,60.509453
Bulgaria,BGR,2010,47.858926,6.303636,12.527185,5.76,1.5,60.509453
Bulgaria,BGR,2011,53.174763,7.04943,7.7877874,3.89,2.1,60.509453
Bulgaria,BGR,2012,48.338905,6.45522,11.295181,5.250000000000001,0.8,60.509453
Bulgaria,BGR,2013,42.678602,5.74319,16.054832,6.91,-0.6,60.509453
Bulgaria,BGR,2014,45.266301,6.140184,15.750214,7.39,1.0,60.509453
Bulgaria,BGR,2015,48.260534,6.602663,17.967146,8.75,3.4,60.509453
Bulgaria,BGR,2016,45.48431,6.277183,15.798923,7.039999999999999,3.0,60.509453
Bulgaria,BGR,2017,47.569757,6.623075,13.643445,6.130000000000001,2.8,60.509453
Bulgaria,BGR,2018,43.616065,6.128063,20.154705,9.38,2.7,60.509453
Bulgaria,BGR,2019,42.255765,5.991574,17.100456,7.49,4.0,60.509453
Bulgaria,BGR,2020,36.967113,5.296774,18.57285,7.47,-4.0,60.509453
Bulgaria,BGR,2021,42.56021,6.180805,21.79704,10.309999999999999,7.6,60.509453
Bahrain,BHR,1990,12.405777,23.976315,,,3.5,
Bahrain,BHR,1991,11.856551,22.144599,,,2.3,
Bahrain,BHR,1992,10.873574,19.610753,,,7.1,
Bahrain,BHR,1993,14.608586,25.461367,,,7.6,
Bahrain,BHR,1994,14.754455,24.870384,,,3.2,
Bahrain,BHR,1995,14.786477,24.124093,,,1.9,
Bahrain,BHR,1996,15.589977,24.638212,,,3.2,
Bahrain,BHR,1997,17.288859,26.49053,,,2.3,
Bahrain,BHR,1998,18.366355,27.311216,,,4.8,
Bahrain,BHR,1999,17.988735,25.990287,,,6.0,
Bahrain,BHR,2000,18.794084,26.416889,0.0,0.0,7.0,
Bahrain,BHR,2001,14.077837,19.277921,0.0,0.0,2.5,
Bahrain,BHR,2002,15.868013,21.204737,0.0,0.0,3.3,
Bahrain,BHR,2003,16.769491,21.547525,0.0,0.0,6.3,
Bahrain,BHR,2004,17.883505,21.457176,0.0,0.0,7.0,
Bahrain,BHR,2005,19.804053,21.957636,0.0,0.0,6.8,
Bahrain,BHR,2006,19.42115,20.001575,0.0,0.0,6.5,
Bahrain,BHR,2007,26.771124,25.728305,0.0,0.0,8.3,
Bahrain,BHR,2008,29.681318,26.731666,0.0,0.0,6.2,
Bahrain,BHR,2009,28.098071,23.822968,0.0,0.0,2.5,
Bahrain,BHR,2010,29.075435,23.957117,0.0,0.0,4.3,
Bahrain,BHR,2011,28.467646,23.486665,0.0,0.0,2.0,
Bahrain,BHR,2012,27.118987,22.139051,0.0,0.0,3.7,
Bahrain,BHR,2013,31.157651,24.695505,0.0,0.0,5.4,
Bahrain,BHR,2014,30.899726,23.567176,0.03901678,0.01,4.4,
Bahrain,BHR,2015,32.459648,23.829856,0.03732736,0.01,2.5,
Bahrain,BHR,2016,31.55951,22.388014,0.037299518,0.01,3.6,
Bahrain,BHR,2017,32.835192,22.538732,0.036390103,0.01,4.3,
Bahrain,BHR,2018,32.787139,22.044145,0.03599712,0.01,2.1,
Bahrain,BHR,2019,37.813682,25.307178,0.031806614,0.01,2.2,
Bahrain,BHR,2020,37.60275,25.450788,0.03348962,0.01,-4.6,
Bahrain,BHR,2021,39.016088,26.66372,0.031486146,0.01,2.6,
Bahamas,BHS,1990,2.022528,7.472054,,,1.1,
Bahamas,BHS,1991,1.99688,7.233552,,,-4.2,
Bahamas,BHS,1992,1.86864,6.627017,,,-3.8,
Bahamas,BHS,1993,1.744064,6.052331,,,0.3,
Bahamas,BHS,1994,1.769712,6.01949,,,3.1,
Bahamas,BHS,1995,1.839328,6.140222,,,4.4,
Bahamas,BHS,1996,1.81368,5.947798,,,4.2,
Bahamas,BHS,1997,1.608496,5.185836,,,4.9,
Bahamas,BHS,1998,1.989552,6.308068,,,4.7,
Bahamas,BHS,1999,2.03352,6.349353,,,7.1,
Bahamas,BHS,2000,2.026192,6.234168,0.0,0.0,4.1,
Bahamas,BHS,2001,1.945584,5.902398,0.0,0.0,2.6,
Bahamas,BHS,2002,2.037184,6.099317,0.0,0.0,2.7,
Bahamas,BHS,2003,2.07016,6.115868,0.0,0.0,-1.3,
Bahamas,BHS,2004,2.048176,5.96981,0.0,0.0,0.9,
Bahamas,BHS,2005,1.90528,5.478028,0.0,0.0,3.4,
Bahamas,BHS,2006,1.853984,5.257083,0.0,0.0,2.5,
Bahamas,BHS,2007,1.872304,5.234783,0.0,0.0,1.4,
Bahamas,BHS,2008,1.916272,5.281969,0.0,0.0,-2.3,
Bahamas,BHS,2009,1.949248,5.296049,0.0,0.0,-4.2,
Bahamas,BHS,2010,1.901616,5.094451,0.0,0.0,1.5,
Bahamas,BHS,2011,2.114128,5.593671,0.0,0.0,0.6,
Bahamas,BHS,2012,2.311984,6.051348,0.0,0.0,3.5,
Bahamas,BHS,2013,2.704032,7.011622,0.0,0.0,-2.9,
Bahamas,BHS,2014,2.429232,6.24271,0.0,0.0,1.8,
Bahamas,BHS,2015,2.136112,5.439593,0.0,0.0,1.0,
Bahamas,BHS,2016,1.97856,4.996666,0.0,0.0,-0.8,
Bahamas,BHS,2017,2.095808,5.252388,0.0,0.0,2.5,
Bahamas,BHS,2018,2.700368,6.718904,0.0,0.0,2.9,
Bahamas,BHS,2019,2.535488,6.26732,0.0,0.0,-0.7,
Bahamas,BHS,2020,2.166673,5.33045,0.0,0.0,-23.5,
Bahamas,BHS,2021,2.386463,5.850522,0.0,0.0,17.0,
Bosnia and Herzegovina,BIH,1990,19.412494,4.319349,,,,
Bosnia and Herzegovina,BIH,1991,13.734281,3.050445,,,,
Bosnia and Herzegovina,BIH,1992,15.028713,3.514888,,,,
Bosnia and Herzegovina,BIH,1993,12.580576,3.190625,,,,
Bosnia and Herzegovina,BIH,1994,3.204952,0.851853,,,,
Bosnia and Herzegovina,BIH,1995,3.402028,0.90708,,,20.7,
Bosnia and Herzegovina,BIH,1996,4.239503,1.084896,,,62.2,
Bosnia and Herzegovina,BIH,1997,8.365765,2.06677,,,22.9,
Bosnia and Herzegovina,BIH,1998,10.550597,2.563899,,,13.8,
Bosnia and Herzegovina,BIH,1999,10.333251,2.488133,,,10.7,
Bosnia and Herzegovina,BIH,2000,13.702201,3.278548,50.149254,5.04,4.4,
Bosnia and Herzegovina,BIH,2001,13.262811,3.161627,50.0,5.13,2.4,
Bosnia and Herzegovina,BIH,2002,14.172601,3.375707,50.144093,5.22,5.1,
Bosnia and Herzegovina,BIH,2003,14.35812,3.431872,41.219963,4.46,3.9,
Bosnia and Herzegovina,BIH,2004,15.462454,3.732314,48.287113,5.92,6.3,
Bosnia and Herzegovina,BIH,2005,16.045984,3.919106,48.88889,5.94,4.2,
Bosnia and Herzegovina,BIH,2006,17.38682,4.284488,45.3125,5.8,5.7,
Bosnia and Herzegovina,BIH,2007,17.474332,4.359998,35.106384,3.96,6.0,
Bosnia and Herzegovina,BIH,2008,19.958649,5.06129,33.99154,4.82,5.6,
Bosnia and Herzegovina,BIH,2009,20.537094,5.296137,41.090427,6.18,-0.8,
Bosnia and Herzegovina,BIH,2010,21.145704,5.548469,48.18182,7.95,0.8,
Bosnia and Herzegovina,BIH,2011,23.761289,6.347953,29.766804,4.34,0.9,
Bosnia and Herzegovina,BIH,2012,22.134174,6.023931,31.026787,4.17,-0.7,
Bosnia and Herzegovina,BIH,2013,21.801049,6.026453,42.720764,7.16,2.4,
Bosnia and Herzegovina,BIH,2014,19.311786,5.407846,38.0,5.89,1.1,
Bosnia and Herzegovina,BIH,2015,18.460491,5.238023,36.740147,5.5,4.3,
Bosnia and Herzegovina,BIH,2016,21.730408,6.242601,33.07828,5.619999999999999,3.2,
Bosnia and Herzegovina,BIH,2017,22.156174,6.440698,24.450193,3.78,3.2,
Bosnia and Herzegovina,BIH,2018,22.075036,6.492411,35.526318,6.479999999999999,3.8,
Bosnia and Herzegovina,BIH,2019,20.810377,6.192254,37.889687,6.319999999999999,2.9,
Bosnia and Herzegovina,BIH,2020,20.932949,6.308132,31.214241,4.909999999999999,-3.0,
Bosnia and Herzegovina,BIH,2021,13.566311,4.147523,41.369392,7.1899999999999995,7.4,
Belarus,BLR,1990,108.345055,10.389298,0.050599605,0.02,-2.3,
Belarus,BLR,1991,104.071656,9.951756,0.0464696,0.018,-1.2,
Belarus,BLR,1992,93.482974,8.923616,0.04521878,0.017,-9.6,
Belarus,BLR,1993,80.561815,7.686841,0.056939077,0.019,-7.6,
Belarus,BLR,1994,67.879399,6.479889,0.060515337,0.019,-11.7,
Belarus,BLR,1995,60.905642,5.821775,0.080263264,0.02,-11.1,
Belarus,BLR,1996,61.734784,5.9153,0.06743088,0.016,2.8,
Belarus,BLR,1997,61.588415,5.921437,0.08059254,0.021,11.4,
Belarus,BLR,1998,60.073447,5.800014,0.119189516,0.028,8.4,
Belarus,BLR,1999,57.965507,5.623197,0.07165485,0.019,3.4,
Belarus,BLR,2000,54.905983,5.353295,0.12224939,0.03,5.8,
Belarus,BLR,2001,54.002981,5.293782,0.12733448,0.03,4.7,
Belarus,BLR,2002,53.844143,5.31249,0.120627254,0.03,5.0,
Belarus,BLR,2003,55.087987,5.472745,0.11985617,0.03,7.0,
Belarus,BLR,2004,58.253531,5.825521,0.10224949,0.03,11.4,
Belarus,BLR,2005,59.310285,5.969735,0.13740982,0.04,9.5,
Belarus,BLR,2006,61.743587,6.252705,0.20100503,0.06,10.0,
Belarus,BLR,2007,60.218141,6.128458,0.23427042,0.07,8.6,
Belarus,BLR,2008,62.836408,6.419853,0.3342449,0.11000000000000001,10.2,
Belarus,BLR,2009,60.577745,6.208194,0.3511236,0.1,0.2,
Belarus,BLR,2010,62.44512,6.416851,0.36585367,0.12000000000000001,7.8,
Belarus,BLR,2011,61.307589,6.315825,0.3966942,0.12,5.3,
Belarus,BLR,2012,62.545264,6.452123,0.51849294,0.15000000000000002,1.6,
Belarus,BLR,2013,64.125556,6.616928,0.97939885,0.29000000000000004,1.0,
Belarus,BLR,2014,63.648873,6.565978,0.8274594,0.27,1.7,
Belarus,BLR,2015,58.798911,6.061363,0.8744534,0.28,-3.8,
Belarus,BLR,2016,58.134483,5.988239,1.2674271,0.4,-2.5,
Belarus,BLR,2017,59.262285,6.104557,2.2804313,0.74,2.5,
Belarus,BLR,2018,62.094328,6.404399,2.2088902,0.81,3.1,
Belarus,BLR,2019,62.039493,6.413033,2.4681528,0.9299999999999999,1.4,
Belarus,BLR,2020,58.592041,6.081962,3.5349352,1.28,-0.7,
Belarus,BLR,2021,59.602457,6.222741,2.9860954,1.31,2.3,
Belize,BLZ,1990,0.31144,1.705689,,,11.2,
Belize,BLZ,1991,0.406704,2.181163,,,11.5,
Belize,BLZ,1992,0.355408,1.867629,,,12.0,
Belize,BLZ,1993,0.377392,1.943546,,,6.3,
Belize,BLZ,1994,0.373728,1.883558,,,0.2,
Belize,BLZ,1995,0.377392,1.853996,,,0.6,
Belize,BLZ,1996,0.307776,1.466717,,,1.1,
Belize,BLZ,1997,0.388384,1.788824,,,3.6,
Belize,BLZ,1998,0.370064,1.645409,,,3.9,
Belize,BLZ,1999,0.34808,1.495619,,,9.0,
Belize,BLZ,2000,0.395712,1.646015,58.82353,0.09999999999999999,13.0,
Belize,BLZ,2001,0.447008,1.801725,66.666664,0.09999999999999999,5.0,
Belize,BLZ,2002,0.432352,1.688961,66.666664,0.09999999999999999,5.1,
Belize,BLZ,2003,0.432352,1.637709,41.17647,0.06999999999999999,9.3,
Belize,BLZ,2004,0.392048,1.440675,43.75,0.06999999999999999,4.6,
Belize,BLZ,2005,0.42136,1.502844,47.058823,0.08,2.4,
Belize,BLZ,2006,0.443344,1.535502,82.608696,0.19,4.4,
Belize,BLZ,2007,0.47632,1.602837,79.16667,0.19,3.3,
Belize,BLZ,2008,0.436016,1.426423,90.90909,0.2,-1.5,
Belize,BLZ,2009,0.516624,1.644404,80.76923,0.21,-0.4,
Belize,BLZ,2010,0.538608,1.672145,65.30612,0.32,1.3,
Belize,BLZ,2011,0.553264,1.678908,69.76745,0.3,-0.1,
Belize,BLZ,2012,0.450672,1.337072,59.574467,0.28,3.9,
Belize,BLZ,2013,0.43968,1.275588,68.88889,0.31,4.5,
Belize,BLZ,2014,0.468992,1.331097,64.70589,0.33,4.1,
Belize,BLZ,2015,0.6412,1.78175,59.25926,0.32,3.4,
Belize,BLZ,2016,0.62288,1.695774,67.92453,0.36,0.1,
Belize,BLZ,2017,0.615552,1.642817,62.666668,0.47000000000000003,-1.7,
Belize,BLZ,2018,0.60456,1.582344,60.256413,0.47,1.1,
Belize,BLZ,2019,0.707152,1.817428,55.172413,0.48,4.5,
Belize,BLZ,2020,0.614674,1.556447,41.935482,0.26,-13.4,
Belize,BLZ,2021,0.689321,1.72317,40.625,0.26,15.2,
Bermuda,BMU,1990,0.501968,8.734435,,,,
Bermuda,BMU,1991,0.538608,9.306563,,,,
Bermuda,BMU,1992,0.461664,7.915778,,,,
Bermuda,BMU,1993,0.538608,9.169513,,,,
Bermuda,BMU,1994,0.53128,8.987836,,,,
Bermuda,BMU,1995,0.53128,8.934331,,,,
Bermuda,BMU,1996,0.527616,8.817112,,,,
Bermuda,BMU,1997,0.523952,8.69962,,,,
Bermuda,BMU,1998,0.520288,8.585186,,,,
Bermuda,BMU,1999,0.51296,8.4118,,,,
Bermuda,BMU,2000,0.516624,8.418048,,,,
Bermuda,BMU,2001,0.527616,8.54259,,,,
Bermuda,BMU,2002,0.556928,8.962616,,,,
Bermuda,BMU,2003,0.560592,8.974067,,,,
Bermuda,BMU,2004,0.582576,9.285559,,,,
Bermuda,BMU,2005,0.582576,9.25326,,,,
Bermuda,BMU,2006,0.652192,10.338961,,,,
Bermuda,BMU,2007,0.729136,11.545,,,,
Bermuda,BMU,2008,0.648528,10.25211,,,,
Bermuda,BMU,2009,0.47632,7.518507,,,,
Bermuda,BMU,2010,0.608224,9.586332,,,,
Bermuda,BMU,2011,0.443344,6.978169,,,,
Bermuda,BMU,2012,0.3664,5.764632,,,,
Bermuda,BMU,2013,0.534944,8.423519,,,,
Bermuda,BMU,2014,0.670512,10.583411,,,,
Bermuda,BMU,2015,0.538608,8.529837,,,,
Bermuda,BMU,2016,0.619216,9.818228,,,,
Bermuda,BMU,2017,0.630208,9.959826,,,,
Bermuda,BMU,2018,0.703488,11.066178,,,,
Bermuda,BMU,2019,0.582576,9.129568,,,,
Bermuda,BMU,2020,0.497405,7.768184,,,,
Bermuda,BMU,2021,0.54796,8.537196,,,,
Bolivia,BOL,1990,10.006868,1.410174,,,4.6,
Bolivia,BOL,1991,10.495215,1.448637,,,5.3,
Bolivia,BOL,1992,11.014244,1.489535,,,1.6,
Bolivia,BOL,1993,11.550309,1.53096,,,4.3,
Bolivia,BOL,1994,12.584115,1.635634,,,4.7,
Bolivia,BOL,1995,12.427305,1.584818,,,4.7,
Bolivia,BOL,1996,12.614022,1.578851,,,4.4,
Bolivia,BOL,1997,10.829632,1.330811,,,5.0,
Bolivia,BOL,1998,10.92637,1.318507,,,5.0,
Bolivia,BOL,1999,10.483397,1.242248,,,0.4,
Bolivia,BOL,2000,8.468518,0.985553,55.43766,2.09,2.5,
Bolivia,BOL,2001,8.171191,0.934269,58.290157,2.25,1.7,
Bolivia,BOL,2002,8.277643,0.930011,57.53086,2.33,2.5,
Bolivia,BOL,2003,9.951619,1.098731,51.19618,2.14,2.7,
Bolivia,BOL,2004,10.020457,1.087256,59.725403,2.61,4.2,
Bolivia,BOL,2005,11.164986,1.190629,53.94456,2.53,4.4,
Bolivia,BOL,2006,11.562565,1.211671,54.42043,2.77,4.8,
Bolivia,BOL,2007,12.695516,1.307313,59.782608,3.3,4.6,
Bolivia,BOL,2008,13.583,1.374715,59.285717,3.3200000000000003,6.1,
Bolivia,BOL,2009,14.258376,1.418558,57.627117,3.4,3.4,
Bolivia,BOL,2010,15.499395,1.51609,54.192547,3.49,4.1,
Bolivia,BOL,2011,17.076549,1.642569,54.294033,3.7299999999999995,5.2,
Bolivia,BOL,2012,17.765915,1.680835,43.85246,3.21,5.1,
Bolivia,BOL,2013,18.989127,1.767524,43.586388,3.3299999999999996,6.8,
Bolivia,BOL,2014,20.675652,1.893897,42.156864,3.4399999999999995,5.5,
Bolivia,BOL,2015,21.242199,1.915423,43.50348,3.75,4.9,
Bolivia,BOL,2016,22.682924,2.01393,37.471786,3.3200000000000003,4.3,
Bolivia,BOL,2017,23.479307,2.053189,41.439476,3.8,4.2,
Bolivia,BOL,2018,23.798963,2.050414,46.60297,4.39,4.2,
Bolivia,BOL,2019,23.239274,1.973223,40.080162,4.0,2.2,
Bolivia,BOL,2020,21.067598,1.765023,39.713406,3.88,-8.7,
Bolivia,BOL,2021,23.321669,1.930686,41.737488,4.42,6.1,
Brazil,BRA,1990,218.658,1.450887,94.50092,210.5670624,-4.2,0.43982789
Brazil,BRA,1991,229.394,1.496017,94.6263,221.78161260000002,1.0,0.43982789
Brazil,BRA,1992,233.601,1.498395,94.4203,228.272361,-0.5,0.43982789
Brazil,BRA,1993,244.306,1.541938,95.256325,240.0489373,4.7,0.43982789
Brazil,BRA,1994,254.002,1.577844,95.40556,248.09322360000002,5.3,0.43982789
Brazil,BRA,1995,268.678,1.643136,94.15726,259.4987405,4.4,0.43982789
Brazil,BRA,1996,289.311,1.742448,93.56115,272.52371,2.2,0.43982789
Brazil,BRA,1997,306.949,1.821151,92.97818,286.35495099999997,3.4,0.43982789
Brazil,BRA,1998,317.359,1.855469,92.92323,298.97923299999997,0.3,0.43982789
Brazil,BRA,1999,327.256,1.886351,90.03717,301.37800200000004,0.5,0.43982789
Brazil,BRA,2000,340.183,1.934246,90.13077,308.77000000000004,4.4,0.43982789
Brazil,BRA,2001,346.166,1.942441,84.69536,273.71000000000004,1.4,0.43982789
Brazil,BRA,2002,347.765,1.926925,86.08834,292.95000000000005,3.1,0.43982789
Brazil,BRA,2003,344.645,1.887129,87.456116,313.88,1.1,0.43982789
Brazil,BRA,2004,361.434,1.956637,86.426,329.42999999999995,5.8,0.43982789
Brazil,BRA,2005,364.371,1.950622,87.678154,346.96,3.2,0.43982789
Brazil,BRA,2006,368.871,1.953552,87.28425,359.55,4.0,0.43982789
Brazil,BRA,2007,390.573,2.047249,88.725204,387.88,6.1,0.43982789
Brazil,BRA,2008,412.638,2.141657,84.80723,385.61,5.1,0.43982789
Brazil,BRA,2009,389.775,2.003804,89.41723,410.13,-0.1,0.43982789
Brazil,BRA,2010,440.269,2.242226,85.35769,435.99,7.5,0.43982789
Brazil,BRA,2011,462.58,2.334078,87.66188,462.32,4.0,0.43982789
Brazil,BRA,2012,498.309,2.491823,83.11646,454.78,1.9,0.43982789
Brazil,BRA,2013,532.418,2.639368,77.524,436.84,3.0,0.43982789
Brazil,BRA,2014,557.901,2.742072,74.04187,430.81999999999994,0.5,0.43982789
Brazil,BRA,2015,529.353,2.579841,75.02318,428.81000000000006,-3.5,0.43982789
Brazil,BRA,2016,492.748,2.382041,81.0938,463.37,-3.3,0.43982789
Brazil,BRA,2017,497.412678,2.385616,79.90915,464.40000000000003,1.3,0.43982789
Brazil,BRA,2018,477.10213,2.270114,82.919846,492.66,1.8,0.43982789
Brazil,BRA,2019,475.104581,2.243357,82.85489,512.5899999999999,1.2,0.43982789
Brazil,BRA,2020,442.306003,2.074642,84.641174,520.01,-3.3,0.43982789
Brazil,BRA,2021,488.88107,2.281014,76.7711,508.67,5.0,0.43982789
Barbados,BRB,1990,1.070082,4.133696,,,-3.3,
Barbados,BRB,1991,1.201999,4.63373,,,-3.9,
Barbados,BRB,1992,0.973443,3.74096,,,-5.7,
Barbados,BRB,1993,1.100542,4.216717,,,0.8,
Barbados,BRB,1994,0.738502,2.821812,,,2.0,
Barbados,BRB,1995,0.806635,3.075205,,,2.0,
Barbados,BRB,1996,0.822512,3.129887,,,4.0,
Barbados,BRB,1997,0.888236,3.37445,,,4.7,
Barbados,BRB,1998,1.099459,4.170274,,,3.7,
Barbados,BRB,1999,1.162451,4.400391,,,0.3,
Barbados,BRB,2000,1.151592,4.351262,0.0,0.0,4.5,
Barbados,BRB,2001,1.186226,4.469965,0.0,0.0,-2.4,
Barbados,BRB,2002,1.199568,4.501953,0.0,0.0,0.8,
Barbados,BRB,2003,1.245266,4.655216,0.0,0.0,2.2,
Barbados,BRB,2004,1.26952,4.728106,0.0,0.0,1.4,
Barbados,BRB,2005,1.319152,4.89523,0.0,0.0,4.0,
Barbados,BRB,2006,1.3428,4.965517,0.0,0.0,5.7,
Barbados,BRB,2007,1.362784,5.020498,0.0,0.0,2.2,
Barbados,BRB,2008,1.612264,5.913635,0.0,0.0,0.7,
Barbados,BRB,2009,1.597148,5.833459,0.0,0.0,-5.1,
Barbados,BRB,2010,1.464008,5.329266,0.0,0.0,-2.3,
Barbados,BRB,2011,1.516527,5.504914,0.0,0.0,-0.7,
Barbados,BRB,2012,1.459119,5.282892,0.0,0.0,-0.4,
Barbados,BRB,2013,1.43724,5.191121,0.0,0.0,-1.4,
Barbados,BRB,2014,1.301672,4.690827,1.0309278,0.01,-0.1,
Barbados,BRB,2015,1.305336,4.694051,1.0204082,0.01,2.4,
Barbados,BRB,2016,1.323656,4.750262,2.0,0.02,2.5,
Barbados,BRB,2017,1.206408,4.321146,2.970297,0.03,0.5,
Barbados,BRB,2018,1.286847,4.601008,3.0,0.03,-0.6,
Barbados,BRB,2019,1.177096,4.201212,3.9215686,0.04,-0.5,
Barbados,BRB,2020,1.021586,3.639515,7.0,0.07,-13.3,
Barbados,BRB,2021,1.125301,4.001781,7.476635,0.08,-0.2,
Brunei Darussalam,BRN,1990,6.188496,23.626707,,,1.1,
Brunei Darussalam,BRN,1991,5.305472,19.66009,,,3.1,
Brunei Darussalam,BRN,1992,5.210208,18.781209,,,4.8,
Brunei Darussalam,BRN,1993,4.96472,17.43763,,,0.3,
Brunei Darussalam,BRN,1994,4.68992,16.064946,,,3.1,
Brunei Darussalam,BRN,1995,4.785184,15.99877,,,4.5,
Brunei Darussalam,BRN,1996,4.741304,15.48454,,,2.9,
Brunei Darussalam,BRN,1997,4.931744,15.745555,,,-1.5,
Brunei Darussalam,BRN,1998,5.158912,16.113946,,,-0.6,
Brunei Darussalam,BRN,1999,3.803232,11.629079,,,3.1,
Brunei Darussalam,BRN,2000,4.590992,13.748531,0.0,0.0,2.9,
Brunei Darussalam,BRN,2001,4.389472,12.881872,0.0,0.0,2.7,
Brunei Darussalam,BRN,2002,4.253904,12.242754,0.0,0.0,3.9,
Brunei Darussalam,BRN,2003,4.470165,12.62598,0.0,0.0,2.9,
Brunei Darussalam,BRN,2004,4.87312,13.519132,0.0,0.0,0.5,
Brunei Darussalam,BRN,2005,4.869456,13.278512,0.0,0.0,0.4,
Brunei Darussalam,BRN,2006,4.737552,12.707753,0.0,0.0,4.4,
Brunei Darussalam,BRN,2007,8.309952,21.940583,0.0,0.0,0.2,
Brunei Darussalam,BRN,2008,8.991456,23.380666,0.0,0.0,-1.9,
Brunei Darussalam,BRN,2009,7.745739,19.845044,0.0,0.0,-1.8,
Brunei Darussalam,BRN,2010,8.0608,20.352832,0.0,0.0,2.6,
Brunei Darussalam,BRN,2011,9.54472,23.772297,0.0,0.0,3.7,
Brunei Darussalam,BRN,2012,9.499821,23.362092,0.0,0.0,0.9,
Brunei Darussalam,BRN,2013,7.626062,18.523258,0.0,0.0,-2.1,
Brunei Darussalam,BRN,2014,8.830987,21.194912,0.0,0.0,-2.5,
Brunei Darussalam,BRN,2015,6.933294,16.451554,0.0,0.0,-0.4,
Brunei Darussalam,BRN,2016,7.632904,17.917867,0.0,0.0,-2.5,
Brunei Darussalam,BRN,2017,9.309383,21.635841,0.0,0.0,1.3,
Brunei Darussalam,BRN,2018,9.344423,21.517344,0.0,0.0,0.1,
Brunei Darussalam,BRN,2019,10.487509,23.941461,0.0,0.0,3.9,
Brunei Darussalam,BRN,2020,10.553166,23.890806,0.0,0.0,1.1,
Brunei Darussalam,BRN,2021,10.480519,23.532003,0.0,0.0,-1.6,
Bhutan,BTN,1990,0.12824,0.229639,,,9.1,
Bhutan,BTN,1991,0.175451,0.30905,,,4.9,
Bhutan,BTN,1992,0.204711,0.374967,,,2.1,
Bhutan,BTN,1993,0.172098,0.330425,,,3.2,
Bhutan,BTN,1994,0.201584,0.386724,,,2.2,
Bhutan,BTN,1995,0.236263,0.447862,,,6.0,
Bhutan,BTN,1996,0.283672,0.527768,,,6.0,
Bhutan,BTN,1997,0.375423,0.686501,,,5.5,
Bhutan,BTN,1998,0.368354,0.661148,,,6.0,
Bhutan,BTN,1999,0.371951,0.651413,,,7.1,
Bhutan,BTN,2000,0.382875,0.652028,100.0,1.79,6.9,
Bhutan,BTN,2001,0.369013,0.611725,100.0,1.92,7.0,
Bhutan,BTN,2002,0.401008,0.647782,100.0,2.18,9.5,
Bhutan,BTN,2003,0.360428,0.567937,100.0,2.5,9.3,
Bhutan,BTN,2004,0.290832,0.44744,100.0,2.33,6.9,
Bhutan,BTN,2005,0.378475,0.570573,100.00001,2.62,6.7,
Bhutan,BTN,2006,0.374387,0.556081,100.0,4.47,7.1,
Bhutan,BTN,2007,0.373389,0.547801,100.0,6.49,12.9,
Bhutan,BTN,2008,0.401482,0.58208,100.0,6.89,11.0,
Bhutan,BTN,2009,0.369152,0.529115,100.0,6.93,5.8,
Bhutan,BTN,2010,0.464723,0.658699,100.0,7.26,9.5,
Bhutan,BTN,2011,0.66743,0.935652,100.0,6.97,9.9,
Bhutan,BTN,2012,0.772722,1.071521,100.0,6.74,6.5,
Bhutan,BTN,2013,0.85278,1.169973,100.0,7.53,3.6,
Bhutan,BTN,2014,0.948481,1.288072,100.0,7.15,4.0,
Bhutan,BTN,2015,0.965039,1.298363,100.0,7.73,6.2,
Bhutan,BTN,2016,1.152628,1.537328,100.0,7.88,7.4,
Bhutan,BTN,2017,1.239223,1.638922,100.0,7.65,6.3,
Bhutan,BTN,2018,1.349379,1.770616,100.0,6.89,3.8,
Bhutan,BTN,2019,1.447063,1.885524,100.0,8.95,4.4,
Bhutan,BTN,2020,1.499693,1.941335,100.0,8.95,-2.3,
Bhutan,BTN,2021,1.522086,1.957702,100.0,9.0,-3.3,
Botswana,BWA,1990,2.700368,2.012986,,,8.8,
Botswana,BWA,1991,2.634416,1.90819,,,6.2,
Botswana,BWA,1992,2.777312,1.954897,,,-0.2,
Botswana,BWA,1993,3.195008,2.184976,,,4.0,
Botswana,BWA,1994,3.030128,2.015324,,,-0.8,
Botswana,BWA,1995,3.044784,1.972478,,,8.5,
Botswana,BWA,1996,2.755328,1.741488,,,2.5,
Botswana,BWA,1997,2.799296,1.72865,,,7.1,
Botswana,BWA,1998,3.341568,2.018222,,,-1.6,
Botswana,BWA,1999,3.158368,1.867136,,,8.0,
Botswana,BWA,2000,3.777584,2.187387,0.0,0.0,4.3,
Botswana,BWA,2001,3.8472,2.183515,0.0,0.0,2.3,
Botswana,BWA,2002,3.97544,2.214569,0.0,0.0,7.4,
Botswana,BWA,2003,3.825216,2.093871,0.0,0.0,5.4,
Botswana,BWA,2004,3.894832,2.095026,0.0,0.0,1.4,
Botswana,BWA,2005,4.092688,2.162232,0.0,0.0,5.0,
Botswana,BWA,2006,4.132992,2.142886,0.0,0.0,6.0,
Botswana,BWA,2007,4.228256,2.149621,0.0,0.0,5.8,
Botswana,BWA,2008,4.503056,2.243317,0.0,0.0,3.3,
Botswana,BWA,2009,3.855444,1.881625,0.0,0.0,-14.1,
Botswana,BWA,2010,4.537275,2.169218,0.0,0.0,10.1,
Botswana,BWA,2011,4.028802,1.887878,0.0,0.0,6.8,
Botswana,BWA,2012,5.076711,2.333664,0.0,0.0,-0.2,
Botswana,BWA,2013,5.663055,2.554057,0.0,0.0,11.1,
Botswana,BWA,2014,6.850164,3.030542,0.0,0.0,5.7,
Botswana,BWA,2015,5.421209,2.35176,0.0,0.0,-4.9,
Botswana,BWA,2016,6.348201,2.698588,0.0,0.0,7.2,
Botswana,BWA,2017,7.077332,2.946629,0.0,0.0,4.1,
Botswana,BWA,2018,7.504259,3.061203,0.33670032,0.01,4.2,
Botswana,BWA,2019,6.782064,2.713149,0.3267974,0.01,3.0,
Botswana,BWA,2020,6.258589,2.457817,0.48543692,0.01,-8.7,
Botswana,BWA,2021,6.499919,2.51115,0.456621,0.01,11.9,
Central African Republic,CAF,1990,0.1832,0.065214,,,1.4,
Central African Republic,CAF,1991,0.190528,0.065743,,,-0.8,
Central African Republic,CAF,1992,0.194192,0.06491,,,-4.9,
Central African Republic,CAF,1993,0.197856,0.064049,,,-1.2,
Central African Republic,CAF,1994,0.208848,0.065514,,,12.6,
Central African Republic,CAF,1995,0.208848,0.063737,,,3.2,
Central African Republic,CAF,1996,0.212512,0.06318,,,-6.2,
Central African Republic,CAF,1997,0.216176,0.062506,,,4.1,
Central African Republic,CAF,1998,0.21984,0.061839,,,3.3,
Central African Republic,CAF,1999,0.230832,0.063149,,,2.9,
Central African Republic,CAF,2000,0.234496,0.06238,80.0,0.08,-3.6,
Central African Republic,CAF,2001,0.245488,0.06385,80.0,0.08,2.6,
Central African Republic,CAF,2002,0.241824,0.061523,80.0,0.08,2.1,
Central African Republic,CAF,2003,0.223504,0.055504,80.0,0.08,-2.2,
Central African Republic,CAF,2004,0.21984,0.053422,80.0,0.12,-0.1,
Central African Republic,CAF,2005,0.216176,0.051362,81.25,0.13,2.9,
Central African Republic,CAF,2006,0.227168,0.052899,82.35294,0.14,4.8,
Central African Republic,CAF,2007,0.230832,0.052755,87.5,0.14,4.0,
Central African Republic,CAF,2008,0.16488,0.036909,87.5,0.14,2.6,
Central African Republic,CAF,2009,0.161216,0.035319,87.5,0.14,2.8,
Central African Republic,CAF,2010,0.168544,0.036168,81.25,0.13,4.6,
Central African Republic,CAF,2011,0.186864,0.039489,83.333336,0.15,4.2,
Central African Republic,CAF,2012,0.190528,0.039915,83.333336,0.15,5.1,
Central African Republic,CAF,2013,0.117248,0.024414,100.0,0.14,-36.4,
Central African Republic,CAF,2014,0.124576,0.02596,100.0,0.17,0.1,
Central African Republic,CAF,2015,0.179536,0.037253,100.0,0.17,4.3,
Central African Republic,CAF,2016,0.197856,0.040344,100.0,0.17,4.7,
Central African Republic,CAF,2017,0.216176,0.043263,100.0,0.15,4.5,
Central African Republic,CAF,2018,0.21984,0.04315,100.0,0.15,3.8,
Central African Republic,CAF,2019,0.227168,0.043608,100.0,0.15,3.0,
Central African Republic,CAF,2020,0.214242,0.040097,100.0,0.15,1.0,
Central African Republic,CAF,2021,0.227296,0.041651,100.0,0.15,1.0,
Canada,CAN,1990,458.218336,16.567775,62.34779,299.639239192,0.2,42.006371
Canada,CAN,1991,449.95972,16.060949,61.39351,311.261919192,-2.1,42.006371
Canada,CAN,1992,463.75864,16.359691,61.643684,319.700702632,0.9,42.006371
Canada,CAN,1993,464.311598,16.196069,61.68843,327.0919526320001,2.7,42.006371
Canada,CAN,1994,478.726314,16.518519,60.328484,333.649652632,4.5,42.006371
Canada,CAN,1995,491.386794,16.776937,61.172176,341.260428105,2.7,42.006371
Canada,CAN,1996,507.510733,17.149197,63.361584,362.188479737,1.6,42.006371
Canada,CAN,1997,521.839964,17.462915,62.360817,356.916797368,4.3,42.006371
Canada,CAN,1998,529.649543,17.570172,60.486572,339.92928926300004,3.9,42.006371
Canada,CAN,1999,544.06378,17.896966,61.290306,354.119212158,5.2,42.006371
Canada,CAN,2000,566.690447,18.469011,61.809593,363.7,5.2,42.006371
Canada,CAN,2001,558.777507,18.023474,59.32876,339.58,1.8,42.006371
Canada,CAN,2002,564.050931,18.00791,61.14774,357.06,3.0,42.006371
Canada,CAN,2003,581.30532,18.384422,60.078968,343.87999999999994,1.8,42.006371
Canada,CAN,2004,579.592044,18.162386,59.69678,347.68,3.1,42.006371
Canada,CAN,2005,574.653628,17.837569,60.82082,368.85999899999996,3.2,42.006371
Canada,CAN,2006,568.450936,17.473665,60.82716,360.48,2.6,42.006371
Canada,CAN,2007,593.515764,18.060601,61.246067,375.42,2.1,42.006371
Canada,CAN,2008,576.558336,17.356522,62.65207,385.21000030000005,1.0,42.006371
Canada,CAN,2009,543.96759,16.192443,63.891922,380.24,-2.9,42.006371
Canada,CAN,2010,556.560518,16.387061,62.942146,366.21,3.1,42.006371
Canada,CAN,2011,567.054133,16.520857,64.09229,391.95,3.1,42.006371
Canada,CAN,2012,568.223147,16.379141,65.09873,398.58,1.8,42.006371
Canada,CAN,2013,572.613311,16.330663,65.43208,417.28000099999997,2.3,42.006371
Canada,CAN,2014,569.839687,16.095071,64.791145,412.13000100000005,2.9,42.006371
Canada,CAN,2015,574.29819,16.072321,65.294624,417.2,0.7,42.006371
Canada,CAN,2016,560.525313,15.521199,66.18906,426.840001,1.0,42.006371
Canada,CAN,2017,571.544619,15.635476,67.53994,435.43,3.0,42.006371
Canada,CAN,2018,584.369116,15.778726,67.36857,428.39,2.8,42.006371
Canada,CAN,2019,584.714184,15.582994,67.174164,421.8,1.9,42.006371
Canada,CAN,2020,534.863824,14.116709,68.77964,429.24,-5.1,42.006371
Canada,CAN,2021,545.634517,14.300468,68.16998,426.71000000000004,5.0,42.006371
Switzerland,CHE,1990,44.159882,6.579544,53.979496,30.236848,3.7,168.77026
Switzerland,CHE,1991,46.133385,6.788921,56.006073,32.518162000000004,-0.9,168.77026
Switzerland,CHE,1992,46.016512,6.695084,55.767498,33.191655,-0.1,168.77026
Switzerland,CHE,1993,43.61187,6.287645,58.932392,36.276193,-0.1,168.77026
Switzerland,CHE,1994,42.676629,6.10404,59.91988,39.627556,1.3,168.77026
Switzerland,CHE,1995,43.419264,6.169001,56.872494,35.751566,0.6,168.77026
Switzerland,CHE,1996,44.107436,6.238948,51.231163,29.36998,0.5,168.77026
Switzerland,CHE,1997,43.047483,6.074149,55.186493,34.713455,2.2,168.77026
Switzerland,CHE,1998,44.622854,6.27764,53.999878,34.175414,2.9,168.77026
Switzerland,CHE,1999,44.445646,6.222965,59.416866,40.770263,1.6,168.77026
Switzerland,CHE,2000,43.622369,6.073797,55.06073,34.0,4.1,168.77026
Switzerland,CHE,2001,45.077498,6.239616,57.69173,38.44,1.6,168.77026
Switzerland,CHE,2002,43.463863,5.973199,53.11631,32.47,-0.1,168.77026
Switzerland,CHE,2003,44.647716,6.090488,52.570396,32.11,-0.1,168.77026
Switzerland,CHE,2004,45.238267,6.128891,52.170998,31.12,2.5,168.77026
Switzerland,CHE,2005,45.778558,6.162611,53.49527,28.85,2.8,168.77026
Switzerland,CHE,2006,45.373349,6.070005,49.128258,28.46,4.2,168.77026
Switzerland,CHE,2007,43.368761,5.750373,52.46536,32.56,3.9,168.77026
Switzerland,CHE,2008,44.710572,5.853481,53.268494,33.410000000000004,2.7,168.77026
Switzerland,CHE,2009,43.538552,5.629205,53.01766,33.03,-2.3,168.77026
Switzerland,CHE,2010,45.045709,5.758528,54.037067,33.53,3.2,168.77026
Switzerland,CHE,2011,40.985233,5.180802,51.18243,30.3,1.9,168.77026
Switzerland,CHE,2012,42.253032,5.284444,56.59966,36.32,1.2,168.77026
Switzerland,CHE,2013,43.187726,5.339486,56.19592,36.370000000000005,1.8,168.77026
Switzerland,CHE,2014,39.233632,4.791724,54.89839,36.2,2.3,168.77026
Switzerland,CHE,2015,38.73182,4.676778,59.098953,36.73,1.6,168.77026
Switzerland,CHE,2016,39.185341,4.680021,58.38261,33.57,2.1,168.77026
Switzerland,CHE,2017,38.178641,4.517281,59.078064,33.449999999999996,1.4,168.77026
Switzerland,CHE,2018,36.873818,4.330742,55.114822,34.32,2.9,168.77026
Switzerland,CHE,2019,36.733064,4.283446,56.601505,37.63999999999999,1.2,168.77026
Switzerland,CHE,2020,34.240967,3.963711,60.519287,40.79,-2.3,168.77026
Switzerland,CHE,2021,34.931692,4.019107,66.05731,40.11,5.4,168.77026
Chile,CHL,1990,32.891315,2.465086,53.834267,9.904428,3.7,36.768517
Chile,CHL,1991,30.949909,2.282114,70.97458,14.168654,7.8,36.768517
Chile,CHL,1992,31.978344,2.320248,82.69866,18.48315,11.2,36.768517
Chile,CHL,1993,33.953348,2.425519,78.987724,18.967321,6.6,36.768517
Chile,CHL,1994,37.516676,2.640035,74.26599,18.771472000000003,5.0,36.768517
Chile,CHL,1995,41.072182,2.848912,72.40424,20.292738,8.9,36.768517
Chile,CHL,1996,47.61114,3.257582,60.44451,18.611468,5.0,36.768517
Chile,CHL,1997,55.433244,3.74314,62.13549,20.686148,7.4,36.768517
Chile,CHL,1998,56.78696,3.78662,48.170887,17.098255,4.2,36.768517
Chile,CHL,1999,60.890176,4.012159,39.149124,15.027,-0.3,36.768517
Chile,CHL,2000,58.09552,3.784281,47.506424,19.855,5.0,36.768517
Chile,CHL,2001,52.558259,3.385618,51.772526,22.713,3.2,36.768517
Chile,CHL,2002,54.470908,3.470857,53.10361,24.281,3.2,36.768517
Chile,CHL,2003,54.86418,3.459474,48.38281,23.535,4.7,36.768517
Chile,CHL,2004,59.026076,3.684992,42.88944,22.901,6.7,36.768517
Chile,CHL,2005,60.926496,3.766635,50.217308,27.21,5.8,36.768517
Chile,CHL,2006,63.949324,3.914967,52.324062,29.461000000000002,6.0,36.768517
Chile,CHL,2007,70.683248,4.284992,39.81779,24.986,5.2,36.768517
Chile,CHL,2008,70.79516,4.249036,42.185562,27.368221300000002,3.8,36.768517
Chile,CHL,2009,65.900503,3.914855,43.340977,27.961682,-1.1,36.768517
Chile,CHL,2010,71.310955,4.193735,36.98936,24.9624773,5.9,36.768517
Chile,CHL,2011,78.064404,4.545612,33.913605,25.354426,6.2,36.768517
Chile,CHL,2012,79.620823,4.591274,31.310825,26.5731734,6.2,36.768517
Chile,CHL,2013,81.736819,4.668028,29.587795,27.066006,3.3,36.768517
Chile,CHL,2014,77.589858,4.386803,36.368835,30.429873,1.8,36.768517
Chile,CHL,2015,81.756505,4.575038,38.16028,32.9461297,2.2,36.768517
Chile,CHL,2016,84.243174,4.658468,33.083424,30.992216,1.8,36.768517
Chile,CHL,2017,84.074592,4.577088,39.504177,36.7093103,1.4,36.768517
Chile,CHL,2018,84.468694,4.516692,42.859005,41.837252,4.0,36.768517
Chile,CHL,2019,91.961935,4.830064,41.64621,41.57655,0.7,36.768517
Chile,CHL,2020,83.8338,4.343649,43.807076,42.551823999999996,-6.1,36.768517
Chile,CHL,2021,85.446923,4.383426,42.706417,42.9337115,11.7,36.768517
China,CHN,1990,2484.85482,2.153806,20.414036,126.81199020199999,3.9,
China,CHN,1991,2606.096182,2.226241,18.413998,124.76404090899999,9.0,
China,CHN,1992,2730.787587,2.306772,17.366556,130.93339312999998,14.3,
China,CHN,1993,2921.650956,2.443147,18.75076,152.17928121999998,13.9,
China,CHN,1994,3100.002045,2.567743,18.137295,168.2778084,13.0,
China,CHN,1995,3357.908888,2.756577,19.286135,194.21716164000003,11.0,
China,CHN,1996,3503.233703,2.852102,17.534836,189.60593939399996,9.9,
China,CHN,1997,3510.169286,2.83581,17.516706,198.9109798,9.2,
China,CHN,1998,3360.455433,2.695186,17.287024,201.73955555999999,7.9,
China,CHN,1999,3552.842067,2.829973,16.105118,199.59073740000002,7.7,
China,CHN,2000,3644.464203,2.883053,16.639128,225.55700000000002,8.5,
China,CHN,2001,3723.730766,2.92576,18.958124,280.734,8.3,
China,CHN,2002,4112.459057,3.210536,17.6185,291.406,9.1,
China,CHN,2003,4827.445998,3.745477,15.036272,287.276,10.0,
China,CHN,2004,5223.754656,4.028136,16.22241,357.428,10.1,
China,CHN,2005,5876.55534,4.503496,16.173119,404.37199999999996,11.4,
China,CHN,2006,6488.803816,4.941642,15.588404,446.72299999999996,12.7,
China,CHN,2007,6978.611952,5.280773,15.258385,500.713,14.2,
China,CHN,2008,7496.832207,5.636008,19.025333,665.076,9.6,
China,CHN,2009,7886.532768,5.889315,17.885717,664.38932,9.4,
China,CHN,2010,8616.652695,6.391268,18.780075,786.38023,10.6,
China,CHN,2011,9528.555734,7.021286,16.890234,792.382,9.6,
China,CHN,2012,9779.281618,7.156126,20.122967,999.563,7.8,
China,CHN,2013,9956.308273,7.235162,20.215248,1093.3729999999998,7.8,
China,CHN,2014,9998.621253,7.218233,22.35022,1289.22822,7.4,
China,CHN,2015,9866.904318,7.079569,24.079271,1393.6602899999998,7.0,
China,CHN,2016,9764.979745,6.965584,25.000778,1522.794766,6.9,
China,CHN,2017,10011.107108,7.098687,25.419243,1667.0589099999997,6.9,
China,CHN,2018,10353.876989,7.306542,25.774794,1835.3152300000002,6.8,
China,CHN,2019,10740.996069,7.554165,26.999567,2014.56523,6.0,
China,CHN,2020,10956.213369,7.68895,28.24646,2184.935,2.2,
China,CHN,2021,11472.369171,8.045741,28.907642,2452.53158,8.4,
Côte d'Ivoire,CIV,1990,4.78152,0.401453,,,-1.1,
Côte d'Ivoire,CIV,1991,4.308864,0.348352,,,0.0,
Côte d'Ivoire,CIV,1992,3.843536,0.29938,,,-0.3,
Côte d'Ivoire,CIV,1993,5.09296,0.382456,,,-0.2,
Côte d'Ivoire,CIV,1994,4.132992,0.299443,,,0.2,
Côte d'Ivoire,CIV,1995,6.115469,0.427663,,,5.6,
Côte d'Ivoire,CIV,1996,7.335328,0.495264,,,8.1,
Côte d'Ivoire,CIV,1997,7.012656,0.457284,,,5.7,
Côte d'Ivoire,CIV,1998,6.584208,0.415172,,,4.9,
Côte d'Ivoire,CIV,1999,5.939512,0.363364,,,1.6,
Côte d'Ivoire,CIV,2000,6.463296,0.384728,38.04348,1.75,-2.1,
Côte d'Ivoire,CIV,2001,7.397616,0.42896,38.03419,1.78,0.1,
Côte d'Ivoire,CIV,2002,6.957936,0.393462,33.794468,1.71,-1.7,
Côte d'Ivoire,CIV,2003,5.133073,0.283338,37.166325,1.81,-1.4,
Côte d'Ivoire,CIV,2004,7.335328,0.395544,33.46228,1.73,1.2,
Côte d'Ivoire,CIV,2005,7.496544,0.395174,26.741997,1.42,1.7,
Côte d'Ivoire,CIV,2006,6.811376,0.351209,28.355389,1.5,1.5,
Côte d'Ivoire,CIV,2007,6.536576,0.329835,33.71212,1.78,1.8,
Côte d'Ivoire,CIV,2008,6.591536,0.325597,34.558823,1.88,2.5,
Côte d'Ivoire,CIV,2009,5.51432,0.266679,37.94964,2.11,3.3,
Côte d'Ivoire,CIV,2010,6.06392,0.287117,28.469751,1.6,2.0,
Côte d'Ivoire,CIV,2011,6.342384,0.294134,30.555553,1.76,-4.9,
Côte d'Ivoire,CIV,2012,8.54001,0.387993,26.73716,1.77,10.9,
Côte d'Ivoire,CIV,2013,9.67977,0.4308,22.052704,1.59,9.3,
Côte d'Ivoire,CIV,2014,9.903224,0.430658,24.168797,1.89,8.8,
Côte d'Ivoire,CIV,2015,9.554741,0.404918,16.42157,1.34,8.8,
Côte d'Ivoire,CIV,2016,11.982756,0.494877,16.89038,1.51,7.2,
Côte d'Ivoire,CIV,2017,12.001913,0.483013,20.238096,2.0399999999999996,7.4,
Côte d'Ivoire,CIV,2018,10.352442,0.406074,30.78534,2.94,4.8,
Côte d'Ivoire,CIV,2019,10.535084,0.402909,34.530937,3.46,6.5,
Côte d'Ivoire,CIV,2020,10.963848,0.408919,31.78808,3.36,1.7,
Côte d'Ivoire,CIV,2021,11.706642,0.426033,30.145721,3.3099999999999996,7.0,
Cameroon,CMR,1990,2.604793,0.227881,,,-6.2,
Cameroon,CMR,1991,2.66844,0.226567,,,-3.8,
Cameroon,CMR,1992,2.712299,0.223628,,,-3.1,
Cameroon,CMR,1993,2.865801,0.229507,,,-3.2,
Cameroon,CMR,1994,2.841138,0.22112,,,-2.5,
Cameroon,CMR,1995,3.203724,0.242492,,,3.3,
Cameroon,CMR,1996,3.593879,0.264736,,,4.9,
Cameroon,CMR,1997,3.157376,0.226478,,,5.3,
Cameroon,CMR,1998,3.136039,0.21908,,,4.9,
Cameroon,CMR,1999,2.996919,0.203886,,,4.1,
Cameroon,CMR,2000,3.345986,0.221712,98.840576,3.41,3.4,
Cameroon,CMR,2001,3.325841,0.214664,98.28571,3.44,3.4,
Cameroon,CMR,2002,3.325343,0.208957,96.62577,3.15,4.8,
Cameroon,CMR,2003,3.698676,0.226159,95.87912,3.49,5.0,
Cameroon,CMR,2004,3.851285,0.229115,95.566505,3.88,6.6,
Cameroon,CMR,2005,3.59129,0.207887,94.43038,3.73,1.2,
Cameroon,CMR,2006,3.752466,0.211391,87.69932,3.85,3.5,
Cameroon,CMR,2007,5.7031,0.312467,75.44554,3.81,4.1,
Cameroon,CMR,2008,5.426016,0.28897,76.459854,4.19,2.9,
Cameroon,CMR,2009,6.59405,0.34132,71.454216,3.98,2.6,
Cameroon,CMR,2010,6.662047,0.335146,73.905426,4.22,2.9,
Cameroon,CMR,2011,6.520543,0.318871,75.91623,4.35,3.5,
Cameroon,CMR,2012,7.603382,0.361503,79.43396,4.21,4.5,
Cameroon,CMR,2013,7.849515,0.362852,70.4065,4.33,5.0,
Cameroon,CMR,2014,8.77151,0.393349,65.06747,4.34,5.8,
Cameroon,CMR,2015,9.85067,0.428055,56.23377,4.33,5.6,
Cameroon,CMR,2016,9.942507,0.419309,62.716763,4.34,4.5,
Cameroon,CMR,2017,9.593567,0.393289,64.54082,5.06,3.5,
Cameroon,CMR,2018,9.633858,0.384175,60.265697,4.989999999999999,4.0,
Cameroon,CMR,2019,9.504862,0.368658,64.19161,5.359999999999999,3.4,
Cameroon,CMR,2020,9.007287,0.340012,65.74186,5.449999999999999,0.5,
Cameroon,CMR,2021,9.297284,0.341829,62.36025,5.02,3.6,
Democratic Republic of the Congo,COD,1990,4.248965,0.118068,,,-6.6,
Democratic Republic of the Congo,COD,1991,3.132604,0.084222,,,-8.4,
Democratic Republic of the Congo,COD,1992,2.808223,0.07326,,,-10.5,
Democratic Republic of the Congo,COD,1993,2.66233,0.067263,,,-13.5,
Democratic Republic of the Congo,COD,1994,1.698214,0.040909,,,-6.1,
Democratic Republic of the Congo,COD,1995,2.103614,0.048598,,,2.8,
Democratic Republic of the Congo,COD,1996,2.311092,0.052384,,,-1.9,
Democratic Republic of the Congo,COD,1997,1.875443,0.041842,,,-7.8,
Democratic Republic of the Congo,COD,1998,1.655511,0.036071,,,-3.9,
Democratic Republic of the Congo,COD,1999,1.31747,0.027896,,,-3.8,
Democratic Republic of the Congo,COD,2000,0.892726,0.018363,100.0,5.94,-8.1,
Democratic Republic of the Congo,COD,2001,0.769774,0.015363,100.0,5.91,-2.1,
Democratic Republic of the Congo,COD,2002,0.850081,0.016455,99.834984,6.05,2.9,
Democratic Republic of the Congo,COD,2003,1.037159,0.019493,99.836334,6.1,6.6,
Democratic Republic of the Congo,COD,2004,1.149429,0.020969,99.85755,7.01,7.7,
Democratic Republic of the Congo,COD,2005,1.445041,0.025553,99.86358,7.32,9.8,
Democratic Republic of the Congo,COD,2006,1.552192,0.026587,99.73226,7.45,5.1,
Democratic Republic of the Congo,COD,2007,1.696531,0.02814,99.6139,7.74,8.5,
Democratic Republic of the Congo,COD,2008,1.810549,0.029085,99.46309,7.41,7.4,
Democratic Republic of the Congo,COD,2009,1.694046,0.026358,99.6129,7.72,0.6,
Democratic Republic of the Congo,COD,2010,1.961947,0.029551,98.97698,7.74,7.8,
Democratic Republic of the Congo,COD,2011,2.43952,0.035533,98.97567,7.73,7.6,
Democratic Republic of the Congo,COD,2012,2.356311,0.033188,99.86702,7.51,8.7,
Democratic Republic of the Congo,COD,2013,3.537543,0.048156,99.87745,8.15,9.6,
Democratic Republic of the Congo,COD,2014,4.630929,0.060905,99.88558,8.73,7.3,
Democratic Republic of the Congo,COD,2015,2.79269,0.035505,99.88688,8.83,6.4,
Democratic Republic of the Congo,COD,2016,2.014128,0.024734,99.88913,9.01,0.4,
Democratic Republic of the Congo,COD,2017,2.473864,0.029352,99.681854,9.4,3.7,
Democratic Republic of the Congo,COD,2018,2.47199,0.028385,99.71346,10.44,4.8,
Democratic Republic of the Congo,COD,2019,2.605474,0.02898,99.72924,11.049999999999999,4.5,
Democratic Republic of the Congo,COD,2020,2.482881,0.02674,99.748955,11.92,1.7,
Democratic Republic of the Congo,COD,2021,2.606688,0.027183,99.728264,11.01,6.2,
Congo,COG,1990,1.007907,0.422526,,,1.0,
Congo,COG,1991,1.082796,0.441476,,,3.4,
Congo,COG,1992,1.289163,0.511378,,,4.2,
Congo,COG,1993,1.160443,0.447328,,,1.3,
Congo,COG,1994,1.768571,0.66258,,,-1.4,
Congo,COG,1995,1.185944,0.432462,,,4.0,
Congo,COG,1996,1.33938,0.475531,,,3.5,
Congo,COG,1997,1.920731,0.668072,,,-1.0,
Congo,COG,1998,0.355408,0.121004,,,8.9,
Congo,COG,1999,0.362736,0.120244,,,-3.7,
Congo,COG,2000,0.480742,0.153394,100.0,0.29,11.8,
Congo,COG,2001,0.60456,0.185784,99.99999,0.33,-4.8,
Congo,COG,2002,0.490976,0.147389,100.0,0.39,1.0,
Congo,COG,2003,0.809744,0.236446,90.0,0.36000000000000004,0.5,
Congo,COG,2004,0.857376,0.241991,89.74359,0.35000000000000003,-0.2,
Congo,COG,2005,0.996093,0.271205,88.09524,0.37,9.2,
Congo,COG,2006,1.127466,0.295665,88.63637,0.39,8.0,
Congo,COG,2007,1.211198,0.306142,85.0,0.34,-6.6,
Congo,COG,2008,1.329994,0.325213,81.25,0.39,6.3,
Congo,COG,2009,1.724138,0.404991,69.230774,0.36,11.6,
Congo,COG,2010,1.961777,0.442052,57.894737,0.44,9.9,
Congo,COG,2011,2.239828,0.488596,63.70968,0.79,2.2,
Congo,COG,2012,5.01952,1.064979,60.97561,1.0,9.9,
Congo,COG,2013,5.892292,1.220425,59.39394,0.98,-0.7,
Congo,COG,2014,5.469574,1.106113,57.14286,0.96,6.7,
Congo,COG,2015,5.662327,1.118068,42.69663,1.1400000000000001,-3.6,
Congo,COG,2016,5.809876,1.120122,41.342754,1.1700000000000002,-5.0,
Congo,COG,2017,5.70225,1.073397,43.508774,1.24,-5.6,
Congo,COG,2018,6.59623,1.212306,38.72054,1.1500000000000001,-2.3,
Congo,COG,2019,7.341473,1.317865,25.68306,0.94,1.1,
Congo,COG,2020,7.529862,1.320525,25.065275,0.96,-6.3,
Congo,COG,2021,7.464369,1.279064,24.129353,0.97,1.1,
Cook Islands,COK,1990,0.043968,2.567774,,,,
Cook Islands,COK,1991,0.043968,2.540328,,,,
Cook Islands,COK,1992,0.043968,2.51879,,,,
Cook Islands,COK,1993,0.047632,2.711911,,,,
Cook Islands,COK,1994,0.047632,2.69778,,,,
Cook Islands,COK,1995,0.047632,2.685763,,,,
Cook Islands,COK,1996,0.051296,2.882122,,,,
Cook Islands,COK,1997,0.051296,2.917695,,,,
Cook Islands,COK,1998,0.051296,3.005566,,,,
Cook Islands,COK,1999,0.051296,3.108848,,,,
Cook Islands,COK,2000,0.051296,3.226772,0.0,0.0,,
Cook Islands,COK,2001,0.040304,2.635282,0.0,0.0,,
Cook Islands,COK,2002,0.029312,1.950492,0.0,0.0,,
Cook Islands,COK,2003,0.032976,2.187173,0.0,0.0,,
Cook Islands,COK,2004,0.05496,3.636604,0.0,0.0,,
Cook Islands,COK,2005,0.065952,4.354417,0.0,0.0,,
Cook Islands,COK,2006,0.062288,4.098164,0.0,0.0,,
Cook Islands,COK,2007,0.05496,3.544206,0.0,0.0,,
Cook Islands,COK,2008,0.05496,3.421528,0.0,0.0,,
Cook Islands,COK,2009,0.05496,3.304076,0.0,0.0,,
Cook Islands,COK,2010,0.065952,3.831745,0.0,0.0,,
Cook Islands,COK,2011,0.07328,4.124036,0.0,0.0,,
Cook Islands,COK,2012,0.076944,4.274667,0.0,0.0,,
Cook Islands,COK,2013,0.076944,4.294709,0.0,0.0,,
Cook Islands,COK,2014,0.076944,4.318815,0.0,0.0,,
Cook Islands,COK,2015,0.076944,4.348347,0.0,0.0,,
Cook Islands,COK,2016,0.07328,4.17645,0.0,0.0,,
Cook Islands,COK,2017,0.080608,4.633975,25.0,0.01,,
Cook Islands,COK,2018,0.080608,4.672115,40.0,0.02,,
Cook Islands,COK,2019,0.084272,4.925307,25.0,0.01,,
Cook Islands,COK,2020,0.088942,5.222977,25.0,0.01,,
Cook Islands,COK,2021,0.091403,5.375721,40.0,0.02,,
Colombia,COL,1990,56.897743,1.745255,72.60907,27.769852,4.3,-9.1831169
Colombia,COL,1991,56.65408,1.702723,69.772255,27.995079999999998,2.4,-9.1831169
Colombia,COL,1992,61.49468,1.811916,61.782764,22.620584,4.4,-9.1831169
Colombia,COL,1993,63.337803,1.829793,67.74923,28.245392,5.7,-9.1831169
Colombia,COL,1994,66.790576,1.892328,72.18858,32.502390000000005,5.1,-9.1831169
Colombia,COL,1995,58.775392,1.634007,68.374115,32.4664,5.2,-9.1831169
Colombia,COL,1996,59.77088,1.631632,73.97725,35.783624,2.1,-9.1831169
Colombia,COL,1997,64.496528,1.729503,64.037476,31.95876,3.4,-9.1831169
Colombia,COL,1998,65.157688,1.717188,62.274715,31.313685,0.6,-9.1831169
Colombia,COL,1999,54.76124,1.419235,71.49735,34.157657,-4.2,-9.1831169
Colombia,COL,2000,56.258838,1.434621,75.70515,31.94,2.9,-9.1831169
Colombia,COL,2001,55.938888,1.404163,74.58785,31.67,1.7,-9.1831169
Colombia,COL,2002,55.430416,1.370207,76.718864,33.81,2.5,-9.1831169
Colombia,COL,2003,57.093904,1.390578,78.920815,35.98,3.9,-9.1831169
Colombia,COL,2004,54.569256,1.310241,81.75855,39.88999999999999,5.3,-9.1831169
Colombia,COL,2005,60.059624,1.422508,80.29996,39.61999999999999,4.4,-9.1831169
Colombia,COL,2006,62.004536,1.449622,80.751,42.580000000000005,6.7,-9.1831169
Colombia,COL,2007,60.17884,1.3896,81.64207,44.24999999999999,6.7,-9.1831169
Colombia,COL,2008,66.650056,1.521159,84.021835,46.169999999999995,3.3,-9.1831169
Colombia,COL,2009,72.55672,1.637335,73.482544,41.04,1.1,-9.1831169
Colombia,COL,2010,76.278424,1.702031,71.70611,40.599999999999994,4.5,-9.1831169
Colombia,COL,2011,76.079775,1.679135,82.84114,48.809999999999995,6.9,-9.1831169
Colombia,COL,2012,80.255276,1.752972,78.589134,47.56999999999999,3.9,-9.1831169
Colombia,COL,2013,88.104668,1.905463,69.9169,50.48,5.1,-9.1831169
Colombia,COL,2014,97.858148,2.096454,69.58158,48.059999999999995,4.5,-9.1831169
Colombia,COL,2015,95.47234,2.026165,64.282906,48.989999999999995,3.0,-9.1831169
Colombia,COL,2016,98.730954,2.073049,66.43863,49.529999999999994,2.1,-9.1831169
Colombia,COL,2017,79.687616,1.648084,79.2409,61.379999999999995,1.4,-9.1831169
Colombia,COL,2018,82.426799,1.672725,75.84291,60.06,2.6,-9.1831169
Colombia,COL,2019,96.438172,1.921561,69.465065,54.28,3.2,-9.1831169
Colombia,COL,2020,85.525635,1.679256,64.73943,49.93999999999999,-7.3,-9.1831169
Colombia,COL,2021,91.70338,1.780076,73.649734,59.59,11.0,-9.1831169
Comoros,COM,1990,0.065952,0.152979,,,7.4,
Comoros,COM,1991,0.065952,0.149119,,,-6.2,
Comoros,COM,1992,0.069616,0.153681,,,7.4,
Comoros,COM,1993,0.07328,0.158164,,,2.5,
Comoros,COM,1994,0.07328,0.15477,,,-4.0,
Comoros,COM,1995,0.076944,0.159054,,,5.6,
Comoros,COM,1996,0.080608,0.163079,,,-0.5,
Comoros,COM,1997,0.084272,0.166864,,,4.4,
Comoros,COM,1998,0.0916,0.177533,,,0.0,
Comoros,COM,1999,0.095264,0.180958,,,2.7,
Comoros,COM,2000,0.102592,0.191133,0.0,0.0,-1.0,
Comoros,COM,2001,0.106256,0.193989,0.0,0.0,5.4,
Comoros,COM,2002,0.106256,0.190066,0.0,0.0,4.6,
Comoros,COM,2003,0.135568,0.237784,0.0,0.0,2.0,
Comoros,COM,2004,0.14656,0.252188,0.0,0.0,3.1,
Comoros,COM,2005,0.142896,0.2411,0.0,0.0,5.7,
Comoros,COM,2006,0.16488,0.272683,0.0,0.0,-1.8,
Comoros,COM,2007,0.106256,0.172242,0.0,0.0,0.8,
Comoros,COM,2008,0.10992,0.174623,0.0,0.0,4.0,
Comoros,COM,2009,0.135568,0.211003,0.0,0.0,3.2,
Comoros,COM,2010,0.161216,0.245747,0.0,0.0,3.8,
Comoros,COM,2011,0.142896,0.213255,0.0,0.0,4.1,
Comoros,COM,2012,0.153888,0.224801,0.0,0.0,3.2,
Comoros,COM,2013,0.1832,0.261941,0.0,0.0,4.5,
Comoros,COM,2014,0.161216,0.225599,0.0,0.0,2.1,
Comoros,COM,2015,0.179536,0.245867,0.0,0.0,1.1,
Comoros,COM,2016,0.216176,0.28969,0.0,0.0,3.3,
Comoros,COM,2017,0.267472,0.351168,0.0,0.0,3.8,
Comoros,COM,2018,0.29312,0.37758,0.0,0.0,3.6,
Comoros,COM,2019,0.31144,0.393736,0.0,0.0,1.8,
Comoros,COM,2020,0.282485,0.350406,0.0,0.0,-0.2,
Comoros,COM,2021,0.298171,0.362904,0.0,0.0,2.1,
Cape Verde,CPV,1990,0.179536,0.492469,,,0.7,
Cape Verde,CPV,1991,0.16488,0.442368,,,1.4,
Cape Verde,CPV,1992,0.179536,0.470055,,,3.0,
Cape Verde,CPV,1993,0.172208,0.439588,,,7.3,
Cape Verde,CPV,1994,0.175872,0.437868,,,6.9,
Cape Verde,CPV,1995,0.197856,0.480954,,,7.5,
Cape Verde,CPV,1996,0.216176,0.513474,,,6.7,
Cape Verde,CPV,1997,0.227168,0.527495,,,7.6,
Cape Verde,CPV,1998,0.241824,0.549333,,,8.4,
Cape Verde,CPV,1999,0.289456,0.643769,,,11.9,
Cape Verde,CPV,2000,0.296784,0.647645,7.142857,0.01,7.3,
Cape Verde,CPV,2001,0.34808,0.74702,6.25,0.01,6.1,
Cape Verde,CPV,2002,0.381056,0.805222,5.5555553,0.01,5.3,
Cape Verde,CPV,2003,0.414032,0.862407,0.0,0.0,7.5,
Cape Verde,CPV,2004,0.406704,0.835837,4.7619047,0.01,4.9,
Cape Verde,CPV,2005,0.447008,0.907028,4.347826,0.01,5.8,
Cape Verde,CPV,2006,0.487312,0.976804,4.166667,0.01,9.1,
Cape Verde,CPV,2007,0.505632,1.001781,3.846154,0.01,15.2,
Cape Verde,CPV,2008,0.468992,0.918987,3.7037036,0.01,7.0,
Cape Verde,CPV,2009,0.520288,1.009018,3.5714285,0.01,-1.5,
Cape Verde,CPV,2010,0.556928,1.068525,0.0,0.0,1.8,
Cape Verde,CPV,2011,0.615552,1.166877,8.571428,0.03,3.9,
Cape Verde,CPV,2012,0.501968,0.940254,19.444443,0.06999999999999999,1.1,
Cape Verde,CPV,2013,0.49464,0.916102,23.076923,0.09,0.6,
Cape Verde,CPV,2014,0.487312,0.892389,21.95122,0.09,0.7,
Cape Verde,CPV,2015,0.490976,0.889182,21.95122,0.09,0.9,
Cape Verde,CPV,2016,0.538608,0.964566,20.930233,0.09,4.3,
Cape Verde,CPV,2017,0.578912,1.024706,17.391304,0.08,4.6,
Cape Verde,CPV,2018,0.582576,1.019912,19.565218,0.09,3.7,
Cape Verde,CPV,2019,0.611888,1.060409,17.391304,0.08,6.9,
Cape Verde,CPV,2020,0.62508,1.07284,16.27907,0.06999999999999999,-19.6,
Cape Verde,CPV,2021,0.667694,1.135678,15.555556,0.06999999999999999,6.4,
Costa Rica,CRI,1990,2.913015,0.92235,,,3.6,67.43219
Costa Rica,CRI,1991,3.287914,1.014972,,,2.3,67.43219
Costa Rica,CRI,1992,3.741868,1.126411,,,9.2,67.43219
Costa Rica,CRI,1993,3.890892,1.142575,,,7.1,67.43219
Costa Rica,CRI,1994,5.19985,1.49029,,,4.5,67.43219
Costa Rica,CRI,1995,4.80077,1.343678,,,4.2,67.43219
Costa Rica,CRI,1996,4.686377,1.28175,,,1.4,67.43219
Costa Rica,CRI,1997,4.916182,1.314691,,,5.5,67.43219
Costa Rica,CRI,1998,5.234101,1.369674,,,7.2,67.43219
Costa Rica,CRI,1999,5.437766,1.393788,,,4.2,67.43219
Costa Rica,CRI,2000,5.393873,1.355519,98.9781,6.779999999999999,3.9,67.43219
Costa Rica,CRI,2001,5.666567,1.39804,98.40349,6.78,3.5,67.43219
Costa Rica,CRI,2002,6.2454,1.514909,97.843666,7.26,3.4,67.43219
Costa Rica,CRI,2003,6.582545,1.571534,97.39369,7.1,4.3,67.43219
Costa Rica,CRI,2004,6.841678,1.608747,99.12171,7.8999999999999995,4.4,67.43219
Costa Rica,CRI,2005,6.723403,1.557826,96.56442,7.87,4.0,67.43219
Costa Rica,CRI,2006,7.006724,1.600377,93.822845,8.05,7.3,67.43219
Costa Rica,CRI,2007,7.96074,1.792952,92.27323,8.24,8.2,67.43219
Costa Rica,CRI,2008,7.989944,1.774785,92.73505,8.68,4.7,67.43219
Costa Rica,CRI,2009,7.747752,1.697904,94.360085,8.700000000000001,-0.9,67.43219
Costa Rica,CRI,2010,7.492647,1.620995,92.50264,8.7599999,5.4,67.43219
Costa Rica,CRI,2011,7.310815,1.562165,90.61856,8.7899999,4.4,67.43219
Costa Rica,CRI,2012,7.260085,1.532765,91.04477,9.149999900000001,4.9,67.43219
Costa Rica,CRI,2013,7.631517,1.592708,87.83383,8.88,2.5,67.43219
Costa Rica,CRI,2014,7.748309,1.599473,89.11969,9.0099999,3.5,67.43219
Costa Rica,CRI,2015,7.406021,1.512902,97.58364,10.5,3.7,67.43219
Costa Rica,CRI,2016,8.003253,1.618387,96.77419,10.5,4.2,67.43219
Costa Rica,CRI,2017,8.198038,1.641629,98.13664,11.059999999999999,4.2,67.43219
Costa Rica,CRI,2018,8.229478,1.632595,97.290215,11.13,2.6,67.43219
Costa Rica,CRI,2019,8.053606,1.583943,97.81277,11.180000000000001,2.4,67.43219
Costa Rica,CRI,2020,7.081741,1.382314,98.38161,11.55,-4.3,67.43219
Costa Rica,CRI,2021,7.819507,1.517185,98.74115,12.55,7.8,67.43219
Cuba,CUB,1990,29.64842,2.789998,,,,
Cuba,CUB,1991,27.170202,2.535998,,,,
Cuba,CUB,1992,20.593126,1.909645,,,,
Cuba,CUB,1993,19.822771,1.828511,,,,
Cuba,CUB,1994,21.382319,1.963986,,,,
Cuba,CUB,1995,22.835124,2.089846,,,,
Cuba,CUB,1996,23.332951,2.12833,,,,
Cuba,CUB,1997,24.808969,2.255745,,,,
Cuba,CUB,1998,24.293962,2.201785,,,,
Cuba,CUB,1999,24.467107,2.210199,,,,
Cuba,CUB,2000,25.775495,2.320906,0.6342495,0.09,,
Cuba,CUB,2001,25.215883,2.263722,0.48476455,0.07,,
Cuba,CUB,2002,25.52365,2.285007,0.6752194,0.1,,
Cuba,CUB,2003,25.942743,2.316478,0.87189806,0.13,,
Cuba,CUB,2004,25.221231,2.246821,0.6101695,0.09,,
Cuba,CUB,2005,24.442108,2.173383,16.470589,2.38,,
Cuba,CUB,2006,24.693041,2.192865,11.66989,1.81,,
Cuba,CUB,2007,24.240301,2.150891,13.9759035,2.3200000000000003,,
Cuba,CUB,2008,28.108268,2.492617,14.157167,2.36,,
Cuba,CUB,2009,28.396318,2.516693,14.131735,2.36,,
Cuba,CUB,2010,34.199817,3.029101,13.971934,2.29,,
Cuba,CUB,2011,29.431084,2.604818,13.935408,2.33,,
Cuba,CUB,2012,29.838567,2.638412,13.479261,2.3400000000000003,,
Cuba,CUB,2013,28.124915,2.484187,12.988441,2.3600000000000003,,
Cuba,CUB,2014,27.608254,2.436303,13.366067,2.45,,
Cuba,CUB,2015,29.468648,2.598671,13.007284,2.5,,
Cuba,CUB,2016,28.259466,2.491574,12.390294,2.4000000000000004,,
Cuba,CUB,2017,25.218602,2.224568,12.944818,2.5100000000000002,,
Cuba,CUB,2018,22.631189,1.997767,14.002037,2.75,,
Cuba,CUB,2019,22.842231,2.018454,19.55965,3.8200000000000003,,
Cuba,CUB,2020,19.732182,1.746103,21.409359,3.98,,
Cuba,CUB,2021,22.05733,1.959542,21.367086,4.22,,
Curaçao,CUW,1990,4.783163,30.770578,,,,
Curaçao,CUW,1991,3.816835,24.621406,,,,
Curaçao,CUW,1992,3.144607,20.36979,,,,
Curaçao,CUW,1993,4.854264,31.64717,,,,
Curaçao,CUW,1994,4.653889,30.599771,,,,
Curaçao,CUW,1995,4.605411,30.58204,,,,
Curaçao,CUW,1996,4.308079,28.925317,,,,
Curaçao,CUW,1997,4.508455,30.639537,,,,
Curaçao,CUW,1998,0.248854,1.713279,,,,
Curaçao,CUW,1999,1.864787,13.017622,,,,
Curaçao,CUW,2000,4.947989,34.986908,,,,
Curaçao,CUW,2001,5.038481,35.827668,,,,
Curaçao,CUW,2002,4.857496,34.357247,,,,
Curaçao,CUW,2003,4.860728,33.965454,,,,
Curaçao,CUW,2004,5.099886,35.151508,,,,
Curaçao,CUW,2005,5.05464,34.323898,,,,
Curaçao,CUW,2006,5.267943,35.198467,,,,
Curaçao,CUW,2007,5.930476,38.985769,,,,
Curaçao,CUW,2008,5.704245,36.899904,,,,
Curaçao,CUW,2009,5.836752,37.174397,,,,
Curaçao,CUW,2010,4.020443,25.225516,,,,
Curaçao,CUW,2011,5.128973,31.723579,,,,
Curaçao,CUW,2012,5.836752,35.601239,,,,
Curaçao,CUW,2013,5.503328,33.125439,,,,
Curaçao,CUW,2014,6.408336,38.139182,,,,
Curaçao,CUW,2015,6.92496,40.837874,,,,
Curaçao,CUW,2016,5.800112,33.970634,,,,
Curaçao,CUW,2017,4.594656,26.787248,,,,
Curaçao,CUW,2018,3.979104,21.54104,,,,
Curaçao,CUW,2019,1.96024,10.151056,,,,
Curaçao,CUW,2020,1.673657,8.841855,,,,
Curaçao,CUW,2021,1.843765,9.686792,,,,
Christmas Island,CXR,1990,0.0,0.0,,,,
Christmas Island,CXR,1991,0.0,0.0,,,,
Christmas Island,CXR,1992,0.0,0.0,,,,
Christmas Island,CXR,1993,0.0,0.0,,,,
Christmas Island,CXR,1994,0.0,0.0,,,,
Christmas Island,CXR,1995,0.0,0.0,,,,
Christmas Island,CXR,1996,0.0,0.0,,,,
Christmas Island,CXR,1997,0.0,0.0,,,,
Christmas Island,CXR,1998,0.0,0.0,,,,
Christmas Island,CXR,1999,0.0,0.0,,,,
Christmas Island,CXR,2000,0.0,0.0,,,,
Christmas Island,CXR,2001,0.0,0.0,,,,
Christmas Island,CXR,2002,0.0,0.0,,,,
Christmas Island,CXR,2003,0.0,0.0,,,,
Christmas Island,CXR,2004,0.0,0.0,,,,
Christmas Island,CXR,2005,0.0,0.0,,,,
Christmas Island,CXR,2006,0.0,0.0,,,,
Christmas Island,CXR,2007,0.0,0.0,,,,
Christmas Island,CXR,2008,0.0,0.0,,,,
Christmas Island,CXR,2009,0.0,0.0,,,,
Christmas Island,CXR,2010,0.0,0.0,,,,
Christmas Island,CXR,2011,0.0,0.0,,,,
Christmas Island,CXR,2012,0.0,0.0,,,,
Christmas Island,CXR,2013,0.0,0.0,,,,
Christmas Island,CXR,2014,0.0,0.0,,,,
Christmas Island,CXR,2015,0.0,0.0,,,,
Christmas Island,CXR,2016,0.0,0.0,,,,
Christmas Island,CXR,2017,0.0,0.0,,,,
Christmas Island,CXR,2018,0.0,0.0,,,,
Christmas Island,CXR,2019,0.0,0.0,,,,
Christmas Island,CXR,2020,0.0,0.0,,,,
Christmas Island,CXR,2021,0.0,0.0,,,,
Cyprus,CYP,1990,4.653217,5.901353,0.0,0.0,7.4,81.570091
Cyprus,CYP,1991,5.142773,6.43602,0.0,0.0,0.7,81.570091
Cyprus,CYP,1992,5.517491,6.808094,0.0,0.0,9.4,81.570091
Cyprus,CYP,1993,5.760916,6.974593,0.0,0.0,0.7,81.570091
Cyprus,CYP,1994,6.002476,7.108199,0.0,0.0,5.9,81.570091
Cyprus,CYP,1995,5.874107,6.811206,0.0,0.0,9.9,81.570091
Cyprus,CYP,1996,6.224288,7.072589,0.0,0.0,1.2,81.570091
Cyprus,CYP,1997,6.31209,7.033196,0.0,0.0,2.6,81.570091
Cyprus,CYP,1998,6.609144,7.225793,0.0,0.0,6.1,81.570091
Cyprus,CYP,1999,6.875935,7.380781,0.0,0.0,5.0,81.570091
Cyprus,CYP,2000,7.122416,7.51122,0.0,0.0,6.0,81.570091
Cyprus,CYP,2001,6.996583,7.251623,0.0,0.0,4.0,81.570091
Cyprus,CYP,2002,7.185924,7.316196,0.0,0.0,3.7,81.570091
Cyprus,CYP,2003,7.576801,7.57415,0.0,0.0,2.6,81.570091
Cyprus,CYP,2004,7.803428,7.660303,0.0,0.0,5.0,81.570091
Cyprus,CYP,2005,7.957711,7.673323,0.0,0.0,4.9,81.570091
Cyprus,CYP,2006,8.185408,7.755461,0.0,0.0,4.7,81.570091
Cyprus,CYP,2007,8.504782,7.919728,0.0,0.0,5.1,81.570091
Cyprus,CYP,2008,8.717247,7.979977,0.19723865,0.01,3.6,81.570091
Cyprus,CYP,2009,8.471739,7.625506,0.57581574,0.03,-2.0,81.570091
Cyprus,CYP,2010,8.102698,7.172522,1.500938,0.08,2.3,81.570091
Cyprus,CYP,2011,7.789403,6.802461,3.4552846,0.16999999999999998,0.4,81.570091
Cyprus,CYP,2012,7.264032,6.280744,5.508475,0.26,-3.4,81.570091
Cyprus,CYP,2013,6.583978,5.641952,7.692308,0.33,-6.6,81.570091
Cyprus,CYP,2014,6.952145,5.906691,7.142857,0.31,-1.8,81.570091
Cyprus,CYP,2015,6.972964,5.873058,8.810573,0.39999999999999997,3.4,81.570091
Cyprus,CYP,2016,7.375415,6.157052,8.793456,0.43,6.6,81.570091
Cyprus,CYP,2017,7.525365,6.226911,8.6,0.43,5.7,81.570091
Cyprus,CYP,2018,7.342546,6.024253,9.486166,0.48000000000000004,5.6,81.570091
Cyprus,CYP,2019,7.343176,5.975717,10.097087,0.52,5.5,81.570091
Cyprus,CYP,2020,7.269578,5.874231,12.371135,0.6000000000000001,-4.4,81.570091
Cyprus,CYP,2021,7.600422,6.108741,15.234375,0.78,6.6,81.570091
Czech Republic,CZE,1990,164.210748,15.940946,1.8628553,1.16,,68.082481
Czech Republic,CZE,1991,148.879301,14.449585,1.8076285,1.09,,68.082481
Czech Republic,CZE,1992,145.710611,14.13163,2.3708723,1.4,,68.082481
Czech Republic,CZE,1993,140.129093,13.579827,2.6078064,1.53,,68.082481
Czech Republic,CZE,1994,132.673276,12.854316,3.047945,1.78,,68.082481
Czech Republic,CZE,1995,131.627143,12.764832,3.9782107,2.41,,68.082481
Czech Republic,CZE,1996,135.004354,13.112755,3.5406547,2.26,4.5,68.082481
Czech Republic,CZE,1997,130.834167,12.728243,3.4106836,2.19,-0.5,68.082481
Czech Republic,CZE,1998,125.427259,12.220314,3.079542,1.9899999999999998,-0.4,68.082481
Czech Republic,CZE,1999,116.569943,11.373624,3.6777308,2.36,1.4,68.082481
Czech Republic,CZE,2000,127.155962,12.423993,3.127572,2.2800000000000002,4.0,68.082481
Czech Republic,CZE,2001,127.030014,12.417066,3.4626784,2.57,3.0,68.082481
Czech Republic,CZE,2002,123.94689,12.106352,3.9342105,2.99,1.6,68.082481
Czech Republic,CZE,2003,127.478649,12.439322,2.2587268,1.8699999999999999,3.6,68.082481
Czech Republic,CZE,2004,128.247534,12.498543,3.2700799,2.7399999999999998,4.8,68.082481
Czech Republic,CZE,2005,125.688561,12.226379,3.8203344,3.13,6.6,68.082481
Czech Republic,CZE,2006,126.566097,12.282229,4.207506,3.5199999999999996,6.8,68.082481
Czech Republic,CZE,2007,128.369906,12.417492,3.896548,3.42,5.6,68.082481
Czech Republic,CZE,2008,122.912256,11.842875,4.466859,3.7199999999999998,2.7,68.082481
Czech Republic,CZE,2009,115.013223,11.036138,5.7079864,4.66,-4.7,68.082481
Czech Republic,CZE,2010,117.482148,11.226466,6.933365,5.91,2.4,68.082481
Czech Republic,CZE,2011,115.185836,10.973864,8.353525,7.24,1.8,68.082481
Czech Republic,CZE,2012,111.280674,10.587003,9.317631,8.07,-0.8,68.082481
Czech Republic,CZE,2013,106.711393,10.148924,10.821503,9.3,0.0,68.082481
Czech Republic,CZE,2014,104.228848,9.91034,10.786966,9.17,2.3,68.082481
Czech Republic,CZE,2015,104.995655,9.976974,11.403296,9.41,5.4,68.082481
Czech Republic,CZE,2016,106.655719,10.131066,11.449823,9.39,2.5,68.082481
Czech Republic,CZE,2017,107.747749,10.231187,11.226394,9.629999999999999,5.2,68.082481
Czech Republic,CZE,2018,106.337972,10.09417,10.856551,9.43,3.2,68.082481
Czech Republic,CZE,2019,101.012964,9.586619,11.752361,10.08,3.0,68.082481
Czech Republic,CZE,2020,91.853879,8.722276,12.963194,10.39,-5.5,68.082481
Czech Republic,CZE,2021,97.138329,9.241807,12.791114,10.71,3.6,68.082481
Germany,DEU,1990,1051.979103,13.254082,3.4929228,19.1,5.7,93.442047
Germany,DEU,1991,1013.824095,12.704246,3.1689155,16.98,5.0,93.442047
Germany,DEU,1992,965.541817,12.03842,3.6971107,19.729999999999997,1.9,93.442047
Germany,DEU,1993,955.819934,11.86271,3.9273474,20.52,-1.0,93.442047
Germany,DEU,1994,939.492314,11.615574,4.4629765,23.44,2.4,93.442047
Germany,DEU,1995,938.613565,11.570215,4.8666506,25.930000000000003,1.5,93.442047
Germany,DEU,1996,958.700377,11.792007,4.821224,26.55,0.8,93.442047
Germany,DEU,1997,930.870087,11.430683,4.2079525,23.06,1.8,93.442047
Germany,DEU,1998,922.812222,11.319463,4.509577,24.909999999999997,2.0,93.442047
Germany,DEU,1999,895.352121,10.978242,5.197814,28.72,1.9,93.442047
Germany,DEU,2000,899.351824,11.027999,6.1977983,35.47,2.9,93.442047
Germany,DEU,2001,916.144477,11.239028,6.513259,37.89999999999999,1.7,93.442047
Germany,DEU,2002,899.449765,11.04386,7.6431365,44.480000000000004,-0.2,93.442047
Germany,DEU,2003,900.627666,11.071456,7.745544,46.67,-0.7,93.442047
Germany,DEU,2004,886.637162,10.910219,9.498919,57.97,1.2,93.442047
Germany,DEU,2005,866.30277,10.667155,10.335665,63.4,0.7,93.442047
Germany,DEU,2006,877.938802,10.815009,11.512996,72.51,3.8,93.442047
Germany,DEU,2007,851.222968,10.485129,14.135471,89.38000000000001,3.0,93.442047
Germany,DEU,2008,854.508174,10.521235,14.88945,94.28,1.0,93.442047
Germany,DEU,2009,789.89998,9.720576,16.290285,95.94,-5.7,93.442047
Germany,DEU,2010,832.540983,10.237197,16.8385,105.17999700000001,4.2,93.442047
Germany,DEU,2011,808.911525,9.934635,20.496721,124.03999999999999,3.9,93.442047
Germany,DEU,2012,813.693048,9.978385,23.056463,143.04,0.4,93.442047
Germany,DEU,2013,831.207653,10.176318,24.136892,152.34000000000003,0.4,93.442047
Germany,DEU,2014,792.255427,9.678314,26.21824,162.54000000000002,2.2,93.442047
Germany,DEU,2015,795.55657,9.693253,29.472189,188.790003,1.5,93.442047
Germany,DEU,2016,800.339834,9.720952,29.499044,189.67,2.2,93.442047
Germany,DEU,2017,785.616471,9.50829,33.48555,216.319998,2.7,93.442047
Germany,DEU,2018,754.408432,9.100585,35.097675,222.07,1.0,93.442047
Germany,DEU,2019,707.149948,8.504699,40.089077,240.32999999999998,1.1,93.442047
Germany,DEU,2020,639.381013,7.672972,44.332405,251.48,-3.8,93.442047
Germany,DEU,2021,674.753566,8.089741,39.64001,230.8,3.2,93.442047
Djibouti,DJI,1990,0.2748,0.476114,,,,
Djibouti,DJI,1991,0.285792,0.454706,,,-4.5,
Djibouti,DJI,1992,0.300448,0.482108,,,0.6,
Djibouti,DJI,1993,0.300448,0.491546,,,-6.8,
Djibouti,DJI,1994,0.29312,0.470138,,,-1.4,
Djibouti,DJI,1995,0.31144,0.494648,,,-3.5,
Djibouti,DJI,1996,0.29312,0.454697,,,-3.7,
Djibouti,DJI,1997,0.32976,0.493811,,,-1.2,
Djibouti,DJI,1998,0.38472,0.553618,,,0.1,
Djibouti,DJI,1999,0.38472,0.534801,,,2.9,
Djibouti,DJI,2000,0.3664,0.493779,0.0,0.0,0.7,
Djibouti,DJI,2001,0.3664,0.478648,0.0,0.0,1.8,
Djibouti,DJI,2002,0.399376,0.506097,0.0,0.0,3.2,
Djibouti,DJI,2003,0.42136,0.522513,0.0,0.0,3.2,
Djibouti,DJI,2004,0.406704,0.496967,0.0,0.0,2.8,
Djibouti,DJI,2005,0.414032,0.498317,0.0,0.0,3.1,
Djibouti,DJI,2006,0.410368,0.484526,0.0,0.0,4.8,
Djibouti,DJI,2007,0.461664,0.533595,0.0,0.0,5.0,
Djibouti,DJI,2008,0.498304,0.564404,0.0,0.0,5.8,
Djibouti,DJI,2009,0.458,0.508266,0.0,0.0,1.6,
Djibouti,DJI,2010,0.516624,0.562037,0.0,0.0,4.1,
Djibouti,DJI,2011,0.472656,0.504537,0.0,0.0,7.3,
Djibouti,DJI,2012,0.487312,0.51065,0.0,0.0,4.8,
Djibouti,DJI,2013,0.55669,0.572872,0.0,0.0,5.0,
Djibouti,DJI,2014,0.388306,0.39259,0.0,0.0,7.2,
Djibouti,DJI,2015,0.431641,0.428956,0.0,0.0,7.3,
Djibouti,DJI,2016,0.380134,0.371493,0.0,0.0,7.1,
Djibouti,DJI,2017,0.391759,0.376607,0.0,0.0,5.5,
Djibouti,DJI,2018,0.384853,0.364031,0.0,0.0,4.8,
Djibouti,DJI,2019,0.392603,0.365554,0.0,0.0,5.5,
Djibouti,DJI,2020,0.363307,0.333262,0.0,0.0,1.3,
Djibouti,DJI,2021,0.379178,0.342974,0.0,0.0,4.5,
Dominica,DMA,1990,0.058624,0.843741,,,5.4,
Dominica,DMA,1991,0.058624,0.847891,,,1.3,
Dominica,DMA,1992,0.058624,0.848246,,,2.0,
Dominica,DMA,1993,0.062288,0.900519,,,2.2,
Dominica,DMA,1994,0.065952,0.953091,,,0.0,
Dominica,DMA,1995,0.080608,1.164839,,,3.0,
Dominica,DMA,1996,0.07328,1.05948,,,3.1,
Dominica,DMA,1997,0.080608,1.166862,,,2.2,
Dominica,DMA,1998,0.076944,1.116133,,,3.8,
Dominica,DMA,1999,0.080608,1.173367,,,0.4,
Dominica,DMA,2000,0.102592,1.501068,42.857143,0.03,2.3,
Dominica,DMA,2001,0.10992,1.612842,37.5,0.03,-0.1,
Dominica,DMA,2002,0.102592,1.502915,42.857143,0.03,-2.8,
Dominica,DMA,2003,0.117248,1.7131,37.5,0.03,6.4,
Dominica,DMA,2004,0.142896,2.083822,42.857143,0.03,3.1,
Dominica,DMA,2005,0.142896,2.080787,37.5,0.03,0.7,
Dominica,DMA,2006,0.142896,2.078729,37.5,0.03,4.7,
Dominica,DMA,2007,0.1832,2.663759,25.0,0.02,6.4,
Dominica,DMA,2008,0.16488,2.397139,25.0,0.02,7.1,
Dominica,DMA,2009,0.161216,2.343699,25.0,0.02,-1.2,
Dominica,DMA,2010,0.172208,2.504661,22.222221,0.02,0.7,
Dominica,DMA,2011,0.153888,2.238631,40.0,0.04,-0.2,
Dominica,DMA,2012,0.16488,2.39345,30.0,0.03,-1.1,
Dominica,DMA,2013,0.168544,2.449091,40.0,0.04,-1.0,
Dominica,DMA,2014,0.175872,2.535238,30.0,0.03,4.8,
Dominica,DMA,2015,0.175872,2.512206,20.0,0.02,-2.7,
Dominica,DMA,2016,0.179536,2.562055,36.363636,0.04,2.8,
Dominica,DMA,2017,0.161216,2.289902,37.5,0.03,-6.6,
Dominica,DMA,2018,0.161216,2.276323,33.333336,0.02,3.5,
Dominica,DMA,2019,0.168544,2.359635,22.222221,0.02,5.5,
Dominica,DMA,2020,0.143903,1.998795,25.0,0.04,-16.6,
Dominica,DMA,2021,0.158529,2.189268,23.529411,0.04,6.9,
Denmark,DNK,1990,53.584858,10.415702,3.1947656,0.8300000000000001,1.5,108.14118
Denmark,DNK,1991,64.200048,12.44591,2.9009302,1.06,1.4,108.14118
Denmark,DNK,1992,58.390817,11.282227,4.4227643,1.36,2.0,108.14118
Denmark,DNK,1993,60.637233,11.674983,4.738081,1.61,0.0,108.14118
Denmark,DNK,1994,64.69811,12.409013,4.2878265,1.7399999999999998,5.3,108.14118
Denmark,DNK,1995,61.614373,11.769256,5.0626016,1.8599999999999999,3.0,108.14118
Denmark,DNK,1996,74.868583,14.244384,3.883495,2.08,2.9,108.14118
Denmark,DNK,1997,65.468792,12.405543,6.6169825,2.9299999999999997,3.3,108.14118
Denmark,DNK,1998,61.237958,11.55653,9.566698,3.9299999999999997,2.2,108.14118
Denmark,DNK,1999,58.652424,11.025194,11.262535,4.38,2.9,108.14118
Denmark,DNK,2000,54.306122,10.168438,15.472222,5.57,3.7,108.14118
Denmark,DNK,2001,55.896359,10.42697,15.509013,5.85,0.8,108.14118
Denmark,DNK,2002,55.553625,10.328454,17.286152,6.79,0.5,108.14118
Denmark,DNK,2003,60.645144,11.238168,17.48267,8.07,0.4,108.14118
Denmark,DNK,2004,55.099645,10.174272,23.5527,9.52,2.7,108.14118
Denmark,DNK,2005,51.534638,9.479704,27.049406,9.8,2.3,108.14118
Denmark,DNK,2006,59.487502,10.899411,20.171015,9.2,3.9,108.14118
Denmark,DNK,2007,54.709152,9.983928,26.201982,10.3,0.9,108.14118
Denmark,DNK,2008,51.256206,9.314651,27.580559,10.1,-0.5,108.14118
Denmark,DNK,2009,48.851236,8.83953,27.652557,10.059999999999999,-4.9,108.14118
Denmark,DNK,2010,49.203676,8.864171,31.97839,12.43,1.9,108.14118
Denmark,DNK,2011,44.248111,7.935435,40.232822,14.169999999999998,1.3,108.14118
Denmark,DNK,2012,39.870932,7.11859,48.33876,14.84,0.2,108.14118
Denmark,DNK,2013,41.772984,7.4258,45.941277,15.959999999999997,0.9,108.14118
Denmark,DNK,2014,37.577747,6.65016,55.886925,17.99,1.6,108.14118
Denmark,DNK,2015,35.227979,6.204517,65.43381,18.93,2.3,108.14118
Denmark,DNK,2016,37.033259,6.489257,60.1964,18.39,3.2,108.14118
Denmark,DNK,2017,34.78027,6.062149,70.25459,21.799999999999997,2.8,108.14118
Denmark,DNK,2018,34.724976,6.021652,68.346504,20.75,2.0,108.14118
Denmark,DNK,2019,30.955444,5.340941,78.17689,23.07,1.5,108.14118
Denmark,DNK,2020,28.282029,4.85475,81.622,23.449999999999996,-2.4,108.14118
Denmark,DNK,2021,29.576956,5.052228,78.947365,26.1,6.8,108.14118
Dominican Republic,DOM,1990,8.936017,1.253473,,,-5.5,14.999579
Dominican Republic,DOM,1991,9.538286,1.310492,,,0.9,14.999579
Dominican Republic,DOM,1992,10.418188,1.402681,,,11.2,14.999579
Dominican Republic,DOM,1993,11.208752,1.479493,,,7.4,14.999579
Dominican Republic,DOM,1994,11.796446,1.527259,,,2.6,14.999579
Dominican Republic,DOM,1995,15.106975,1.919625,,,5.7,14.999579
Dominican Republic,DOM,1996,16.484352,2.057377,,,6.0,14.999579
Dominican Republic,DOM,1997,17.26569,2.11847,,,8.9,14.999579
Dominican Republic,DOM,1998,17.788184,2.14778,,,6.7,14.999579
Dominican Republic,DOM,1999,17.821253,2.118709,,,5.9,14.999579
Dominican Republic,DOM,2000,18.991627,2.223638,9.371147,0.76,4.7,14.999579
Dominican Republic,DOM,2001,19.144596,2.208387,7.267144,0.71,2.5,14.999579
Dominican Republic,DOM,2002,20.949129,2.381909,7.419899,0.88,4.5,14.999579
Dominican Republic,DOM,2003,21.345009,2.392978,9.54654,1.2,-1.3,14.999579
Dominican Republic,DOM,2004,17.333192,1.916725,14.400715,1.61,2.6,14.999579
Dominican Republic,DOM,2005,17.940521,1.957553,15.93361,1.92,9.4,14.999579
Dominican Republic,DOM,2006,19.111932,2.058551,13.435114,1.76,9.2,14.999579
Dominican Republic,DOM,2007,19.99293,2.126408,12.5,1.71,7.4,14.999579
Dominican Republic,DOM,2008,20.331836,2.135036,11.860068,1.39,3.2,14.999579
Dominican Republic,DOM,2009,19.780666,2.050222,12.683348,1.47,0.9,14.999579
Dominican Republic,DOM,2010,20.553453,2.102493,11.158798,1.56,8.3,14.999579
Dominican Republic,DOM,2011,21.317914,2.152512,11.252511,1.6800000000000002,3.1,14.999579
Dominican Republic,DOM,2012,21.254754,2.118932,12.78481,2.02,2.7,14.999579
Dominican Republic,DOM,2013,21.26696,2.093813,13.636364,2.28,4.9,14.999579
Dominican Republic,DOM,2014,21.800611,2.120246,10.620011,1.73,7.1,14.999579
Dominican Republic,DOM,2015,23.494589,2.257829,8.397398,1.42,6.9,14.999579
Dominican Republic,DOM,2016,24.644567,2.34095,12.801287,2.39,6.7,14.999579
Dominican Republic,DOM,2017,24.016922,2.255694,16.307207,3.1,4.7,14.999579
Dominican Republic,DOM,2018,25.756241,2.392473,14.824249,2.9099999999999997,7.0,14.999579
Dominican Republic,DOM,2019,28.357635,2.605949,12.817851,2.47,5.1,14.999579
Dominican Republic,DOM,2020,26.379835,2.39824,17.66827,2.94,-6.7,14.999579
Dominican Republic,DOM,2021,28.922094,2.601405,17.178612,3.0200000000000005,12.3,14.999579
Algeria,DZA,1990,76.737628,3.007187,0.8383011,0.135,0.8,
Algeria,DZA,1991,78.806834,3.015502,1.6892477,0.293,-1.2,
Algeria,DZA,1992,79.883305,2.986481,1.0882642,0.199,1.6,
Algeria,DZA,1993,81.94397,2.995649,1.8182755,0.353,-2.1,
Algeria,DZA,1994,86.147476,3.083633,0.83488405,0.166,-0.9,
Algeria,DZA,1995,94.981417,3.335253,0.9789501,0.193,3.8,
Algeria,DZA,1996,96.786277,3.339227,0.6536265,0.135,3.8,
Algeria,DZA,1997,87.004706,2.95171,0.34888592,0.075,1.1,
Algeria,DZA,1998,106.62101,3.562981,0.9242542,0.215,5.1,
Algeria,DZA,1999,91.668212,3.020759,0.8199701,0.203,3.2,
Algeria,DZA,2000,82.22101,2.671715,0.20929259,0.05,3.8,
Algeria,DZA,2001,83.780203,2.685178,0.2796644,0.07,3.0,
Algeria,DZA,2002,89.406933,2.827124,0.23085803,0.06,5.6,
Algeria,DZA,2003,91.048404,2.840302,0.93491554,0.26,7.2,
Algeria,DZA,2004,87.853359,2.702333,0.8506295,0.25,4.3,
Algeria,DZA,2005,106.472836,3.23069,1.7235976,0.55,5.9,
Algeria,DZA,2006,100.202857,2.996938,0.6640507,0.22,1.7,
Algeria,DZA,2007,108.401946,3.18981,0.6289308,0.22,3.4,
Algeria,DZA,2008,109.031978,3.153985,0.74015325,0.28,2.4,
Algeria,DZA,2009,120.184849,3.414727,0.8285005,0.3,1.6,
Algeria,DZA,2010,117.81301,3.285695,0.39534885,0.17,3.6,
Algeria,DZA,2011,119.807538,3.278487,1.0379905,0.5,2.9,
Algeria,DZA,2012,135.674294,3.64123,1.1483607,0.62,3.4,
Algeria,DZA,2013,140.786376,3.704844,0.58604157,0.33,2.8,
Algeria,DZA,2014,151.282783,3.903048,0.41390726,0.25,3.8,
Algeria,DZA,2015,160.08745,4.048424,0.34013605,0.22,3.7,
Algeria,DZA,2016,158.748363,3.935325,0.509287,0.33999999999999997,3.2,
Algeria,DZA,2017,166.411374,4.045341,0.8951049,0.6399999999999999,1.4,
Algeria,DZA,2018,173.911594,4.147961,1.0816808,0.78,1.2,
Algeria,DZA,2019,179.504831,4.203332,1.0953188,0.8400000000000001,1.0,
Algeria,DZA,2020,172.504477,3.970031,0.9898268,0.7200000000000001,-5.1,
Algeria,DZA,2021,176.26907,3.989977,1.1735878,0.91,3.4,
Ecuador,ECU,1990,16.45782,1.574936,78.544685,4.9866877,3.0,-43.985428
Ecuador,ECU,1991,16.157175,1.511955,72.77874,5.075921,5.1,-43.985428
Ecuador,ECU,1992,21.959676,2.012024,69.11565,4.973581,3.6,-43.985428
Ecuador,ECU,1993,24.088526,2.163738,78.39561,5.8101373,2.0,-43.985428
Ecuador,ECU,1994,13.53956,1.19316,80.61493,6.5652776,4.3,-43.985428
Ecuador,ECU,1995,22.686239,1.962192,61.226696,5.160551,2.3,-43.985428
Ecuador,ECU,1996,24.024921,2.040295,65.53657,6.3434153,1.7,-43.985428
Ecuador,ECU,1997,18.206447,1.518743,63.06056,6.5341773,4.3,-43.985428
Ecuador,ECU,1998,22.313483,1.82902,59.74183,6.5060954,3.3,-43.985428
Ecuador,ECU,1999,21.364414,1.721264,69.62207,7.176726,-4.7,-43.985428
Ecuador,ECU,2000,20.562217,1.628496,72.753624,7.53,1.1,-43.985428
Ecuador,ECU,2001,22.940109,1.785845,65.17691,7.0,4.0,-43.985428
Ecuador,ECU,2002,24.753207,1.893807,64.50217,7.45,4.1,-43.985428
Ecuador,ECU,2003,26.746806,2.010859,63.425514,7.11,2.7,-43.985428
Ecuador,ECU,2004,28.78567,2.126822,58.944954,7.71,8.2,-43.985428
Ecuador,ECU,2005,29.969504,2.176433,61.019737,7.42,5.3,-43.985428
Ecuador,ECU,2006,29.092292,2.076677,58.357986,7.89,4.4,-43.985428
Ecuador,ECU,2007,33.685516,2.363591,59.891438,9.93,2.2,-43.985428
Ecuador,ECU,2008,29.573062,2.039972,68.017525,12.42,6.4,-43.985428
Ecuador,ECU,2009,32.503201,2.204688,59.54241,10.670000000000002,0.6,-43.985428
Ecuador,ECU,2010,34.825608,2.32332,54.65673,10.270000000000001,3.5,-43.985428
Ecuador,ECU,2011,37.398376,2.454328,62.927567,12.51,7.9,-43.985428
Ecuador,ECU,2012,37.408786,2.415982,62.415195,13.799999999999999,5.6,-43.985428
Ecuador,ECU,2013,39.654978,2.522102,57.531193,12.91,4.9,-43.985428
Ecuador,ECU,2014,43.73136,2.740405,58.763325,13.78,3.8,-43.985428
Ecuador,ECU,2015,41.275735,2.54853,61.53846,15.44,0.1,-43.985428
Ecuador,ECU,2016,40.177794,2.443966,66.43331,18.029999999999998,-1.2,-43.985428
Ecuador,ECU,2017,40.075534,2.400172,77.54222,21.58,2.4,-43.985428
Ecuador,ECU,2018,38.245122,2.247641,76.817085,22.299999999999997,1.3,-43.985428
Ecuador,ECU,2019,40.264468,2.321556,81.45511,26.31,0.0,-43.985428
Ecuador,ECU,2020,34.457458,1.95908,82.55033,25.829999999999995,-7.8,-43.985428
Ecuador,ECU,2021,41.321734,2.321741,83.54978,27.02,4.2,-43.985428
Egypt,EGY,1990,75.217533,1.314656,23.724451,9.953,2.3,-5.748817
Egypt,EGY,1991,77.295842,1.318793,22.913393,9.916,2.1,-5.748817
Egypt,EGY,1992,79.939884,1.332573,21.784071,9.8,0.3,-5.748817
Egypt,EGY,1993,92.27798,1.503335,21.59424,10.0925,2.9,-5.748817
Egypt,EGY,1994,84.555822,1.346948,22.096806,10.728,4.2,-5.748817
Egypt,EGY,1995,94.890392,1.478806,22.095871,11.192,4.5,-5.748817
Egypt,EGY,1996,93.568654,1.427109,21.437372,11.484,4.9,-5.748817
Egypt,EGY,1997,107.512839,1.604819,20.729431,11.771,5.9,-5.748817
Egypt,EGY,1998,121.465771,1.774622,19.942501,12.1045,7.5,-5.748817
Egypt,EGY,1999,124.496184,1.78086,20.466146,13.4525,6.1,-5.748817
Egypt,EGY,2000,140.34971,1.966471,18.39667,13.700000000000001,5.4,-5.748817
Egypt,EGY,2001,124.293719,1.70606,19.150812,15.200000000000001,3.5,-5.748817
Egypt,EGY,2002,125.782381,1.690765,15.245844,12.93,3.2,-5.748817
Egypt,EGY,2003,146.462658,1.928071,14.655171,13.26,3.2,-5.748817
Egypt,EGY,2004,149.143319,1.923873,13.553685,13.04,4.1,-5.748817
Egypt,EGY,2005,165.043688,2.087171,12.669639,13.07,4.5,-5.748817
Egypt,EGY,2006,176.019064,2.183056,12.255708,13.42,6.8,-5.748817
Egypt,EGY,2007,185.907328,2.26113,13.621822,16.18,7.1,-5.748817
Egypt,EGY,2008,194.763997,2.322911,12.42256,15.44,7.2,-5.748817
Egypt,EGY,2009,203.169672,2.376224,10.526316,13.86,4.7,-5.748817
Egypt,EGY,2010,200.841483,2.301844,9.127208,14.63,5.1,-5.748817
Egypt,EGY,2011,213.026647,2.38819,9.262795,14.55,1.8,-5.748817
Egypt,EGY,2012,213.733511,2.342532,8.729241,14.35,2.2,-5.748817
Egypt,EGY,2013,211.418905,2.264122,8.71426,14.66,3.3,-5.748817
Egypt,EGY,2014,226.899336,2.373615,8.762622,15.36,2.9,-5.748817
Egypt,EGY,2015,224.479721,2.297083,8.39416,15.64,4.4,-5.748817
Egypt,EGY,2016,239.385581,2.399037,8.176399,15.500000000000002,4.3,-5.748817
Egypt,EGY,2017,260.110596,2.55538,7.8896565,15.53,4.2,-5.748817
Egypt,EGY,2018,243.907869,2.351129,8.671476,17.31,5.3,-5.748817
Egypt,EGY,2019,256.140175,2.425141,10.662351,20.75,5.5,-5.748817
Egypt,EGY,2020,235.81978,2.194384,11.004279,20.83,3.6,-5.748817
Egypt,EGY,2021,249.624151,2.284635,11.386897,23.03,3.3,-5.748817
Eritrea,ERI,1990,0.0,0.0,,,,
Eritrea,ERI,1991,0.0,0.0,,,,
Eritrea,ERI,1992,0.0,0.0,,,,
Eritrea,ERI,1993,0.0,0.0,,,12.9,
Eritrea,ERI,1994,0.743834,0.364178,,,20.9,
Eritrea,ERI,1995,0.822787,0.381411,,,2.3,
Eritrea,ERI,1996,0.898479,0.396842,,,9.1,
Eritrea,ERI,1997,0.808466,0.352801,,,7.9,
Eritrea,ERI,1998,0.586169,0.25236,,,2.0,
Eritrea,ERI,1999,0.615453,0.261175,,,0.2,
Eritrea,ERI,2000,0.604433,0.252597,0.0,0.0,-12.4,
Eritrea,ERI,2001,0.626345,0.254413,0.0,0.0,8.8,
Eritrea,ERI,2002,0.600625,0.235777,0.0,0.0,3.0,
Eritrea,ERI,2003,0.710473,0.26776,0.0,0.0,-2.7,
Eritrea,ERI,2004,0.769025,0.278316,0.0,0.0,1.5,
Eritrea,ERI,2005,0.768953,0.271549,0.0,0.0,2.6,
Eritrea,ERI,2006,0.548946,0.1906,0.0,0.0,-1.0,
Eritrea,ERI,2007,0.563359,0.192525,0.0,0.0,1.4,
Eritrea,ERI,2008,0.409357,0.13619,0.0,0.0,-19.4,
Eritrea,ERI,2009,0.497314,0.161262,0.0,0.0,12.2,
Eritrea,ERI,2010,0.497337,0.157999,0.0,0.0,10.9,
Eritrea,ERI,2011,0.555834,0.173288,0.0,0.0,25.7,
Eritrea,ERI,2012,0.604565,0.185872,0.0,0.0,1.9,
Eritrea,ERI,2013,0.620806,0.18833,0.0,0.0,-10.5,
Eritrea,ERI,2014,0.631395,0.189983,0.0,0.0,30.9,
Eritrea,ERI,2015,0.631226,0.188989,0.0,0.0,-20.6,
Eritrea,ERI,2016,0.645419,0.191787,0.0,0.0,7.4,
Eritrea,ERI,2017,0.704254,0.20732,2.4390244,0.01,-10.0,
Eritrea,ERI,2018,0.830306,0.240992,2.3255813,0.01,13.0,
Eritrea,ERI,2019,0.855496,0.24451,2.2727273,0.01,3.8,
Eritrea,ERI,2020,0.78314,0.220239,2.3809524,0.01,,
Eritrea,ERI,2021,0.820601,0.226666,2.2222223,0.01,,
Spain,ESP,1990,231.328439,5.948293,17.21447,26.03,3.8,67.718468
Spain,ESP,1991,241.074298,6.181858,17.970922,27.810000000000002,2.5,67.718468
Spain,ESP,1992,249.939228,6.375635,12.508775,19.600000000000005,0.9,67.718468
Spain,ESP,1993,241.298918,6.121146,16.164928,25.130000000000003,-1.3,67.718468
Spain,ESP,1994,253.803789,6.405349,18.060907,29.060000000000002,2.3,67.718468
Spain,ESP,1995,267.577468,6.720591,14.722221,24.38,4.1,67.718468
Spain,ESP,1996,255.04906,6.376789,23.793047,41.25,2.4,67.718468
Spain,ESP,1997,267.589849,6.659769,19.546366,36.970000000000006,3.9,67.718468
Spain,ESP,1998,276.184605,6.842628,19.075443,36.89000000000001,4.5,67.718468
Spain,ESP,1999,299.72214,7.392838,13.232505,27.210000000000004,4.7,67.718468
Spain,ESP,2000,311.674624,7.650024,15.611987,34.49,5.1,67.718468
Spain,ESP,2001,313.620597,7.655547,21.152443,49.300000000000004,3.9,67.718468
Spain,ESP,2002,333.730307,8.046026,13.826016,33.17,2.7,67.718468
Spain,ESP,2003,338.04587,8.004824,21.667315,55.75,3.0,67.718468
Spain,ESP,2004,354.827957,8.25956,18.319021,50.13,3.1,67.718468
Spain,ESP,2005,370.065779,8.47116,14.859735,42.269999999999996,3.7,67.718468
Spain,ESP,2006,361.12033,8.129161,17.6624,52.150000000000006,4.1,67.718468
Spain,ESP,2007,368.985581,8.155138,19.334726,58.3,3.6,67.718468
Spain,ESP,2008,337.182422,7.335389,20.00515,62.15,0.9,67.718468
Spain,ESP,2009,297.7478,6.421439,25.410765,74.08,-3.8,67.718468
Spain,ESP,2010,284.282684,6.104053,32.79222,97.77,0.2,67.718468
Spain,ESP,2011,285.132255,6.101796,30.040842,87.53000000000002,-0.8,67.718468
Spain,ESP,2012,279.384956,5.975371,29.604794,86.97,-3.0,67.718468
Spain,ESP,2013,253.102713,5.430986,39.585037,111.41999999999999,-1.4,67.718468
Spain,ESP,2014,255.4591,5.497935,40.103294,110.26,1.4,67.718468
Spain,ESP,2015,272.16466,5.861658,34.989906,97.09,3.8,67.718468
Spain,ESP,2016,261.227657,5.621025,38.581806,104.63,3.0,67.718468
Spain,ESP,2017,275.053205,5.904435,32.220592,87.93,3.0,67.718468
Spain,ESP,2018,270.052271,5.771329,38.20803,103.87999999999998,2.3,67.718468
Spain,ESP,2019,251.825149,5.343047,37.28081,100.99,2.0,67.718468
Spain,ESP,2020,213.339721,4.504277,43.81088,113.79,-11.2,67.718468
Spain,ESP,2021,233.649543,4.920291,46.43477,125.74999999999999,6.4,67.718468
Estonia,EST,1990,36.922213,23.507242,0.0,0.0,,80.378998
Estonia,EST,1991,34.138629,21.805084,0.0,0.0,,80.378998
Estonia,EST,1992,24.422898,15.855102,0.0,0.0,,80.378998
Estonia,EST,1993,19.439861,12.921694,0.0,0.0,,80.378998
Estonia,EST,1994,20.046154,13.583918,0.0,0.0,-1.6,80.378998
Estonia,EST,1995,18.066413,12.435796,0.115074806,0.01,2.2,80.378998
Estonia,EST,1996,19.042308,13.272954,0.0,0.0,4.9,80.378998
Estonia,EST,1997,18.684563,13.14435,0.10845987,0.01,13.0,80.378998
Estonia,EST,1998,16.94219,12.005971,0.11737089,0.01,4.3,80.378998
Estonia,EST,1999,15.955205,11.368171,0.12106537,0.01,-0.4,80.378998
Estonia,EST,2000,15.500382,11.096455,0.11750881,0.01,10.1,80.378998
Estonia,EST,2001,15.900311,11.455597,0.23557127,0.02,6.0,80.378998
Estonia,EST,2002,15.383117,11.153329,0.3516999,0.03,6.8,80.378998
Estonia,EST,2003,17.278976,12.606318,0.492126,0.05,7.6,80.378998
Estonia,EST,2004,17.342298,12.728479,0.58195925,0.06,6.8,80.378998
Estonia,EST,2005,17.109785,12.630298,1.0784314,0.11000000000000001,9.5,80.378998
Estonia,EST,2006,16.454333,12.21818,1.3360741,0.13,9.8,80.378998
Estonia,EST,2007,19.966375,14.8939,1.1494253,0.14,7.6,80.378998
Estonia,EST,2008,17.890232,13.380767,1.8903592,0.2,-5.1,80.378998
Estonia,EST,2009,14.440645,10.820594,6.1503425,0.54,-14.6,80.378998
Estonia,EST,2010,19.002517,14.271136,8.095605,1.05,2.4,80.378998
Estonia,EST,2011,18.984222,14.301497,9.154383,1.1800000000000002,7.3,80.378998
Estonia,EST,2012,17.794827,13.453594,12.29097,1.47,3.2,80.378998
Estonia,EST,2013,19.697905,14.945504,9.262049,1.23,1.5,80.378998
Estonia,EST,2014,18.860397,14.347679,11.164659,1.3900000000000001,3.0,80.378998
Estonia,EST,2015,15.8469,12.054018,15.369459,1.56,1.9,80.378998
Estonia,EST,2016,17.559353,13.343724,13.064914,1.5899999999999999,3.2,80.378998
Estonia,EST,2017,18.762487,14.240447,14.1337385,1.86,5.8,80.378998
Estonia,EST,2018,17.935074,13.565103,16.087309,1.9900000000000002,3.8,80.378998
Estonia,EST,2019,12.38019,9.329183,28.120895,2.14,4.0,80.378998
Estonia,EST,2020,9.34301,7.027757,48.848686,2.97,-1.0,80.378998
Estonia,EST,2021,10.449021,7.864087,39.91655,2.87,7.2,80.378998
Ethiopia,ETH,1990,2.986507,0.062377,,,2.6,-6.0485978
Ethiopia,ETH,1991,2.958472,0.059244,,,-7.2,-6.0485978
Ethiopia,ETH,1992,2.936737,0.056463,,,-8.9,-6.0485978
Ethiopia,ETH,1993,2.993623,0.055652,,,13.4,-6.0485978
Ethiopia,ETH,1994,2.197201,0.039504,,,3.5,-6.0485978
Ethiopia,ETH,1995,2.505953,0.0436,,,6.1,-6.0485978
Ethiopia,ETH,1996,2.794189,0.047082,,,13.5,-6.0485978
Ethiopia,ETH,1997,2.980158,0.048669,,,2.8,-6.0485978
Ethiopia,ETH,1998,3.147422,0.049851,,,-4.2,-6.0485978
Ethiopia,ETH,1999,3.094276,0.047547,,,6.3,-6.0485978
Ethiopia,ETH,2000,3.462855,0.05166,96.47059,1.64,9.8,-6.0485978
Ethiopia,ETH,2001,4.264586,0.061789,97.05882,1.98,7.4,-6.0485978
Ethiopia,ETH,2002,4.431687,0.062354,97.101456,2.01,1.6,-6.0485978
Ethiopia,ETH,2003,4.870232,0.066562,97.4249,2.2699999999999996,-2.1,-6.0485978
Ethiopia,ETH,2004,5.158551,0.068506,97.665375,2.51,11.7,-6.0485978
Ethiopia,ETH,2005,4.956129,0.063975,97.916664,2.82,12.6,-6.0485978
Ethiopia,ETH,2006,5.318177,0.066735,98.181816,3.2399999999999998,11.5,-6.0485978
Ethiopia,ETH,2007,5.839596,0.071218,95.19774,3.37,11.8,-6.0485978
Ethiopia,ETH,2008,6.417597,0.076077,88.26667,3.309999997,11.2,-6.0485978
Ethiopia,ETH,2009,6.453445,0.074387,89.420654,3.5500000000000003,10.0,-6.0485978
Ethiopia,ETH,2010,6.336871,0.071011,98.3968,4.91,10.6,-6.0485978
Ethiopia,ETH,2011,7.40248,0.080621,98.8924,6.25,11.4,-6.0485978
Ethiopia,ETH,2012,8.108686,0.08585,99.4702,7.51,8.7,-6.0485978
Ethiopia,ETH,2013,9.781029,0.100748,99.653984,8.639999999999999,9.9,-6.0485978
Ethiopia,ETH,2014,12.016546,0.120471,99.7888,9.45,10.3,-6.0485978
Ethiopia,ETH,2015,12.696406,0.123901,99.8075,10.37,10.4,-6.0485978
Ethiopia,ETH,2016,14.347424,0.136262,99.91981,12.459999999999999,8.0,-6.0485978
Ethiopia,ETH,2017,15.548594,0.143705,99.923836,13.12,10.2,-6.0485978
Ethiopia,ETH,2018,15.808036,0.142249,99.92748,13.78,7.7,-6.0485978
Ethiopia,ETH,2019,18.297764,0.160337,99.929726,14.219999999999999,9.0,-6.0485978
Ethiopia,ETH,2020,17.040752,0.14541,99.929726,14.219999999999999,6.1,-6.0485978
Ethiopia,ETH,2021,17.792552,0.147922,99.93193,14.679999999999998,6.3,-6.0485978
Finland,FIN,1990,56.914337,11.413581,29.453943,16.02,0.2,101.84974
Finland,FIN,1991,55.18876,11.007253,31.390137,18.2,-5.9,101.84974
Finland,FIN,1992,54.265059,10.762348,34.747967,20.06,-3.3,101.84974
Finland,FIN,1993,56.313366,11.114615,31.827108,19.44,-0.7,101.84974
Finland,FIN,1994,61.732669,12.131825,27.83364,18.27,4.0,101.84974
Finland,FIN,1995,58.115518,11.37748,30.527796,19.55,4.2,101.84974
Finland,FIN,1996,64.033059,12.494943,25.598156,17.759999999999998,3.7,101.84974
Finland,FIN,1997,62.696172,12.197834,29.135336,20.15,6.3,101.84974
Finland,FIN,1998,59.351464,11.516631,34.78261,24.4,5.5,101.84974
Finland,FIN,1999,58.866897,11.396186,30.506763,21.189999999999998,4.4,101.84974
Finland,FIN,2000,57.009923,11.013837,33.5005,23.380000000000003,5.8,101.84974
Finland,FIN,2001,62.513736,12.049675,28.99448,21.54,2.6,101.84974
Finland,FIN,2002,65.04097,12.506445,26.535526,19.83,1.7,101.84974
Finland,FIN,2003,72.654324,13.937172,22.668886,19.060000000000002,2.0,101.84974
Finland,FIN,2004,68.939111,13.186161,29.94159,25.63,4.0,101.84974
Finland,FIN,2005,57.047316,10.874294,33.35703,23.46,2.8,101.84974
Finland,FIN,2006,68.37069,12.982801,27.373552,22.46,4.0,101.84974
Finland,FIN,2007,66.759835,12.623135,30.054375,24.32,5.3,101.84974
Finland,FIN,2008,58.620999,11.032776,36.074303,27.770000000000003,0.8,101.84974
Finland,FIN,2009,55.905073,10.471438,30.231262,21.7,-8.1,101.84974
Finland,FIN,2010,64.080758,11.948074,30.097088,24.18,3.2,101.84974
Finland,FIN,2011,56.637171,10.511401,33.028275,24.18,2.5,101.84974
Finland,FIN,2012,51.145686,9.447177,40.747612,28.56,-1.4,101.84974
Finland,FIN,2013,51.703752,9.506337,36.10876,25.63,-0.9,101.84974
Finland,FIN,2014,47.595831,8.714887,38.75535,26.28,-0.4,101.84974
Finland,FIN,2015,44.099095,8.048072,44.66062,30.53,0.5,101.84974
Finland,FIN,2016,47.181861,8.585984,44.407124,30.41,2.8,101.84974
Finland,FIN,2017,44.577796,8.093076,46.89409,31.48,3.2,101.84974
Finland,FIN,2018,45.796461,8.303288,45.927406,32.14,1.1,101.84974
Finland,FIN,2019,42.381841,7.675732,46.621822,31.879999999999995,1.2,101.84974
Finland,FIN,2020,37.595927,6.799194,51.818974,35.61,-2.4,101.84974
Finland,FIN,2021,37.602328,6.792338,52.90746,37.85,3.2,101.84974
Fiji,FJI,1990,0.80122,1.026639,,,5.8,
Fiji,FJI,1991,0.655032,0.834614,,,-2.7,
Fiji,FJI,1992,0.730309,0.928133,,,6.1,
Fiji,FJI,1993,0.728647,0.923276,,,2.6,
Fiji,FJI,1994,0.723077,0.914357,,,5.1,
Fiji,FJI,1995,0.736697,0.929884,,,2.6,
Fiji,FJI,1996,0.792447,0.994864,,,4.8,
Fiji,FJI,1997,0.764285,0.949927,,,-2.4,
Fiji,FJI,1998,0.7433,0.913205,,,1.3,
Fiji,FJI,1999,0.756467,0.918687,,,8.7,
Fiji,FJI,2000,0.814852,0.97879,70.96774,0.43999999999999995,-1.7,
Fiji,FJI,2001,1.003936,1.193287,74.62686,0.5,1.9,
Fiji,FJI,2002,0.835392,0.98294,70.42254,0.5,3.2,
Fiji,FJI,2003,0.98928,1.152596,56.944443,0.41000000000000003,0.8,
Fiji,FJI,2004,1.293392,1.492328,58.666668,0.44,5.4,
Fiji,FJI,2005,1.02592,1.172583,53.164555,0.42000000000000004,-1.3,
Fiji,FJI,2006,1.146832,1.298668,53.57143,0.45,1.9,
Fiji,FJI,2007,1.084544,1.217702,68.96552,0.6,-0.9,
Fiji,FJI,2008,0.8244,0.919339,70.454544,0.62,1.0,
Fiji,FJI,2009,0.736464,0.817038,67.44186,0.5800000000000001,-1.4,
Fiji,FJI,2010,1.091663,1.206032,61.111115,0.55,3.0,
Fiji,FJI,2011,1.014928,1.117325,65.11628,0.56,2.7,
Fiji,FJI,2012,0.967296,1.061727,72.093025,0.62,1.4,
Fiji,FJI,2013,1.036912,1.135156,69.318184,0.61,4.7,
Fiji,FJI,2014,1.179808,1.288619,58.241753,0.53,5.6,
Fiji,FJI,2015,1.242096,1.354226,55.208332,0.53,4.5,
Fiji,FJI,2016,1.176144,1.280685,62.500004,0.6,2.4,
Fiji,FJI,2017,1.308048,1.423309,60.952385,0.64,5.4,
Fiji,FJI,2018,1.355537,1.475019,65.13761,0.7100000000000001,3.8,
Fiji,FJI,2019,1.359201,1.479862,62.83186,0.71,-0.6,
Fiji,FJI,2020,1.430807,1.554512,63.636364,0.7,-17.0,
Fiji,FJI,2021,1.470402,1.590295,62.83186,0.71,-4.9,
France,FRA,1990,393.422903,6.973989,13.370086,55.779999999999994,2.9,47.142189
France,FRA,1991,418.367114,7.385745,13.2212925,59.7100001,1.1,47.142189
France,FRA,1992,406.64833,7.151238,15.45585,71.0999999,1.5,47.142189
France,FRA,1993,388.080145,6.802012,14.23583,66.86,-0.7,47.142189
France,FRA,1994,381.908894,6.673221,17.056469,80.9499998,2.4,47.142189
France,FRA,1995,386.261878,6.726916,15.360343,75.45,2.2,47.142189
France,FRA,1996,401.373092,6.96548,13.447639,68.47000000000001,1.3,47.142189
France,FRA,1997,393.94516,6.811022,13.262536,66.44,2.4,47.142189
France,FRA,1998,413.634368,7.121762,12.766879,64.76,3.6,47.142189
France,FRA,1999,412.183132,7.063711,14.465783,75.4,3.3,47.142189
France,FRA,2000,406.828906,6.934727,12.71177,67.83,4.1,47.142189
France,FRA,2001,411.613943,6.974761,13.996136,76.09,1.9,47.142189
France,FRA,2002,407.790504,6.868307,11.354416,62.690000000000005,1.2,47.142189
France,FRA,2003,412.534615,6.906858,10.978354,61.47,0.8,47.142189
France,FRA,2004,413.779944,6.883891,11.005131,62.42,2.5,47.142189
France,FRA,2005,416.165831,6.877628,9.647984,54.9800001,1.7,47.142189
France,FRA,2006,406.462363,6.672161,10.723592,60.9100002,2.7,47.142189
France,FRA,2007,396.660526,6.467708,11.437008,64.30000000000001,2.4,47.142189
France,FRA,2008,390.777557,6.331354,12.748745,72.33,0.1,47.142189
France,FRA,2009,371.045218,5.975608,12.877686,68.15,-2.8,47.142189
France,FRA,2010,376.645427,6.031677,13.624007,76.68,1.8,47.142189
France,FRA,2011,354.602482,5.648761,11.6355295,66.02,2.2,47.142189
France,FRA,2012,356.912578,5.658864,15.033152,85.2500004,0.4,47.142189
France,FRA,2013,358.623337,5.662309,17.246943,99.41999999999999,0.7,47.142189
France,FRA,2014,327.107281,5.144127,16.6075,94.0299997,1.0,47.142189
France,FRA,2015,331.579994,5.196383,16.002232,91.84,1.0,47.142189
France,FRA,2016,334.43978,5.226494,17.721292,99.0,1.0,47.142189
France,FRA,2017,337.457549,5.26093,16.657675,92.63,2.5,47.142189
France,FRA,2018,322.526821,5.017701,19.731518,113.62,1.8,47.142189
France,FRA,2019,316.386776,4.912857,20.011667,113.21,1.9,47.142189
France,FRA,2020,280.031523,4.342917,23.761024,125.28,-7.7,47.142189
France,FRA,2021,305.96371,4.741312,22.231913,122.35999999999999,6.4,47.142189
Faeroe Islands,FRO,1990,0.703488,14.816824,,,,
Faeroe Islands,FRO,1991,0.655856,14.011023,,,,
Faeroe Islands,FRO,1992,0.648528,14.096903,,,,
Faeroe Islands,FRO,1993,0.582576,12.918574,,,,
Faeroe Islands,FRO,1994,0.575248,13.035009,,,,
Faeroe Islands,FRO,1995,0.571584,13.048373,,,,
Faeroe Islands,FRO,1996,0.600896,13.614029,,,,
Faeroe Islands,FRO,1997,0.589904,13.257759,,,,
Faeroe Islands,FRO,1998,0.62288,13.883428,,,,
Faeroe Islands,FRO,1999,0.630208,13.94173,,,,
Faeroe Islands,FRO,2000,0.688832,15.086115,38.095238,0.08,,
Faeroe Islands,FRO,2001,0.762112,16.479879,34.782608,0.08,,
Faeroe Islands,FRO,2002,0.725472,15.497234,43.47826,0.1,,
Faeroe Islands,FRO,2003,0.7328,15.462525,34.782608,0.08,,
Faeroe Islands,FRO,2004,0.747456,15.575569,41.666668,0.09999999999999999,,
Faeroe Islands,FRO,2005,0.721808,14.94705,45.833336,0.11,,
Faeroe Islands,FRO,2006,0.67784,14.030178,45.833336,0.11,,
Faeroe Islands,FRO,2007,0.688832,14.243543,46.153847,0.12000000000000001,,
Faeroe Islands,FRO,2008,0.630208,13.017868,38.46154,0.09999999999999999,,
Faeroe Islands,FRO,2009,0.575248,11.878172,40.740738,0.11,,
Faeroe Islands,FRO,2010,0.630208,13.018137,29.62963,0.08,,
Faeroe Islands,FRO,2011,0.56792,11.737279,38.46154,0.09999999999999999,,
Faeroe Islands,FRO,2012,0.589904,12.190114,39.285713,0.11,,
Faeroe Islands,FRO,2013,0.648528,13.394357,39.285713,0.11,,
Faeroe Islands,FRO,2014,0.597232,12.322955,53.333332,0.16,,
Faeroe Islands,FRO,2015,0.608224,12.459521,61.29032,0.19,,
Faeroe Islands,FRO,2016,0.630208,12.731475,50.0,0.15000000000000002,,
Faeroe Islands,FRO,2017,0.707152,14.07828,53.125,0.16999999999999998,,
Faeroe Islands,FRO,2018,0.725472,14.237504,50.0,0.16999999999999998,,
Faeroe Islands,FRO,2019,0.740128,14.321085,40.540543,0.15000000000000002,,
Faeroe Islands,FRO,2020,0.692173,13.205626,39.02439,0.16,,
Faeroe Islands,FRO,2021,0.698346,13.203997,38.095238,0.16,,
Micronesia (Federated States of),FSM,1990,0.0,0.0,,,,
Micronesia (Federated States of),FSM,1991,0.0,0.0,,,,
Micronesia (Federated States of),FSM,1992,0.135568,1.317563,,,,
Micronesia (Federated States of),FSM,1993,0.142896,1.347694,,,,
Micronesia (Federated States of),FSM,1994,0.153888,1.41384,,,,
Micronesia (Federated States of),FSM,1995,0.179536,1.627293,,,,
Micronesia (Federated States of),FSM,1996,0.1832,1.653653,,,-3.1,
Micronesia (Federated States of),FSM,1997,0.194192,1.747384,,,-6.1,
Micronesia (Federated States of),FSM,1998,0.20152,1.808879,,,2.7,
Micronesia (Federated States of),FSM,1999,0.190528,1.708174,,,1.5,
Micronesia (Federated States of),FSM,2000,0.179536,1.607176,,,4.9,
Micronesia (Federated States of),FSM,2001,0.16488,1.472827,,,2.1,
Micronesia (Federated States of),FSM,2002,0.150224,1.341382,,,0.6,
Micronesia (Federated States of),FSM,2003,0.161216,1.441939,,,1.6,
Micronesia (Federated States of),FSM,2004,0.142896,1.282291,,,-3.1,
Micronesia (Federated States of),FSM,2005,0.117248,1.05686,,,2.0,
Micronesia (Federated States of),FSM,2006,0.113584,1.029764,,,-0.1,
Micronesia (Federated States of),FSM,2007,0.131904,1.204251,,,-1.8,
Micronesia (Federated States of),FSM,2008,0.10992,1.011186,,,-2.4,
Micronesia (Federated States of),FSM,2009,0.14656,1.358698,,,1.1,
Micronesia (Federated States of),FSM,2010,0.102592,0.953564,,,2.3,
Micronesia (Federated States of),FSM,2011,0.117248,1.086767,,,3.2,
Micronesia (Federated States of),FSM,2012,0.124576,1.151009,,,-1.9,
Micronesia (Federated States of),FSM,2013,0.135568,1.248221,,,-3.7,
Micronesia (Federated States of),FSM,2014,0.135568,1.243469,,,-2.3,
Micronesia (Federated States of),FSM,2015,0.142896,1.305439,,,4.6,
Micronesia (Federated States of),FSM,2016,0.142896,1.299941,,,0.9,
Micronesia (Federated States of),FSM,2017,0.142896,1.293996,,,2.7,
Micronesia (Federated States of),FSM,2018,0.142896,1.288175,,,0.2,
Micronesia (Federated States of),FSM,2019,0.14656,1.315867,,,1.2,
Micronesia (Federated States of),FSM,2020,0.154682,1.379782,,,-2.8,
Micronesia (Federated States of),FSM,2021,0.158962,1.405118,,,-2.2,
Gabon,GAB,1990,4.484725,4.562154,,,5.1,
Gabon,GAB,1991,4.521703,4.476956,,,6.1,
Gabon,GAB,1992,4.916933,4.739459,,,-3.1,
Gabon,GAB,1993,4.974695,4.669365,,,3.9,
Gabon,GAB,1994,4.374933,4.000447,,,3.7,
Gabon,GAB,1995,4.606046,4.105342,,,5.0,
Gabon,GAB,1996,4.754184,4.131914,,,3.6,
Gabon,GAB,1997,4.774817,4.047121,,,5.7,
Gabon,GAB,1998,4.956206,4.096607,,,3.5,
Gabon,GAB,1999,4.788392,3.859229,,,-8.9,
Gabon,GAB,2000,4.668567,3.667561,62.5,0.8,-1.9,
Gabon,GAB,2001,4.771911,3.652187,64.44444,0.87,2.1,
Gabon,GAB,2002,4.543849,3.386645,64.08451,0.91,0.2,
Gabon,GAB,2003,4.614161,3.347481,60.958904,0.89,1.7,
Gabon,GAB,2004,4.657891,3.286895,59.459457,0.88,1.1,
Gabon,GAB,2005,4.858905,3.331776,52.980133,0.8,-0.8,
Gabon,GAB,2006,4.143462,2.75765,58.385094,0.94,-1.9,
Gabon,GAB,2007,4.089598,2.638835,47.02381,0.79,6.3,
Gabon,GAB,2008,4.162834,2.601807,49.717514,0.88,1.7,
Gabon,GAB,2009,4.232845,2.559865,51.933704,0.94,-2.3,
Gabon,GAB,2010,4.78324,2.79541,48.12834,0.9,6.3,
Gabon,GAB,2011,4.930245,2.78152,42.34694,0.83,7.1,
Gabon,GAB,2012,5.629805,3.065166,43.269234,0.9,5.3,
Gabon,GAB,2013,5.926817,3.115727,46.039604,0.93,5.5,
Gabon,GAB,2014,6.3694,3.238368,41.145836,0.79,4.4,
Gabon,GAB,2015,6.475559,3.192263,45.365856,0.93,3.9,
Gabon,GAB,2016,6.5217,3.126105,42.857143,0.96,2.1,
Gabon,GAB,2017,6.285816,2.937002,42.922375,0.9400000000000001,0.5,
Gabon,GAB,2018,5.992046,2.733583,41.935482,0.91,0.9,
Gabon,GAB,2019,5.735253,2.557201,44.690266,1.01,3.8,
Gabon,GAB,2020,5.692816,2.483156,45.90909,1.01,-1.8,
Gabon,GAB,2021,5.712477,2.44,44.541485,1.02,1.5,
United Kingdom,GBR,1990,601.945078,10.521595,1.831571,5.819999999999999,0.6,35.185329
United Kingdom,GBR,1991,609.412673,10.62445,1.6555673,5.32,-1.7,35.185329
United Kingdom,GBR,1992,593.845922,10.326096,2.0041335,6.3999999999999995,0.0,35.185329
United Kingdom,GBR,1993,579.612537,10.054433,1.7782198,5.72,2.1,35.185329
United Kingdom,GBR,1994,574.01689,9.933511,2.13833,6.949999999999999,3.5,35.185329
United Kingdom,GBR,1995,566.158959,9.773095,2.0662897,6.869999999999999,2.1,35.185329
United Kingdom,GBR,1996,586.760676,10.102875,1.6260163,5.68,1.9,35.185329
United Kingdom,GBR,1997,562.708106,9.660192,1.9903204,6.949999999999999,4.5,35.185329
United Kingdom,GBR,1998,568.543698,9.728953,2.395591,8.65,3.2,35.185329
United Kingdom,GBR,1999,561.649574,9.57871,2.6338127,9.62,3.0,35.185329
United Kingdom,GBR,2000,569.033716,9.669215,2.6657405,9.98,4.1,35.185329
United Kingdom,GBR,2001,577.970573,9.780857,2.5001962,9.559999999999999,2.2,35.185329
United Kingdom,GBR,2002,560.2732,9.43925,2.8939157,11.129999999999999,1.8,35.185329
United Kingdom,GBR,2003,571.618782,9.582912,2.6854804,10.62,3.1,35.185329
United Kingdom,GBR,2004,573.429762,9.557824,3.613688,14.14,2.3,35.185329
United Kingdom,GBR,2005,570.33837,9.445231,4.281523,16.93,2.7,35.185329
United Kingdom,GBR,2006,567.845659,9.338998,4.602989,18.11,2.2,35.185329
United Kingdom,GBR,2007,559.566476,9.134187,5.010433,19.689999999999998,2.6,35.185329
United Kingdom,GBR,2008,544.932405,8.825938,5.6776843,21.85,-0.2,35.185329
United Kingdom,GBR,2009,494.107701,7.938318,6.767986,25.25,-4.5,35.185329
United Kingdom,GBR,2010,511.904582,8.156537,6.909292,26.18,2.4,35.185329
United Kingdom,GBR,2011,469.713315,7.422031,9.642251,35.2,1.1,35.185329
United Kingdom,GBR,2012,487.476776,7.639657,11.427304,41.24,1.4,35.185329
United Kingdom,GBR,2013,477.611268,7.427593,14.972705,53.21,1.8,35.185329
United Kingdom,GBR,2014,438.807081,6.774484,19.247635,64.52,3.2,35.185329
United Kingdom,GBR,2015,422.460794,6.47704,24.62277,82.57,2.4,35.185329
United Kingdom,GBR,2016,399.430131,6.083754,24.678839,82.99,2.2,35.185329
United Kingdom,GBR,2017,387.367141,5.863442,29.498657,98.85000000000001,2.4,35.185329
United Kingdom,GBR,2018,379.729755,5.715981,33.29198,110.02999999999999,1.7,35.185329
United Kingdom,GBR,2019,364.753306,5.462124,37.456863,120.47999999999999,1.6,35.185329
United Kingdom,GBR,2020,326.263199,4.865281,42.8604,131.73999999999998,-11.0,35.185329
United Kingdom,GBR,2021,346.773181,5.1541,39.783825,122.19999999999999,7.6,35.185329
Georgia,GEO,1990,15.947821,2.957882,,,,
Georgia,GEO,1991,15.871695,2.982221,,,-21.1,
Georgia,GEO,1992,15.276915,2.915816,,,-44.9,
Georgia,GEO,1993,9.9157,1.933823,,,-29.3,
Georgia,GEO,1994,6.067844,1.214076,,,-10.4,
Georgia,GEO,1995,2.290286,0.469544,,,2.6,
Georgia,GEO,1996,4.053812,0.851414,,,10.5,
Georgia,GEO,1997,4.426263,0.953929,,,10.5,
Georgia,GEO,1998,4.939172,1.093123,,,3.1,
Georgia,GEO,1999,4.310981,0.980994,,,2.9,
Georgia,GEO,2000,4.500388,1.055148,79.779915,5.8,1.8,
Georgia,GEO,2001,3.732319,0.900552,80.73529,5.49,4.8,
Georgia,GEO,2002,3.351955,0.825375,93.575424,6.7,5.5,
Georgia,GEO,2003,3.735201,0.929657,91.50142,6.46,11.1,
Georgia,GEO,2004,4.275506,1.071862,87.958885,5.99,5.8,
Georgia,GEO,2005,5.017588,1.26669,86.414566,6.17,9.6,
Georgia,GEO,2006,6.096712,1.549801,73.98031,5.26,9.4,
Georgia,GEO,2007,6.365351,1.629438,82.61934,6.75,12.6,
Georgia,GEO,2008,5.308807,1.368356,85.421684,7.09,2.4,
Georgia,GEO,2009,6.135626,1.591519,87.17339,7.34,-3.7,
Georgia,GEO,2010,6.208043,1.618013,92.88578,9.27,6.2,
Georgia,GEO,2011,7.804526,2.042181,78.256516,7.81,7.4,
Georgia,GEO,2012,8.25448,2.169744,75.50158,7.15,6.4,
Georgia,GEO,2013,8.012551,2.11635,82.97872,8.19,3.6,
Georgia,GEO,2014,8.938684,2.368343,81.20079,8.25,4.4,
Georgia,GEO,2015,9.75618,2.587069,78.88785,8.37,3.0,
Georgia,GEO,2016,10.06768,2.669686,81.497795,9.25,2.9,
Georgia,GEO,2017,10.172526,2.696924,81.43236,9.209999999999999,4.8,
Georgia,GEO,2018,10.062534,2.667462,83.30537,9.93,4.8,
Georgia,GEO,2019,10.920173,2.895975,76.98276,8.93,5.0,
Georgia,GEO,2020,10.690587,2.838778,74.731186,8.34,-6.8,
Georgia,GEO,2021,11.009796,2.929711,81.17088,10.26,10.5,
Ghana,GHA,1990,3.790882,0.245412,,,3.6,18.661732
Ghana,GHA,1991,4.209288,0.26568,,,4.8,18.661732
Ghana,GHA,1992,3.661745,0.225455,,,4.5,18.661732
Ghana,GHA,1993,4.309505,0.258928,,,4.8,18.661732
Ghana,GHA,1994,5.088912,0.29863,,,3.5,18.661732
Ghana,GHA,1995,5.153605,0.295524,,,4.2,18.661732
Ghana,GHA,1996,5.468649,0.30647,,,4.8,18.661732
Ghana,GHA,1997,6.204804,0.339654,,,5.8,18.661732
Ghana,GHA,1998,6.244973,0.333693,,,5.0,18.661732
Ghana,GHA,1999,6.370451,0.332196,,,4.5,18.661732
Ghana,GHA,2000,6.101182,0.310248,91.725105,6.54,3.6,18.661732
Ghana,GHA,2001,6.733777,0.333428,84.7348,6.55,3.8,18.661732
Ghana,GHA,2002,7.232698,0.348424,70.32349,5.0,4.6,18.661732
Ghana,GHA,2003,7.4385,0.348742,67.364746,3.86,5.1,18.661732
Ghana,GHA,2004,7.153326,0.32654,88.94558,5.23,5.4,18.661732
Ghana,GHA,2005,6.802875,0.302391,83.532936,5.58,6.2,18.661732
Ghana,GHA,2006,9.159489,0.396539,67.84409,5.569999999999999,5.8,18.661732
Ghana,GHA,2007,9.618768,0.405713,54.733727,3.6999999999999997,4.1,18.661732
Ghana,GHA,2008,8.925351,0.366905,75.337425,6.14,9.0,18.661732
Ghana,GHA,2009,7.497608,0.300496,77.67654,6.819999999999999,5.7,18.661732
Ghana,GHA,2010,9.709648,0.379658,69.98993,6.949999999999999,7.8,18.661732
Ghana,GHA,2011,11.226017,0.428377,68.70997,7.51,13.9,18.661732
Ghana,GHA,2012,14.382069,0.53547,68.259384,8.0,8.4,18.661732
Ghana,GHA,2013,14.33992,0.520967,65.203514,8.17,7.2,18.661732
Ghana,GHA,2014,14.975182,0.531103,65.8749,8.32,2.9,18.661732
Ghana,GHA,2015,16.026216,0.555099,52.014324,5.81,2.1,18.661732
Ghana,GHA,2016,15.562399,0.52657,48.77193,5.56,3.4,18.661732
Ghana,GHA,2017,13.943429,0.461363,44.15888,5.67,8.1,18.661732
Ghana,GHA,2018,17.104952,0.554085,42.24078,6.069999999999999,6.2,18.661732
Ghana,GHA,2019,18.706476,0.593436,43.858597,7.319999999999999,6.5,18.661732
Ghana,GHA,2020,19.654351,0.610755,36.534653,7.38,0.5,18.661732
Ghana,GHA,2021,21.312801,0.649127,34.861507,7.3,5.1,18.661732
Guinea,GIN,1990,1.003936,0.157997,,,4.3,
Guinea,GIN,1991,1.02592,0.155073,,,2.5,
Guinea,GIN,1992,1.058896,0.154986,,,3.3,
Guinea,GIN,1993,1.088208,0.154441,,,5.0,
Guinea,GIN,1994,1.124848,0.154893,,,4.0,
Guinea,GIN,1995,1.165152,0.156012,,,4.7,
Guinea,GIN,1996,1.234768,0.160712,,,4.5,
Guinea,GIN,1997,1.289728,0.164447,,,5.2,
Guinea,GIN,1998,1.363008,0.170535,,,3.6,
Guinea,GIN,1999,1.432624,0.175247,,,3.8,
Guinea,GIN,2000,1.491248,0.178872,54.666668,0.41,2.5,
Guinea,GIN,2001,1.560864,0.184811,58.51064,0.55,3.7,
Guinea,GIN,2002,1.623152,0.189227,59.595955,0.59,5.2,
Guinea,GIN,2003,1.700096,0.193804,45.977013,0.4,1.2,
Guinea,GIN,2004,1.762384,0.196672,58.51064,0.55,2.3,
Guinea,GIN,2005,1.824672,0.199633,55.68182,0.49,3.0,
Guinea,GIN,2006,1.890624,0.202626,54.117645,0.46,2.5,
Guinea,GIN,2007,1.967568,0.206091,56.382977,0.53,6.5,
Guinea,GIN,2008,1.99688,0.204184,54.166668,0.52,4.1,
Guinea,GIN,2009,2.110464,0.210597,54.166668,0.52,-1.5,
Guinea,GIN,2010,2.484192,0.241871,52.173912,0.48,4.2,
Guinea,GIN,2011,2.594112,0.246408,48.235294,0.41,5.6,
Guinea,GIN,2012,2.421904,0.224485,69.014084,0.49,5.9,
Guinea,GIN,2013,2.110464,0.190898,75.0,0.48,3.9,
Guinea,GIN,2014,2.165424,0.191066,60.869564,0.42,3.7,
Guinea,GIN,2015,2.451216,0.210839,78.94737,0.9,3.8,
Guinea,GIN,2016,2.741192,0.229754,68.32298,1.1,10.8,
Guinea,GIN,2017,3.238976,0.264605,69.49152,1.23,10.3,
Guinea,GIN,2018,3.685984,0.29359,51.00671,0.76,6.4,
Guinea,GIN,2019,4.433863,0.34431,63.592236,1.31,5.6,
Guinea,GIN,2020,4.532763,0.343257,77.8125,2.49,4.7,
Guinea,GIN,2021,4.841779,0.357805,72.66187,2.02,5.0,
Guadeloupe,GLP,1990,1.335743,3.407935,,,,
Guadeloupe,GLP,1991,1.4183,3.572643,,,,
Guadeloupe,GLP,1992,1.425563,3.551061,,,,
Guadeloupe,GLP,1993,1.568128,3.864945,,,,
Guadeloupe,GLP,1994,1.68785,4.117872,,,,
Guadeloupe,GLP,1995,1.76428,4.262215,,,,
Guadeloupe,GLP,1996,1.856584,4.442642,,,,
Guadeloupe,GLP,1997,1.866729,4.42548,,,,
Guadeloupe,GLP,1998,2.253974,5.303742,,,,
Guadeloupe,GLP,1999,2.20775,5.185518,,,,
Guadeloupe,GLP,2000,2.158175,5.089232,34.645668,0.44,,
Guadeloupe,GLP,2001,2.277671,5.407729,34.920635,0.44,,
Guadeloupe,GLP,2002,2.371233,5.677968,35.2459,0.43000000000000005,,
Guadeloupe,GLP,2003,2.397693,5.799304,39.694656,0.52,,
Guadeloupe,GLP,2004,2.57155,6.293178,38.461544,0.6000000000000001,,
Guadeloupe,GLP,2005,2.390912,5.929357,38.21656,0.6000000000000001,,
Guadeloupe,GLP,2006,2.339879,5.836186,38.414635,0.63,,
Guadeloupe,GLP,2007,2.494142,6.210296,38.011696,0.65,,
Guadeloupe,GLP,2008,2.444022,6.078219,37.86982,0.64000003,,
Guadeloupe,GLP,2009,2.382841,5.9175,38.095238,0.64000003,,
Guadeloupe,GLP,2010,2.50646,6.218392,38.69048,0.65000003,,
Guadeloupe,GLP,2011,2.503673,6.210385,31.176468,0.53,,
Guadeloupe,GLP,2012,2.480128,6.154409,,,,
Guadeloupe,GLP,2013,2.436043,6.054583,,,,
Guadeloupe,GLP,2014,2.42573,6.051511,,,,
Guadeloupe,GLP,2015,2.463331,6.172385,,,,
Guadeloupe,GLP,2016,2.519498,6.33272,,,,
Guadeloupe,GLP,2017,2.486043,6.261727,,,,
Guadeloupe,GLP,2018,2.471658,6.237435,,,,
Guadeloupe,GLP,2019,2.532095,6.402505,,,,
Guadeloupe,GLP,2020,2.291068,5.79076,,,,
Guadeloupe,GLP,2021,2.291068,5.78478,,,,
Gambia,GMB,1990,0.197856,0.190134,,,5.7,
Gambia,GMB,1991,0.197856,0.182602,,,2.2,
Gambia,GMB,1992,0.197856,0.175536,,,1.8,
Gambia,GMB,1993,0.208848,0.178761,,,3.8,
Gambia,GMB,1994,0.208848,0.173191,,,-3.4,
Gambia,GMB,1995,0.216176,0.174033,,,3.3,
Gambia,GMB,1996,0.21984,0.171875,,,2.9,
Gambia,GMB,1997,0.223504,0.169707,,,1.4,
Gambia,GMB,1998,0.241824,0.178311,,,6.5,
Gambia,GMB,1999,0.2748,0.196778,,,6.4,
Gambia,GMB,2000,0.2748,0.19116,0.0,0.0,5.5,
Gambia,GMB,2001,0.300448,0.203081,0.0,0.0,5.8,
Gambia,GMB,2002,0.296784,0.194967,0.0,0.0,-3.2,
Gambia,GMB,2003,0.296784,0.189486,0.0,0.0,6.9,
Gambia,GMB,2004,0.318768,0.197719,0.0,0.0,7.0,
Gambia,GMB,2005,0.322432,0.194193,0.0,0.0,-2.4,
Gambia,GMB,2006,0.34808,0.203402,0.0,0.0,-0.6,
Gambia,GMB,2007,0.34808,0.197226,0.0,0.0,3.0,
Gambia,GMB,2008,0.362736,0.199246,0.0,0.0,6.3,
Gambia,GMB,2009,0.373728,0.198991,0.0,0.0,6.7,
Gambia,GMB,2010,0.425024,0.219393,0.0,0.0,5.9,
Gambia,GMB,2011,0.443344,0.22187,0.0,0.0,-8.1,
Gambia,GMB,2012,0.447008,0.216887,0.0,0.0,5.2,
Gambia,GMB,2013,0.425024,0.200024,0.0,0.0,2.9,
Gambia,GMB,2014,0.505632,0.230986,0.0,0.0,-1.4,
Gambia,GMB,2015,0.582576,0.258563,0.0,0.0,4.1,
Gambia,GMB,2016,0.589904,0.254576,0.0,0.0,1.9,
Gambia,GMB,2017,0.593568,0.249275,0.0,0.0,4.8,
Gambia,GMB,2018,0.593568,0.242776,0.0,0.0,7.2,
Gambia,GMB,2019,0.600896,0.239507,0.0,0.0,6.2,
Gambia,GMB,2020,0.613851,0.238482,0.0,0.0,0.6,
Gambia,GMB,2021,0.655699,0.248379,0.0,0.0,5.3,
Guinea-Bissau,GNB,1990,0.172208,0.176886,,,4.6,
Guinea-Bissau,GNB,1991,0.175872,0.176959,,,7.3,
Guinea-Bissau,GNB,1992,0.179536,0.175516,,,3.1,
Guinea-Bissau,GNB,1993,0.1832,0.17336,,,2.3,
Guinea-Bissau,GNB,1994,0.1832,0.168132,,,3.0,
Guinea-Bissau,GNB,1995,0.1832,0.163978,,,4.0,
Guinea-Bissau,GNB,1996,0.1832,0.160617,,,3.7,
Guinea-Bissau,GNB,1997,0.20152,0.173359,,,6.0,
Guinea-Bissau,GNB,1998,0.172208,0.145437,,,-22.4,
Guinea-Bissau,GNB,1999,0.194192,0.160958,,,16.8,
Guinea-Bissau,GNB,2000,0.14656,0.119072,0.0,0.0,1.1,
Guinea-Bissau,GNB,2001,0.150224,0.119474,0.0,0.0,4.8,
Guinea-Bissau,GNB,2002,0.153888,0.119694,0.0,0.0,3.7,
Guinea-Bissau,GNB,2003,0.194192,0.147601,0.0,0.0,-0.3,
Guinea-Bissau,GNB,2004,0.20152,0.149606,0.0,0.0,1.2,
Guinea-Bissau,GNB,2005,0.212512,0.154026,0.0,0.0,6.6,
Guinea-Bissau,GNB,2006,0.216176,0.152873,0.0,0.0,2.7,
Guinea-Bissau,GNB,2007,0.230832,0.159132,0.0,0.0,2.6,
Guinea-Bissau,GNB,2008,0.227168,0.152622,0.0,0.0,4.5,
Guinea-Bissau,GNB,2009,0.234496,0.153547,0.0,0.0,2.4,
Guinea-Bissau,GNB,2010,0.23816,0.151963,0.0,0.0,5.6,
Guinea-Bissau,GNB,2011,0.241824,0.150293,0.0,0.0,8.1,
Guinea-Bissau,GNB,2012,0.245488,0.148536,0.0,0.0,-1.7,
Guinea-Bissau,GNB,2013,0.245488,0.144596,0.0,0.0,3.3,
Guinea-Bissau,GNB,2014,0.260144,0.149224,0.0,0.0,1.0,
Guinea-Bissau,GNB,2015,0.278464,0.15566,0.0,0.0,6.1,
Guinea-Bissau,GNB,2016,0.304112,0.165769,0.0,0.0,5.3,
Guinea-Bissau,GNB,2017,0.304112,0.161777,0.0,0.0,4.8,
Guinea-Bissau,GNB,2018,0.31144,0.161791,0.0,0.0,3.8,
Guinea-Bissau,GNB,2019,0.322432,0.163633,0.0,0.0,4.5,
Guinea-Bissau,GNB,2020,0.329383,0.163398,0.0,0.0,1.5,
Guinea-Bissau,GNB,2021,0.351839,0.170736,0.0,0.0,6.4,
Equatorial Guinea,GNQ,1990,0.062288,0.133795,,,2.5,
Equatorial Guinea,GNQ,1991,0.065952,0.136506,,,-1.2,
Equatorial Guinea,GNQ,1992,0.065952,0.131553,,,33.0,
Equatorial Guinea,GNQ,1993,0.069616,0.133816,,,10.5,
Equatorial Guinea,GNQ,1994,0.076944,0.142491,,,16.8,
Equatorial Guinea,GNQ,1995,0.084272,0.150287,,,26.5,
Equatorial Guinea,GNQ,1996,0.12824,0.220127,,,52.7,
Equatorial Guinea,GNQ,1997,0.304112,0.502191,,,148.0,
Equatorial Guinea,GNQ,1998,0.263808,0.41892,,,24.8,
Equatorial Guinea,GNQ,1999,0.406704,0.620895,,,26.4,
Equatorial Guinea,GNQ,2000,0.615552,0.898646,11.111111,0.01,110.5,
Equatorial Guinea,GNQ,2001,2.964176,4.121089,16.666668,0.01,60.0,
Equatorial Guinea,GNQ,2002,7.782336,10.319827,9.090909,0.01,19.6,
Equatorial Guinea,GNQ,2003,7.961872,10.08239,8.333334,0.01,14.5,
Equatorial Guinea,GNQ,2004,9.962416,12.055855,5.882353,0.01,30.4,
Equatorial Guinea,GNQ,2005,8.038816,9.296374,5.0,0.01,8.2,
Equatorial Guinea,GNQ,2006,7.10816,7.850694,3.846154,0.01,6.5,
Equatorial Guinea,GNQ,2007,5.583936,5.885175,3.125,0.01,15.3,
Equatorial Guinea,GNQ,2008,6.10056,6.131395,10.869565,0.05,17.8,
Equatorial Guinea,GNQ,2009,5.389744,5.164143,9.803922,0.05,1.3,
Equatorial Guinea,GNQ,2010,6.785728,6.199707,5.172414,0.03,-8.9,
Equatorial Guinea,GNQ,2011,9.431136,8.239765,4.6153846,0.03,6.5,
Equatorial Guinea,GNQ,2012,6.900688,5.781233,10.666667,0.08,8.3,
Equatorial Guinea,GNQ,2013,8.196178,6.58888,26.041668,0.25,-4.1,
Equatorial Guinea,GNQ,2014,7.67219,5.923634,34.862385,0.38,0.4,
Equatorial Guinea,GNQ,2015,7.033481,5.221694,36.153847,0.47,-9.1,
Equatorial Guinea,GNQ,2016,7.560414,5.404438,33.57143,0.47,-8.8,
Equatorial Guinea,GNQ,2017,7.86213,5.419565,32.83582,0.44,-5.7,
Equatorial Guinea,GNQ,2018,6.008452,4.000059,32.59259,0.44,-6.2,
Equatorial Guinea,GNQ,2019,4.637976,2.986403,32.142857,0.45,-5.5,
Equatorial Guinea,GNQ,2020,4.989116,3.125917,34.751774,0.49,-4.8,
Equatorial Guinea,GNQ,2021,5.224788,3.196633,30.985916,0.44,-0.4,
Greece,GRC,1990,83.43804,8.099007,5.089132,1.77,0.0,76.5933
Greece,GRC,1991,83.407498,8.026476,8.673755,3.1,3.1,76.5933
Greece,GRC,1992,84.975654,8.109611,5.937668,2.21,0.7,76.5933
Greece,GRC,1993,84.284958,7.97893,6.110674,2.3299999999999996,-1.6,76.5933
Greece,GRC,1994,86.430258,8.117487,6.5362716,2.64,2.0,76.5933
Greece,GRC,1995,86.963204,8.106245,8.619855,3.5599999999999996,2.1,76.5933
Greece,GRC,1996,89.114955,8.248478,10.348892,4.39,2.9,76.5933
Greece,GRC,1997,93.801558,8.625214,9.055209,3.92,4.5,76.5933
Greece,GRC,1998,98.621793,9.015222,8.205239,3.79,3.9,76.5933
Greece,GRC,1999,97.934815,8.908136,9.6173315,4.75,3.1,76.5933
Greece,GRC,2000,102.973167,9.328877,7.7499065,4.14,3.9,76.5933
Greece,GRC,2001,105.361862,9.515908,5.5388093,2.9400000000000004,4.1,76.5933
Greece,GRC,2002,105.00051,9.462389,6.6357737,3.5799999999999996,3.9,76.5933
Greece,GRC,2003,109.066728,9.816557,10.172711,5.889999999999999,5.8,76.5933
Greece,GRC,2004,109.485277,9.850147,10.051021,5.91,5.1,76.5933
Greece,GRC,2005,113.888965,10.247852,10.785798,6.409999999999999,0.6,76.5933
Greece,GRC,2006,112.419545,10.122331,12.747216,7.670000000000001,5.7,76.5933
Greece,GRC,2007,114.545692,10.327347,7.319407,4.59,3.3,76.5933
Greece,GRC,2008,111.080374,10.031078,9.138589,5.750000000000001,-0.3,76.5933
Greece,GRC,2009,104.319843,9.436017,13.361716,8.16,-4.3,76.5933
Greece,GRC,2010,97.35415,8.823279,18.351341,10.53,-5.5,76.5933
Greece,GRC,2011,94.505232,8.587696,13.7692175,8.15,-10.1,76.5933
Greece,GRC,2012,91.392589,8.335975,16.674896,10.129999999999999,-7.1,76.5933
Greece,GRC,2013,81.71326,7.486667,25.140057,14.36,-2.5,76.5933
Greece,GRC,2014,78.639618,7.239238,24.190666,12.180000000000001,0.5,76.5933
Greece,GRC,2015,74.927631,6.93348,28.65136,14.85,-0.2,76.5933
Greece,GRC,2016,71.364164,6.638686,27.366293,14.89,-0.5,76.5933
Greece,GRC,2017,74.84505,6.999949,25.009062,13.8,1.1,76.5933
Greece,GRC,2018,71.78199,6.750697,30.309858,16.139999999999997,1.7,76.5933
Greece,GRC,2019,65.756232,6.218657,33.14121,16.099999999999998,1.9,76.5933
Greece,GRC,2020,55.610277,5.290054,36.44103,17.55,-9.0,76.5933
Greece,GRC,2021,56.309279,5.390839,40.494053,22.130000000000003,8.4,76.5933
Grenada,GRD,1990,0.106256,1.072784,,,4.2,
Grenada,GRD,1991,0.10992,1.101867,,,1.4,
Grenada,GRD,1992,0.117248,1.160412,,,-0.8,
Grenada,GRD,1993,0.120912,1.183405,,,-2.0,
Grenada,GRD,1994,0.142896,1.385,,,1.8,
Grenada,GRD,1995,0.150224,1.443629,,,2.2,
Grenada,GRD,1996,0.153888,1.467753,,,4.4,
Grenada,GRD,1997,0.168544,1.596832,,,4.9,
Grenada,GRD,1998,0.175872,1.656045,,,11.8,
Grenada,GRD,1999,0.194192,1.817886,,,7.0,
Grenada,GRD,2000,0.190528,1.773475,0.0,0.0,5.1,
Grenada,GRD,2001,0.194192,1.79914,0.0,0.0,-2.0,
Grenada,GRD,2002,0.205184,1.895797,0.0,0.0,3.4,
Grenada,GRD,2003,0.216176,1.988008,0.0,0.0,9.5,
Grenada,GRD,2004,0.205184,1.873553,0.0,0.0,-0.6,
Grenada,GRD,2005,0.216176,1.960709,0.0,0.0,13.3,
Grenada,GRD,2006,0.230832,2.079792,0.0,0.0,-4.0,
Grenada,GRD,2007,0.23816,2.131663,0.0,0.0,6.1,
Grenada,GRD,2008,0.252816,2.247693,0.0,0.0,0.9,
Grenada,GRD,2009,0.252816,2.232391,0.0,0.0,-6.6,
Grenada,GRD,2010,0.260144,2.281185,0.0,0.0,-0.5,
Grenada,GRD,2011,0.252816,2.199969,0.0,0.0,0.8,
Grenada,GRD,2012,0.271136,2.339154,0.0,0.0,-1.2,
Grenada,GRD,2013,0.304112,2.60047,0.0,0.0,2.4,
Grenada,GRD,2014,0.234496,1.987726,0.0,0.0,7.3,
Grenada,GRD,2015,0.260144,2.186452,0.0,0.0,6.4,
Grenada,GRD,2016,0.267472,2.229565,0.0,0.0,3.7,
Grenada,GRD,2017,0.278464,2.302859,0.0,0.0,4.4,
Grenada,GRD,2018,0.307776,2.526108,0.0,0.0,4.4,
Grenada,GRD,2019,0.32976,2.687005,0.0,0.0,0.7,
Grenada,GRD,2020,0.28596,2.312416,0.0,0.0,-13.8,
Grenada,GRD,2021,0.31921,2.56167,0.0,0.0,4.7,
Greenland,GRL,1990,0.624506,11.232324,,,,
Greenland,GRL,1991,0.609701,10.954615,,,,
Greenland,GRL,1992,0.5956,10.695302,,,,
Greenland,GRL,1993,0.54571,9.7959,,,,
Greenland,GRL,1994,0.495715,8.899731,,,,
Greenland,GRL,1995,0.53412,9.574102,,,,
Greenland,GRL,1996,0.596742,10.663724,,,,
Greenland,GRL,1997,0.617614,11.01466,,,,
Greenland,GRL,1998,0.596843,10.634553,,,,
Greenland,GRL,1999,0.594492,10.595872,,,,
Greenland,GRL,2000,0.667505,11.880695,40.476192,0.17,,
Greenland,GRL,2001,0.618086,10.961689,41.025642,0.16,,
Greenland,GRL,2002,0.579721,10.248764,47.368423,0.18,,
Greenland,GRL,2003,0.649778,11.454267,54.545452,0.18,,
Greenland,GRL,2004,0.639923,11.253171,57.575756,0.19,,
Greenland,GRL,2005,0.644089,11.322255,57.142857,0.2,,
Greenland,GRL,2006,0.662254,11.657144,51.282055,0.2,,
Greenland,GRL,2007,0.653156,11.517872,52.63158,0.2,,
Greenland,GRL,2008,0.677758,11.979178,50.0,0.2,,
Greenland,GRL,2009,0.592953,10.505528,61.904762,0.26,,
Greenland,GRL,2010,0.678834,12.046529,70.731705,0.29,,
Greenland,GRL,2011,0.725334,12.886121,73.91304,0.34,,
Greenland,GRL,2012,0.578472,10.293272,77.27273,0.34,,
Greenland,GRL,2013,0.561216,10.005812,82.22222,0.37,,
Greenland,GRL,2014,0.520837,9.308467,82.97872,0.39,,
Greenland,GRL,2015,0.523816,9.371429,82.35294,0.42,,
Greenland,GRL,2016,0.524924,9.387726,83.333336,0.4,,
Greenland,GRL,2017,0.542002,9.69107,82.608696,0.38,,
Greenland,GRL,2018,0.548021,9.79816,80.39216,0.41,,
Greenland,GRL,2019,0.553636,9.898558,80.0,0.4,,
Greenland,GRL,2020,0.500478,8.932951,84.745766,0.5,,
Greenland,GRL,2021,0.510659,9.079509,83.33333,0.5,,
Guatemala,GTM,1990,4.972245,0.547316,,,3.1,11.460323
Guatemala,GTM,1991,4.951134,0.530693,,,3.0,11.460323
Guatemala,GTM,1992,5.919209,0.618089,,,4.6,11.460323
Guatemala,GTM,1993,5.577778,0.567316,,,3.4,11.460323
Guatemala,GTM,1994,6.751174,0.668769,,,3.5,11.460323
Guatemala,GTM,1995,7.07855,0.683054,,,4.4,11.460323
Guatemala,GTM,1996,6.571124,0.618034,,,2.8,11.460323
Guatemala,GTM,1997,7.501859,0.687904,,,4.1,11.460323
Guatemala,GTM,1998,8.639397,0.772476,,,4.6,11.460323
Guatemala,GTM,1999,8.805825,0.768162,,,3.7,11.460323
Guatemala,GTM,2000,9.764762,0.832042,52.902153,3.19,2.5,11.460323
Guatemala,GTM,2001,10.23326,0.852119,51.457977,3.0,3.1,11.460323
Guatemala,GTM,2002,10.721662,0.872399,45.43974,2.79,3.8,11.460323
Guatemala,GTM,2003,10.447951,0.831148,46.405228,3.55,2.6,11.460323
Guatemala,GTM,2004,11.180307,0.869898,48.813057,3.29,3.1,11.460323
Guatemala,GTM,2005,12.109271,0.922062,48.07229,3.99,3.3,11.460323
Guatemala,GTM,2006,12.176554,0.907858,55.60917,4.6099999,5.4,11.460323
Guatemala,GTM,2007,12.144909,0.886709,50.77605,4.58,6.3,11.460323
Guatemala,GTM,2008,10.893166,0.779227,59.83413,5.05,3.3,11.460323
Guatemala,GTM,2009,11.442047,0.802421,52.693207,4.499999900000001,0.5,11.460323
Guatemala,GTM,2010,11.097682,0.763088,62.953697,5.03,2.9,11.460323
Guatemala,GTM,2011,11.237312,0.757565,63.526573,5.26,4.2,11.460323
Guatemala,GTM,2012,11.576642,0.765231,63.733906,5.9399999999999995,3.0,11.460323
Guatemala,GTM,2013,12.811683,0.830705,63.952335,6.440000100000001,3.7,11.460323
Guatemala,GTM,2014,13.827104,0.879937,64.54631,6.8999999999999995,4.4,11.460323
Guatemala,GTM,2015,15.951889,0.996924,60.017498,6.859999999999999,4.1,11.460323
Guatemala,GTM,2016,16.926491,1.039008,60.51538,7.2799999,2.7,11.460323
Guatemala,GTM,2017,17.320524,1.044744,70.11041,8.8899998,3.1,11.460323
Guatemala,GTM,2018,18.690765,1.109233,65.20199,9.2,3.4,11.460323
Guatemala,GTM,2019,19.761452,1.155212,61.376812,8.47,4.0,11.460323
Guatemala,GTM,2020,17.595579,1.013412,68.13104,9.149999999999999,-1.8,11.460323
Guatemala,GTM,2021,20.327104,1.154393,66.55125,9.6099999,8.0,11.460323
French Guiana,GUF,1990,0.720213,6.321482,,,,
French Guiana,GUF,1991,0.811731,6.849649,,,,
French Guiana,GUF,1992,0.819485,6.666437,,,,
French Guiana,GUF,1993,0.870676,6.828883,,,,
French Guiana,GUF,1994,0.772808,5.843095,,,,
French Guiana,GUF,1995,0.72393,5.277113,,,,
French Guiana,GUF,1996,0.596759,4.195675,,,,
French Guiana,GUF,1997,0.554974,3.765775,,,,
French Guiana,GUF,1998,0.654243,4.285933,,,,
French Guiana,GUF,1999,0.523487,3.310758,,,,
French Guiana,GUF,2000,0.510679,3.107248,0.0,0.0,,
French Guiana,GUF,2001,0.562971,3.284586,91.3793,0.53,,
French Guiana,GUF,2002,0.509054,2.848171,90.16393,0.55,,
French Guiana,GUF,2003,0.64825,3.48134,90.47619,0.57,,
French Guiana,GUF,2004,0.634316,3.274834,90.769226,0.59,,
French Guiana,GUF,2005,0.596685,2.964761,91.17647,0.62,,
French Guiana,GUF,2006,0.508304,2.445309,90.14085,0.64,,
French Guiana,GUF,2007,0.601892,2.821757,73.333336,0.66,,
French Guiana,GUF,2008,0.582708,2.66665,75.0,0.69,,
French Guiana,GUF,2009,0.767079,3.431753,68.93204,0.71,,
French Guiana,GUF,2010,0.712621,3.119333,67.567566,0.75,,
French Guiana,GUF,2011,0.711829,3.046794,66.03774,0.7000000000000001,,
French Guiana,GUF,2012,0.705135,2.947357,,,,
French Guiana,GUF,2013,0.692601,2.822678,,,,
French Guiana,GUF,2014,0.689668,2.743627,,,,
French Guiana,GUF,2015,0.700359,2.724856,,,,
French Guiana,GUF,2016,0.716328,2.725618,,,,
French Guiana,GUF,2017,0.706816,2.624126,,,,
French Guiana,GUF,2018,0.702726,2.540156,,,,
French Guiana,GUF,2019,0.719909,2.534249,,,,
French Guiana,GUF,2020,0.651382,2.238665,,,,
French Guiana,GUF,2021,0.651382,2.189895,,,,
Guyana,GUY,1990,1.128512,1.510491,,,-3.0,
Guyana,GUY,1991,1.106528,1.487077,,,6.0,
Guyana,GUY,1992,1.040576,1.39675,,,7.8,
Guyana,GUY,1993,1.04424,1.397558,,,8.2,
Guyana,GUY,1994,1.458272,1.94554,,,8.5,
Guyana,GUY,1995,1.568192,2.086224,,,5.1,
Guyana,GUY,1996,1.652464,2.192844,,,8.0,
Guyana,GUY,1997,1.806352,2.391851,,,6.2,
Guyana,GUY,1998,1.828336,2.416206,,,-1.7,
Guyana,GUY,1999,1.832,2.416842,,,3.0,
Guyana,GUY,2000,1.747728,2.302517,6.818182,0.06,-1.3,
Guyana,GUY,2001,1.744064,2.295398,6.593406,0.06,2.3,
Guyana,GUY,2002,1.714752,2.255294,6.593406,0.06,1.1,
Guyana,GUY,2003,1.857648,2.442468,6.097561,0.05,-0.7,
Guyana,GUY,2004,1.927264,2.53446,6.976744,0.06,1.6,
Guyana,GUY,2005,1.619488,2.131721,7.692308,0.05,-1.9,
Guyana,GUY,2006,1.509568,1.990551,7.4626865,0.05,5.1,
Guyana,GUY,2007,1.780704,2.353806,7.142857,0.05,7.0,
Guyana,GUY,2008,1.707424,2.264038,7.042254,0.05,2.0,
Guyana,GUY,2009,1.908944,2.540997,15.277777,0.11,3.3,
Guyana,GUY,2010,1.88696,2.522903,15.116279,0.13,4.4,
Guyana,GUY,2011,1.96024,2.633917,15.384615,0.14,5.4,
Guyana,GUY,2012,1.96024,2.634852,14.736842,0.14,5.0,
Guyana,GUY,2013,1.90528,2.549142,14.141414,0.14,3.7,
Guyana,GUY,2014,1.972021,2.625458,15.000001,0.15,1.7,
Guyana,GUY,2015,2.003336,2.653316,15.384616,0.16,0.7,
Guyana,GUY,2016,2.345135,3.089415,13.636364,0.15,3.8,
Guyana,GUY,2017,2.319487,3.038953,13.157896,0.15,3.7,
Guyana,GUY,2018,2.480982,3.158419,13.793104,0.16,4.4,
Guyana,GUY,2019,2.730134,3.417995,13.114754,0.16,5.4,
Guyana,GUY,2020,3.190965,4.002705,12.931036,0.15000000000000002,43.5,
Guyana,GUY,2021,3.087826,3.837874,13.00813,0.16,20.1,
Hong Kong,HKG,1990,27.14769,4.649712,0.0,0.0,3.8,
Hong Kong,HKG,1991,28.463072,4.805153,0.0,0.0,5.7,
Hong Kong,HKG,1992,32.918561,5.479409,0.0,0.0,6.2,
Hong Kong,HKG,1993,34.777844,5.710828,0.0,0.0,6.2,
Hong Kong,HKG,1994,31.079293,5.038218,0.0,0.0,6.0,
Hong Kong,HKG,1995,31.267054,5.007649,0.0,0.0,2.4,
Hong Kong,HKG,1996,28.908528,4.564425,0.0,0.0,4.3,
Hong Kong,HKG,1997,30.496981,4.734647,0.0,0.0,5.1,
Hong Kong,HKG,1998,38.924984,5.946325,0.0,0.0,-5.9,
Hong Kong,HKG,1999,42.549016,6.406088,0.0,0.0,2.5,
Hong Kong,HKG,2000,40.282786,5.984493,0.0,0.0,7.7,
Hong Kong,HKG,2001,37.801699,5.557813,0.0,0.0,0.6,
Hong Kong,HKG,2002,39.485079,5.765215,0.0,0.0,1.7,
Hong Kong,HKG,2003,43.202329,6.273521,0.0,0.0,3.1,
Hong Kong,HKG,2004,41.569401,6.010615,0.0,0.0,8.7,
Hong Kong,HKG,2005,43.73055,6.304072,0.0,0.0,7.4,
Hong Kong,HKG,2006,41.914808,6.021728,0.0,0.0,7.0,
Hong Kong,HKG,2007,43.572438,6.223339,0.0,0.0,6.5,
Hong Kong,HKG,2008,42.790584,6.069004,0.0,0.0,2.1,
Hong Kong,HKG,2009,41.5794,5.860715,0.0,0.0,-2.5,
Hong Kong,HKG,2010,40.062903,5.617,0.0,0.0,6.8,
Hong Kong,HKG,2011,43.149716,6.013593,0.0,0.0,4.8,
Hong Kong,HKG,2012,42.742062,5.908447,0.0,0.0,1.7,
Hong Kong,HKG,2013,44.306891,6.072076,0.0,0.0,3.1,
Hong Kong,HKG,2014,45.491754,6.187517,0.0,0.0,2.8,
Hong Kong,HKG,2015,42.399923,5.729845,0.0,0.0,2.4,
Hong Kong,HKG,2016,43.365783,5.831927,0.0,0.0,2.2,
Hong Kong,HKG,2017,42.431172,5.686667,0.028694406,0.01,3.8,
Hong Kong,HKG,2018,42.600628,5.694087,0.029052878,0.01,2.8,
Hong Kong,HKG,2019,41.900196,5.589583,0.05757052,0.02,-1.7,
Hong Kong,HKG,2020,31.504807,4.200104,0.06035003,0.02,-6.5,
Hong Kong,HKG,2021,31.664379,4.224972,0.056737587,0.02,6.4,
Honduras,HND,1990,2.504658,0.495654,,,2.8,
Honduras,HND,1991,2.526966,0.486246,,,-3.3,
Honduras,HND,1992,2.803312,0.524496,,,6.1,
Honduras,HND,1993,2.940777,0.534994,,,6.5,
Honduras,HND,1994,3.231039,0.571568,,,0.2,
Honduras,HND,1995,3.836235,0.65996,,,6.2,
Honduras,HND,1996,3.875521,0.648454,,,1.9,
Honduras,HND,1997,4.010334,0.652712,,,4.6,
Honduras,HND,1998,4.810582,0.762551,,,3.6,
Honduras,HND,1999,4.704557,0.726307,,,-0.7,
Honduras,HND,2000,5.031508,0.755853,63.276836,2.24,7.3,
Honduras,HND,2001,5.664895,0.82846,50.4,1.89,2.7,
Honduras,HND,2002,5.945282,0.846917,41.475826,1.6300000000000001,3.8,
Honduras,HND,2003,6.686778,0.928477,41.609196,1.81,4.5,
Honduras,HND,2004,7.194159,0.974369,33.04721,1.5399999999999998,6.2,
Honduras,HND,2005,6.834857,0.90353,35.62152,1.92,6.1,
Honduras,HND,2006,7.698208,0.993933,39.372826,2.26,6.6,
Honduras,HND,2007,8.216418,1.036842,40.330578,2.44,6.2,
Honduras,HND,2008,8.532908,1.053214,41.017487,2.58,4.2,
Honduras,HND,2009,8.030408,0.970172,48.194664,3.07,-2.4,
Honduras,HND,2010,7.996618,0.946241,51.226994,3.34,3.7,
Honduras,HND,2011,8.860314,1.02758,48.57143,3.4000000000000004,3.8,
Honduras,HND,2012,9.218278,1.048441,47.39653,3.5499999999999994,4.1,
Honduras,HND,2013,9.364898,1.045113,46.313065,3.58,2.8,
Honduras,HND,2014,9.481238,1.038716,43.249702,3.6199999999999997,3.1,
Honduras,HND,2015,10.347979,1.113344,45.6869,4.29,3.8,
Honduras,HND,2016,9.722308,1.027641,50.209206,4.800000000000001,3.9,
Honduras,HND,2017,10.231486,1.062808,56.666664,5.44000004,4.8,
Honduras,HND,2018,9.861259,1.006986,61.919193,6.13,3.8,
Honduras,HND,2019,11.232139,1.127857,51.528778,5.7299999,2.7,
Honduras,HND,2020,9.844177,0.972575,51.724136,5.8500001,-9.0,
Honduras,HND,2021,10.897812,1.060269,52.046783,6.23,12.5,
Croatia,HRV,1990,22.979789,4.715053,44.356663,3.9299999999999997,,69.537514
Croatia,HRV,1991,16.987509,3.50654,64.49361,5.54,,69.537514
Croatia,HRV,1992,16.372593,3.41215,48.988766,4.359999999999999,,69.537514
Croatia,HRV,1993,16.80918,3.507464,47.7534,4.569999999999999,-8.0,69.537514
Croatia,HRV,1994,16.054021,3.331106,62.029644,5.4399999999999995,5.9,69.537514
Croatia,HRV,1995,16.817667,3.498506,61.380795,5.6899999999999995,6.6,69.537514
Croatia,HRV,1996,17.34487,3.644931,70.45659,7.87,5.9,69.537514
Croatia,HRV,1997,18.558618,3.93911,57.184753,5.85,6.6,69.537514
Croatia,HRV,1998,19.013422,4.080193,52.663757,6.029999999999999,1.9,69.537514
Croatia,HRV,1999,20.024746,4.348168,56.54854,7.34,-0.9,69.537514
Croatia,HRV,2000,19.662487,4.322914,57.282413,6.45,3.7,69.537514
Croatia,HRV,2001,20.785304,4.612029,56.225525,7.18,3.1,69.537514
Croatia,HRV,2002,21.88946,4.882914,46.02675,5.85,5.8,69.537514
Croatia,HRV,2003,23.215261,5.203886,41.394997,5.46,5.6,69.537514
Croatia,HRV,2004,22.887891,5.151044,54.931602,7.63,4.2,69.537514
Croatia,HRV,2005,23.343921,5.269888,54.05819,7.06,4.3,69.537514
Croatia,HRV,2006,23.549946,5.330985,51.47059,6.6499999999999995,4.9,69.537514
Croatia,HRV,2007,24.862861,5.643555,37.79904,4.74,5.0,69.537514
Croatia,HRV,2008,23.594994,5.370232,45.6964,5.84,2.0,69.537514
Croatia,HRV,2009,21.804455,4.975766,56.02996,7.4799999999999995,-7.2,69.537514
Croatia,HRV,2010,21.016283,4.810669,62.880325,9.3,-1.2,69.537514
Croatia,HRV,2011,20.649618,4.745029,47.016922,5.28,-0.1,69.537514
Croatia,HRV,2012,19.087403,4.406553,49.6695,5.26,-2.3,69.537514
Croatia,HRV,2013,18.432191,4.277748,66.5233,9.28,-0.4,69.537514
Croatia,HRV,2014,17.681566,4.127377,73.95833,9.94,-0.4,69.537514
Croatia,HRV,2015,17.824705,4.189302,66.844444,7.52,2.5,69.537514
Croatia,HRV,2016,18.109014,4.287425,66.24405,8.36,3.6,69.537514
Croatia,HRV,2017,18.743995,4.470875,60.39016,7.12,3.4,69.537514
Croatia,HRV,2018,17.724152,4.260117,72.177124,9.780000000000001,2.8,69.537514
Croatia,HRV,2019,17.857446,4.324096,65.95577,8.35,3.4,69.537514
Croatia,HRV,2020,16.870528,4.117908,64.57704,8.549999999999999,-8.5,69.537514
Croatia,HRV,2021,17.701451,4.359818,69.64286,10.53,13.1,69.537514
Haiti,HTI,1990,0.994997,0.143675,,,-0.4,
Haiti,HTI,1991,0.976137,0.138145,,,1.3,
Haiti,HTI,1992,0.888522,0.123307,,,-2.3,
Haiti,HTI,1993,0.684199,0.09314,,,-4.9,
Haiti,HTI,1994,0.1832,0.024472,,,-11.6,
Haiti,HTI,1995,0.875696,0.114811,,,9.9,
Haiti,HTI,1996,1.018592,0.131083,,,4.1,
Haiti,HTI,1997,1.348352,0.17035,,,2.7,
Haiti,HTI,1998,1.234768,0.15318,,,2.2,
Haiti,HTI,1999,1.271408,0.154881,,,2.7,
Haiti,HTI,2000,1.634144,0.195467,52.830193,0.28,0.9,
Haiti,HTI,2001,1.471293,0.172855,49.122807,0.28,-0.3,
Haiti,HTI,2002,1.785235,0.20611,49.056606,0.26,1.1,
Haiti,HTI,2003,1.700183,0.192934,49.019608,0.25,3.5,
Haiti,HTI,2004,1.651995,0.184344,49.056606,0.26,-1.3,
Haiti,HTI,2005,1.724339,0.18924,49.056606,0.26,3.1,
Haiti,HTI,2006,1.752042,0.189077,49.09091,0.27,1.8,
Haiti,HTI,2007,1.772405,0.188137,33.333336,0.15,4.7,
Haiti,HTI,2008,1.760637,0.183874,38.29787,0.18,2.7,
Haiti,HTI,2009,1.888301,0.194057,29.411764,0.2,5.9,
Haiti,HTI,2010,2.136827,0.217094,30.357143,0.17,-5.7,
Haiti,HTI,2011,2.272898,0.228333,18.461538,0.12,5.1,
Haiti,HTI,2012,2.264181,0.223987,20.952381,0.22,0.5,
Haiti,HTI,2013,2.70625,0.263736,14.0,0.14,4.3,
Haiti,HTI,2014,2.704625,0.259742,9.183673,0.09,1.7,
Haiti,HTI,2015,2.660657,0.251867,8.163265,0.08,2.6,
Haiti,HTI,2016,2.979519,0.2781,6.8627453,0.07,1.8,
Haiti,HTI,2017,3.100428,0.285397,13.0,0.13,2.5,
Haiti,HTI,2018,3.371393,0.306145,20.0,0.2,1.7,
Haiti,HTI,2019,3.052705,0.273529,16.666666,0.17,-1.7,
Haiti,HTI,2020,2.617741,0.231519,11.956522,0.11,-3.3,
Haiti,HTI,2021,2.875923,0.251226,13.131313,0.13,-1.8,
Hungary,HUN,1990,73.225536,7.05721,0.70323485,0.19999999999999998,-3.5,55.361725
Hungary,HUN,1991,69.656248,6.714019,0.7009346,0.21,-11.9,55.361725
Hungary,HUN,1992,62.084832,5.986931,0.66287875,0.21000000000000002,-3.1,55.361725
Hungary,HUN,1993,63.389271,6.120179,0.6381039,0.21000000000000002,-0.6,55.361725
Hungary,HUN,1994,61.786556,5.974083,0.62649167,0.21000000000000002,2.9,55.361725
Hungary,HUN,1995,61.391314,5.944641,0.6466784,0.22,2.5,55.361725
Hungary,HUN,1996,63.024782,6.114004,0.74095184,0.26,0.1,55.361725
Hungary,HUN,1997,61.623559,5.990885,0.7627119,0.27,3.1,55.361725
Hungary,HUN,1998,61.163666,5.960809,0.5913978,0.22,3.9,55.361725
Hungary,HUN,1999,61.663743,6.027586,0.6344171,0.24,3.1,55.361725
Hungary,HUN,2000,58.365151,5.720921,0.68201196,0.24,4.5,55.361725
Hungary,HUN,2001,59.968212,5.891971,0.7138935,0.26,4.1,55.361725
Hungary,HUN,2002,59.004707,5.814188,0.63623786,0.23,4.7,55.361725
Hungary,HUN,2003,61.756177,6.103558,0.9668913,0.33,4.1,55.361725
Hungary,HUN,2004,60.129554,5.956669,2.78849,0.94,5.0,55.361725
Hungary,HUN,2005,60.276272,5.983633,5.230769,1.8699999999999999,4.3,55.361725
Hungary,HUN,2006,59.633211,5.929486,4.1562066,1.49,3.9,55.361725
Hungary,HUN,2007,58.553668,5.831358,4.7047048,1.8800000000000001,0.3,55.361725
Hungary,HUN,2008,57.248107,5.711383,5.8720636,2.35,1.0,55.361725
Hungary,HUN,2009,51.464055,5.141994,8.047897,2.89,-6.6,55.361725
Hungary,HUN,2010,52.068732,5.213742,8.081349,3.0199999999999996,1.1,55.361725
Hungary,HUN,2011,50.191329,5.04271,7.5235977,2.71,1.9,55.361725
Hungary,HUN,2012,46.757481,4.712445,7.62565,2.6399999999999997,-1.3,55.361725
Hungary,HUN,2013,43.611553,4.407594,9.190083,2.7800000000000002,1.8,55.361725
Hungary,HUN,2014,43.729844,4.431524,10.76661,3.16,4.2,55.361725
Hungary,HUN,2015,46.65347,4.739161,10.63057,3.22,3.7,55.361725
Hungary,HUN,2016,47.113086,4.80006,10.216913,3.25,2.2,55.361725
Hungary,HUN,2017,49.515229,5.058282,10.60006,3.48,4.3,55.361725
Hungary,HUN,2018,49.463319,5.059483,11.807077,3.77,5.4,55.361725
Hungary,HUN,2019,49.234646,5.038444,13.746709,4.7,4.9,55.361725
Hungary,HUN,2020,47.284497,4.849407,15.871191,5.52,-4.5,55.361725
Hungary,HUN,2021,48.454619,4.990287,19.215796,6.91,7.2,55.361725
Indonesia,IDN,1990,144.796133,0.794885,23.010492,7.61986,9.0,-4.9794583
Indonesia,IDN,1991,174.864999,0.943374,22.204845,8.46063,8.9,-4.9794583
Indonesia,IDN,1992,199.418666,1.057596,26.638683,10.731219999999999,6.5,-4.9794583
Indonesia,IDN,1993,215.108733,1.121893,25.141514,9.98305,8.0,-4.9794583
Indonesia,IDN,1994,218.319088,1.119996,20.873459,9.58685,7.5,-4.9794583
Indonesia,IDN,1995,222.39493,1.122412,19.411617,10.505669999999999,8.2,-4.9794583
Indonesia,IDN,1996,251.744209,1.250134,18.970043,11.16724,7.8,-4.9794583
Indonesia,IDN,1997,277.414246,1.3557,12.157131,8.594,4.7,-4.9794583
Indonesia,IDN,1998,212.475345,1.022226,17.798302,13.65,-13.1,-4.9794583
Indonesia,IDN,1999,240.183696,1.138328,17.054121,14.32051,0.8,-4.9794583
Indonesia,IDN,2000,276.563118,1.291914,19.99388,19.6,5.0,-4.9794583
Indonesia,IDN,2001,303.341381,1.397163,20.90438,22.189999999999998,3.6,-4.9794583
Indonesia,IDN,2002,310.818287,1.412072,18.579138,21.0,4.5,-4.9794583
Indonesia,IDN,2003,340.441487,1.526095,16.883892,19.82,4.8,-4.9794583
Indonesia,IDN,2004,344.393729,1.52428,16.806925,20.97,5.0,-4.9794583
Indonesia,IDN,2005,348.988697,1.525266,17.05298,22.66,5.7,-4.9794583
Indonesia,IDN,2006,346.705556,1.495727,15.350051,21.179999,5.5,-4.9794583
Indonesia,IDN,2007,388.255228,1.653147,16.369028,24.29,6.3,-4.9794583
Indonesia,IDN,2008,366.293293,1.539458,16.89653,26.34,7.4,-4.9794583
Indonesia,IDN,2009,401.957338,1.668002,16.451733,26.79,4.7,-4.9794583
Indonesia,IDN,2010,451.545583,1.850474,19.50876,34.63,6.4,-4.9794583
Indonesia,IDN,2011,504.800215,2.042901,15.875333,30.46,6.2,-4.9794583
Indonesia,IDN,2012,515.954163,2.06198,14.8894415,31.11,6.0,-4.9794583
Indonesia,IDN,2013,489.055124,1.930918,15.766565,35.5,5.6,-4.9794583
Indonesia,IDN,2014,487.889954,1.904111,14.487201,34.410002,5.0,-4.9794583
Indonesia,IDN,2015,539.149239,2.080918,13.795372,33.560001,4.9,-4.9794583
Indonesia,IDN,2016,552.651509,2.110564,15.367891,39.579999,5.0,-4.9794583
Indonesia,IDN,2017,567.25477,2.14464,16.240925,43.17,5.1,-4.9794583
Indonesia,IDN,2018,603.657099,2.260322,17.047817,48.38,5.2,-4.9794583
Indonesia,IDN,2019,659.435739,2.446134,16.261044,48.039999,5.0,-4.9794583
Indonesia,IDN,2020,609.786127,2.243032,18.131039,52.909999,-2.1,-4.9794583
Indonesia,IDN,2021,619.277533,2.262175,18.188877,56.22,3.7,-4.9794583
India,IND,1990,577.996538,0.664019,23.097132,66.464953365,5.5,8.093874
India,IND,1991,615.365508,0.692245,23.131563,74.12686532000001,1.1,8.093874
India,IND,1992,655.447568,0.722197,20.841738,70.26860689,5.5,8.093874
India,IND,1993,677.299816,0.731148,19.625616,71.07931954,4.8,8.093874
India,IND,1994,716.268589,0.757746,20.822308,80.7836753,6.7,8.093874
India,IND,1995,761.449242,0.789656,18.022327,76.98215113100001,7.6,8.093874
India,IND,1996,825.200806,0.839232,15.95155,70.69812924600002,7.5,8.093874
India,IND,1997,858.935134,0.856934,15.386589,72.18673330600001,4.0,8.093874
India,IND,1998,876.952083,0.858549,17.0291,86.010318406,6.2,8.093874
India,IND,1999,950.950878,0.913936,15.599825,85.387589406,8.5,8.093874
India,IND,2000,978.103843,0.923058,14.048197,80.2660788,4.0,8.093874
India,IND,2001,991.731661,0.919146,12.999709,76.18915,4.9,8.093874
India,IND,2002,1022.175223,0.930677,11.938192,72.77990070000001,3.9,8.093874
India,IND,2003,1058.725338,0.947477,11.695108,74.63253969999998,7.9,8.093874
India,IND,2004,1124.517704,0.989662,15.63753,109.2043632,7.8,8.093874
India,IND,2005,1184.926501,1.026231,15.254357,107.46513599999999,9.3,8.093874
India,IND,2006,1258.643267,1.073585,17.135258,127.55700000000002,9.3,8.093874
India,IND,2007,1356.953125,1.140592,17.801973,141.753,9.8,8.093874
India,IND,2008,1461.518268,1.211135,16.768267,138.912,3.9,8.093874
India,IND,2009,1611.416152,1.316904,15.269804,134.332,8.5,8.093874
India,IND,2010,1676.495006,1.351343,15.21222,142.605,10.3,8.093874
India,IND,2011,1778.472509,1.414156,16.791103,173.617,6.6,8.093874
India,IND,2012,1962.59435,1.539909,15.135002,165.246,5.5,8.093874
India,IND,2013,2037.415492,1.578007,16.394157,187.898,6.4,8.093874
India,IND,2014,2187.343005,1.673244,16.009254,202.03599999999997,7.4,8.093874
India,IND,2015,2270.766191,1.71655,15.371873,203.207342,8.0,8.093874
India,IND,2016,2383.815964,1.780779,14.854848,208.206965,8.3,8.093874
India,IND,2017,2434.867906,1.798018,15.966991,234.89818599999998,6.8,8.093874
India,IND,2018,2600.446463,1.899518,16.694954,263.61409,6.5,8.093874
India,IND,2019,2626.459473,1.898949,18.691542,303.16157599999997,3.9,8.093874
India,IND,2020,2445.011942,1.750956,20.205925,315.75788,-5.8,8.093874
India,IND,2021,2709.683625,1.925088,19.384392,332.203618,9.1,8.093874
Ireland,IRL,1990,32.94442,9.452191,4.919185,0.7,7.7,59.683121
Ireland,IRL,1991,33.674307,9.60804,5.0234427,0.75,1.6,59.683121
Ireland,IRL,1992,33.495315,9.493149,5.196451,0.82,3.6,59.683121
Ireland,IRL,1993,33.716364,9.509086,4.7707562,0.77,2.3,59.683121
Ireland,IRL,1994,34.838447,9.787736,5.585264,0.9400000000000001,5.9,59.683121
Ireland,IRL,1995,35.852987,10.01625,4.1453714,0.73,9.6,59.683121
Ireland,IRL,1996,37.46927,10.388715,4.0190377,0.76,9.1,59.683121
Ireland,IRL,1997,38.804985,10.660271,4.1137633,0.81,10.7,59.683121
Ireland,IRL,1998,40.708971,11.066229,5.6486354,1.1800000000000002,8.8,59.683121
Ireland,IRL,1999,42.440183,11.408921,5.19063,1.1300000000000001,10.5,59.683121
Ireland,IRL,2000,45.249116,12.005762,4.985213,1.18,9.4,59.683121
Ireland,IRL,2001,47.607612,12.433374,4.180195,1.03,5.3,59.683121
Ireland,IRL,2002,46.081589,11.833214,5.5555553,1.3800000000000001,5.9,59.683121
Ireland,IRL,2003,45.684109,11.540165,4.5856795,1.1400000000000001,3.0,59.683121
Ireland,IRL,2004,46.166785,11.450226,5.511499,1.3900000000000001,6.8,59.683121
Ireland,IRL,2005,48.156597,11.685046,7.298985,1.87,5.7,59.683121
Ireland,IRL,2006,47.604659,11.241284,9.111029,2.4699999999999998,5.0,59.683121
Ireland,IRL,2007,47.664334,10.932603,9.904829,2.81,5.3,59.683121
Ireland,IRL,2008,47.363258,10.637711,12.032085,3.6,-4.5,59.683121
Ireland,IRL,2009,42.179308,9.373613,14.730068,4.12,-5.1,59.683121
Ireland,IRL,2010,41.793616,9.237005,13.210227,3.72,1.7,59.683121
Ireland,IRL,2011,38.056383,8.374161,19.992636,5.43,1.3,59.683121
Ireland,IRL,2012,38.227157,8.374792,19.351273,5.25,-0.1,59.683121
Ireland,IRL,2013,37.28175,8.124453,22.01799,5.63,1.2,59.683121
Ireland,IRL,2014,36.853014,7.973103,24.757847,6.39,8.8,59.683121
Ireland,IRL,2015,38.71804,8.298335,27.971529,7.860000000000001,24.5,59.683121
Ireland,IRL,2016,40.369543,8.560508,24.875952,7.52,1.8,59.683121
Ireland,IRL,2017,39.078033,8.189277,28.962818,8.88,9.3,59.683121
Ireland,IRL,2018,39.012368,8.069565,33.00971,10.2,8.5,59.683121
Ireland,IRL,2019,37.325663,7.623676,38.41146,11.799999999999999,5.3,59.683121
Ireland,IRL,2020,35.153202,7.107229,42.10197,13.46,6.6,59.683121
Ireland,IRL,2021,37.540329,7.528353,36.772152,11.62,15.1,59.683121
Iran,IRN,1990,209.943734,3.762862,12.8020115,7.381,13.6,
Iran,IRN,1991,221.833928,3.825324,8.926354,5.607,12.7,
Iran,IRN,1992,226.934892,3.822253,13.700914,9.204,3.3,
Iran,IRN,1993,235.606908,3.942854,14.103046,10.533,-1.5,
Iran,IRN,1994,263.820316,4.39805,8.51316,6.896,-1.7,
Iran,IRN,1995,271.581982,4.46719,9.866869,8.323,2.4,
Iran,IRN,1996,276.289827,4.485343,9.821708,8.814,6.4,
Iran,IRN,1997,267.045699,4.274062,6.1258154,5.941,1.4,
Iran,IRN,1998,305.503483,4.814003,7.313571,7.488,2.1,
Iran,IRN,1999,379.5014,5.886047,4.70351,5.178,2.0,
Iran,IRN,2000,369.149582,5.632055,3.2006702,3.82,5.8,
Iran,IRN,2001,394.752036,5.920554,3.2526062,4.15,2.4,
Iran,IRN,2002,397.628493,5.905919,5.8163934,8.04,8.1,
Iran,IRN,2003,413.664624,6.087359,6.3435545,9.62,8.6,
Iran,IRN,2004,442.118801,6.401797,7.360531,11.98,4.3,
Iran,IRN,2005,463.162429,6.599392,8.200147,14.52,3.2,
Iran,IRN,2006,503.643459,7.066125,9.636561,18.64,5.0,
Iran,IRN,2007,512.659548,7.088823,8.910989,18.1,8.2,
Iran,IRN,2008,534.644072,7.292087,3.629626,7.640000000000001,0.3,
Iran,IRN,2009,559.024857,7.521591,3.1333122,6.9517,1.0,
Iran,IRN,2010,569.771991,7.559279,4.4254923,10.4302,5.8,
Iran,IRN,2011,577.336334,7.562403,4.6309266,10.912,2.6,
Iran,IRN,2012,588.364783,7.609039,5.1457286,12.8026,-3.7,
Iran,IRN,2013,597.952352,7.621215,5.7405553,14.8593,-1.5,
Iran,IRN,2014,632.673307,7.912207,5.3513765,14.746599999999999,5.0,
Iran,IRN,2015,631.581182,7.721906,4.7851844,13.4063,-1.4,
Iran,IRN,2016,633.826874,7.608397,5.4520674,15.6018,8.8,
Iran,IRN,2017,685.401328,8.110771,5.786938,17.66444,2.8,
Iran,IRN,2018,700.937563,8.186843,3.4672642,10.83444,-1.8,
Iran,IRN,2019,702.958121,8.120656,11.010066,35.110685999999994,-3.1,
Iran,IRN,2020,729.977907,8.362657,7.407627,24.980715276999998,3.3,
Iran,IRN,2021,748.878752,8.517397,4.664096,16.690686000000003,4.7,
Iraq,IRQ,1990,49.057049,2.778117,16.389647,4.650264,,
Iraq,IRQ,1991,45.185441,2.531911,16.057545,2.145184,,
Iraq,IRQ,1992,58.889385,3.203004,23.818045,5.219066,,
Iraq,IRQ,1993,63.129812,3.271684,22.745764,6.161732,,
Iraq,IRQ,1994,71.0892,3.510912,23.432074,6.247761,,
Iraq,IRQ,1995,74.083308,3.536389,26.86892,7.119707,,
Iraq,IRQ,1996,69.283215,3.201726,24.977062,6.489375,,
Iraq,IRQ,1997,68.079443,3.048683,24.755814,6.608055,,
Iraq,IRQ,1998,72.101517,3.127575,23.174026,6.19756,,
Iraq,IRQ,1999,71.68143,3.009203,14.396939,3.55905,24.8,
Iraq,IRQ,2000,71.715533,2.91185,2.0319786,0.61,-4.3,
Iraq,IRQ,2001,84.556041,3.325618,2.0105472,0.61,-6.6,
Iraq,IRQ,2002,86.322167,3.287794,1.6012559,0.51,-7.8,
Iraq,IRQ,2003,90.785437,3.353875,1.6129032,0.43,81.8,
Iraq,IRQ,2004,113.63505,4.078943,1.6129032,0.49,53.4,
Iraq,IRQ,2005,112.764261,3.929248,20.567867,5.94,1.7,
Iraq,IRQ,2006,97.964939,3.389133,18.810339,6.04,5.6,
Iraq,IRQ,2007,61.169409,2.134247,18.01459,5.68,1.9,
Iraq,IRQ,2008,91.803403,3.141974,9.913794,3.45,8.2,
Iraq,IRQ,2009,102.968937,3.399544,7.415156,3.19,3.4,
Iraq,IRQ,2010,110.065833,3.520431,10.214239,4.72,6.4,
Iraq,IRQ,2011,135.274148,4.177957,6.610269,3.36,7.5,
Iraq,IRQ,2012,153.656664,4.537404,10.0046,4.35,13.9,
Iraq,IRQ,2013,164.850878,4.646069,8.621627,4.76,7.6,
Iraq,IRQ,2014,166.905265,4.542074,4.632238,2.96,0.7,
Iraq,IRQ,2015,168.214441,4.45509,3.984556,2.58,2.5,
Iraq,IRQ,2016,194.010857,5.013467,4.505698,3.4,15.2,
Iraq,IRQ,2017,211.71128,5.343389,2.685624,2.21,-3.4,
Iraq,IRQ,2018,213.431081,5.258128,2.6230297,2.18,4.7,
Iraq,IRQ,2019,187.148437,4.502709,5.987218,5.34,5.4,
Iraq,IRQ,2020,173.507036,4.077052,5.776567,5.3,-12.1,
Iraq,IRQ,2021,185.580695,4.262931,5.4287477,5.28,1.6,
Iceland,ISL,1990,2.215856,8.688983,99.77827,4.5,1.2,96.711327
Iceland,ISL,1991,2.096309,8.125511,99.77729,4.48,-0.2,96.711327
Iceland,ISL,1992,2.242604,8.583735,99.78021,4.54,-3.4,96.711327
Iceland,ISL,1993,2.393481,9.068553,99.999985,4.7299999999999995,1.3,96.711327
Iceland,ISL,1994,2.342135,8.797609,100.000015,4.77,3.6,96.711327
Iceland,ISL,1995,2.459567,9.188427,99.79919,4.97,0.1,96.711327
Iceland,ISL,1996,2.513641,9.339634,100.0,5.119999999999999,4.6,96.711327
Iceland,ISL,1997,2.60959,9.61685,100.0,5.59,5.8,96.711327
Iceland,ISL,1998,2.628704,9.583842,100.0,6.2700000000000005,7.4,96.711327
Iceland,ISL,1999,2.831173,10.197794,100.0,7.1899999999999995,4.0,96.711327
Iceland,ISL,2000,2.923141,10.38556,100.0,7.680000000000001,5.0,96.711327
Iceland,ISL,2001,2.855336,10.010365,100.0,8.03,4.0,96.711327
Iceland,ISL,2002,2.982484,10.363116,99.88123,8.41,0.6,96.711327
Iceland,ISL,2003,2.976171,10.269706,99.88249,8.5,2.1,96.711327
Iceland,ISL,2004,3.100137,10.603797,100.0,8.61,7.8,96.711327
Iceland,ISL,2005,2.968443,9.993781,100.0,8.68,6.1,96.711327
Iceland,ISL,2006,3.144668,10.34192,100.0,9.92,6.3,96.711327
Iceland,ISL,2007,3.483689,11.170932,100.0,11.97,8.5,96.711327
Iceland,ISL,2008,3.801137,11.963984,100.0,16.47,2.2,96.711327
Iceland,ISL,2009,3.719715,11.667863,100.0,16.83,-7.7,96.711327
Iceland,ISL,2010,3.616621,11.361126,100.0,17.06,-2.8,96.711327
Iceland,ISL,2011,3.494164,10.943442,100.0,17.21,1.8,96.711327
Iceland,ISL,2012,3.49087,10.875697,100.0,17.55,1.1,96.711327
Iceland,ISL,2013,3.48008,10.740192,100.0,18.11,4.6,96.711327
Iceland,ISL,2014,3.436352,10.488067,100.0,18.119999999999997,1.7,96.711327
Iceland,ISL,2015,3.533853,10.674359,100.0,18.79,4.4,96.711327
Iceland,ISL,2016,3.485184,10.382613,100.0,18.55,6.3,96.711327
Iceland,ISL,2017,3.60162,10.481037,100.0,19.240000000000002,4.2,96.711327
Iceland,ISL,2018,3.658953,10.366893,100.0,19.82,4.9,96.711327
Iceland,ISL,2019,3.546263,9.829598,100.0,19.490000000000002,1.9,96.711327
Iceland,ISL,2020,3.328876,9.078694,100.0,19.13,-7.2,96.711327
Iceland,ISL,2021,3.374964,9.113272,99.98653,19.617944361,4.5,96.711327
Israel,ISR,1990,35.82436,7.458352,0.014355716,0.003,6.6,71.327499
Israel,ISR,1991,36.148458,7.313339,0.02788869,0.006,4.6,71.327499
Israel,ISR,1992,42.082498,8.284953,0.11747454,0.029,7.2,71.327499
Israel,ISR,1993,44.234508,8.485426,0.10000116,0.026,3.8,71.327499
Israel,ISR,1994,47.474582,8.879908,0.08122702,0.023,7.0,71.327499
Israel,ISR,1995,49.865527,9.101651,0.08213687,0.025,9.7,71.327499
Israel,ISR,1996,51.935752,9.253596,0.0736888,0.024,5.9,71.327499
Israel,ISR,1997,54.865705,9.553021,0.071202755,0.025,3.8,71.327499
Israel,ISR,1998,56.009768,9.542504,0.06583036,0.025,4.1,71.327499
Israel,ISR,1999,54.75605,9.135009,0.084124655,0.033,3.3,71.327499
Israel,ISR,2000,59.51938,9.730225,0.07481297,0.03,8.7,71.327499
Israel,ISR,2001,63.023569,10.103198,0.04840271,0.02,0.3,71.327499
Israel,ISR,2002,59.301358,9.328964,0.07014262,0.03,-0.1,71.327499
Israel,ISR,2003,62.414678,9.637973,0.090456806,0.04,1.4,71.327499
Israel,ISR,2004,58.679234,8.896204,0.090009004,0.04,4.8,71.327499
Israel,ISR,2005,56.524139,8.418692,0.08754651,0.04,4.1,71.327499
Israel,ISR,2006,62.148963,9.096643,0.04208754,0.02,5.6,71.327499
Israel,ISR,2007,62.799906,9.033354,0.05933544,0.03,6.0,71.327499
Israel,ISR,2008,67.980176,9.609155,0.0749204,0.04,3.3,71.327499
Israel,ISR,2009,63.860946,8.869942,0.1279006,0.07,0.9,71.327499
Israel,ISR,2010,68.286901,9.318062,0.23907103,0.14,5.7,71.327499
Israel,ISR,2011,68.594737,9.195314,0.43624163,0.26,5.6,71.327499
Israel,ISR,2012,74.784842,9.850342,0.69830185,0.43999999999999995,2.7,71.327499
Israel,ISR,2013,63.095309,8.165906,0.94570357,0.5800000000000001,4.2,71.327499
Israel,ISR,2014,60.282331,7.665757,1.5773907,0.96,3.9,71.327499
Israel,ISR,2015,62.939149,7.859752,1.9458282,1.2500000000000002,2.3,71.327499
Israel,ISR,2016,61.160656,7.496089,2.521259,1.6900000000000002,4.4,71.327499
Israel,ISR,2017,58.841634,7.081456,2.647929,1.79,4.3,71.327499
Israel,ISR,2018,60.256915,7.125529,2.6862204,1.85,4.1,71.327499
Israel,ISR,2019,58.645203,6.812936,4.0435023,2.9,3.8,71.327499
Israel,ISR,2020,55.008099,6.281264,5.3903084,3.86,-1.5,71.327499
Israel,ISR,2021,54.528532,6.126761,6.7870827,4.96,9.3,71.327499
Italy,ITA,1990,439.54984,7.744476,16.373446,34.9,2.0,110.8419
Italy,ITA,1991,439.094125,7.73128,20.84421,45.53,1.4,110.8419
Italy,ITA,1992,439.31532,7.729909,20.582811,45.77,0.7,110.8419
Italy,ITA,1993,431.604813,7.589396,20.611694,45.22,-0.8,110.8419
Italy,ITA,1994,425.796827,7.485377,21.120598,48.250000199999995,2.1,110.8419
Italy,ITA,1995,449.826113,7.907623,17.493671,41.459999999999994,2.7,110.8419
Italy,ITA,1996,444.029375,7.803821,19.334867,46.22,1.3,110.8419
Italy,ITA,1997,449.754151,7.900708,18.790936,46.19,1.8,110.8419
Italy,ITA,1998,461.945962,8.113035,18.376627,46.48,1.8,110.8419
Italy,ITA,1999,466.424936,8.190787,19.84532,51.32,1.6,110.8419
Italy,ITA,2000,470.487187,8.25903,18.900242,50.86999970000001,3.8,110.8419
Italy,ITA,2001,470.568081,8.256306,20.049433,54.35000000000001,2.0,110.8419
Italy,ITA,2002,477.998974,8.37015,17.455557,48.31,0.3,110.8419
Italy,ITA,2003,495.96164,8.636659,16.420212,46.86000000000001,0.1,110.8419
Italy,ITA,2004,501.563232,8.668467,18.274939,53.88000000000001,1.4,110.8419
Italy,ITA,2005,502.255442,8.629837,16.376978,48.43,0.8,110.8419
Italy,ITA,2006,496.846732,8.503296,16.512863,50.64,1.8,110.8419
Italy,ITA,2007,490.566288,8.346018,15.533349,47.72,1.5,110.8419
Italy,ITA,2008,478.868679,8.085689,18.6112,58.16,-1.0,110.8419
Italy,ITA,2009,424.694439,7.130191,24.083735,69.26,-5.3,110.8419
Italy,ITA,2010,436.117437,7.290197,25.84002,76.97999999999999,1.7,110.8419
Italy,ITA,2011,424.25627,7.067881,27.67732,82.96000000000001,0.7,110.8419
Italy,ITA,2012,403.696912,6.707027,31.104963,92.22,-3.0,110.8419
Italy,ITA,2013,369.67972,6.129395,39.014874,112.0,-1.8,110.8419
Italy,ITA,2014,349.390357,5.792012,43.497692,120.67999999999999,0.0,110.8419
Italy,ITA,2015,361.163177,5.996111,38.757786,108.88999999999999,0.8,110.8419
Italy,ITA,2016,358.182542,5.95793,37.607937,108.00999999999999,1.3,110.8419
Italy,ITA,2017,352.735387,5.878528,35.41745,103.88999999999999,1.7,110.8419
Italy,ITA,2018,349.005042,5.828658,39.810013,114.41,0.9,110.8419
Italy,ITA,2019,339.233207,5.679641,39.756306,115.82999899999999,0.5,110.8419
Italy,ITA,2020,302.2786,5.080263,42.039772,116.900002,-9.0,110.8419
Italy,ITA,2021,328.68732,5.548371,40.619434,116.32999999999998,7.0,110.8419
Jamaica,JAM,1990,7.527165,3.146769,,,4.9,32.713001
Jamaica,JAM,1991,7.750991,3.213689,,,0.8,32.713001
Jamaica,JAM,1992,7.708731,3.166357,,,2.8,32.713001
Jamaica,JAM,1993,8.000958,3.253662,,,2.2,32.713001
Jamaica,JAM,1994,8.18861,3.2963,,,1.9,32.713001
Jamaica,JAM,1995,9.173406,3.655658,,,2.5,32.713001
Jamaica,JAM,1996,9.687622,3.824725,,,0.2,32.713001
Jamaica,JAM,1997,10.068187,3.940653,,,-1.6,32.713001
Jamaica,JAM,1998,9.694035,3.762384,,,-1.2,32.713001
Jamaica,JAM,1999,9.958188,3.835573,,,1.0,32.713001
Jamaica,JAM,2000,10.31399,3.948384,6.430868,0.39999999999999997,0.8,32.713001
Jamaica,JAM,2001,10.57644,4.028499,5.582137,0.35,1.3,32.713001
Jamaica,JAM,2002,10.20258,3.867186,5.981595,0.39,0.7,32.713001
Jamaica,JAM,2003,10.66706,4.023746,6.389302,0.43,3.7,32.713001
Jamaica,JAM,2004,10.574223,3.969267,6.921944,0.47,1.3,32.713001
Jamaica,JAM,2005,10.416539,3.891323,7.439199,0.52,0.9,32.713001
Jamaica,JAM,2006,11.57721,4.304339,7.5391173,0.53,2.9,32.713001
Jamaica,JAM,2007,10.749231,3.979397,8.214286,0.46,1.4,32.713001
Jamaica,JAM,2008,10.779635,3.975711,9.75,0.39,-0.8,32.713001
Jamaica,JAM,2009,7.933788,2.914261,9.382715,0.38,-3.4,32.713001
Jamaica,JAM,2010,7.677295,2.808188,9.571789,0.38,-1.4,32.713001
Jamaica,JAM,2011,8.255605,3.006226,10.447762,0.42,1.4,32.713001
Jamaica,JAM,2012,7.912829,2.867157,10.941476,0.43000000000000005,-0.5,32.713001
Jamaica,JAM,2013,8.492241,3.062332,10.178117,0.4,0.2,32.713001
Jamaica,JAM,2014,7.697454,2.764351,10.997442,0.43000000000000005,0.6,32.713001
Jamaica,JAM,2015,7.998908,2.862432,10.997442,0.43000000000000005,0.9,32.713001
Jamaica,JAM,2016,8.163432,2.912708,12.106537,0.5,1.5,32.713001
Jamaica,JAM,2017,7.797546,2.776532,14.634148,0.6,0.7,32.713001
Jamaica,JAM,2018,8.086434,2.875856,16.546762,0.6900000000000001,1.8,32.713001
Jamaica,JAM,2019,7.823415,2.7804,15.294118,0.65,1.0,32.713001
Jamaica,JAM,2020,6.943511,2.461857,15.931373,0.65,-9.9,32.713001
Jamaica,JAM,2021,7.689743,2.719439,16.32184,0.71,4.6,32.713001
Jordan,JOR,1990,10.476423,3.009959,,,-1.6,
Jordan,JOR,1991,9.903911,2.701278,,,-5.7,
Jordan,JOR,1992,11.984199,3.099185,,,16.9,
Jordan,JOR,1993,11.774286,2.888857,,,4.4,
Jordan,JOR,1994,13.249567,3.09702,,,5.0,
Jordan,JOR,1995,13.208063,2.962648,,,6.0,
Jordan,JOR,1996,13.825418,2.999868,,,1.9,
Jordan,JOR,1997,14.074057,2.973184,,,3.7,
Jordan,JOR,1998,14.253067,2.942172,,,3.2,
Jordan,JOR,1999,14.266665,2.881703,,,3.2,
Jordan,JOR,2000,15.200204,3.006266,0.72150075,0.05,4.2,
Jordan,JOR,2001,15.609517,3.023161,0.70422536,0.05,5.0,
Jordan,JOR,2002,16.420437,3.112565,0.7853403,0.060000000000000005,6.6,
Jordan,JOR,2003,16.982176,3.14711,0.6648936,0.05,4.0,
Jordan,JOR,2004,18.670695,3.374777,0.7117438,0.060000000000000005,8.3,
Jordan,JOR,2005,20.436793,3.598956,0.7709251,0.06999999999999999,8.8,
Jordan,JOR,2006,20.52639,3.378525,0.6698565,0.07,8.5,
Jordan,JOR,2007,21.436498,3.311445,0.65520066,0.08,8.4,
Jordan,JOR,2008,20.717997,3.123533,0.61538464,0.08,7.4,
Jordan,JOR,2009,21.336692,3.146776,0.5961252,0.08,5.0,
Jordan,JOR,2010,20.615325,2.974254,0.5759539,0.08,2.3,
Jordan,JOR,2011,21.24376,2.987879,0.50835145,0.07,2.7,
Jordan,JOR,2012,23.814571,3.302139,0.5128205,0.08,2.4,
Jordan,JOR,2013,23.818209,3.095359,0.43130007,0.07,2.6,
Jordan,JOR,2014,25.898838,2.99131,0.46592894,0.08,3.4,
Jordan,JOR,2015,25.557235,2.691866,1.617401,0.29,2.5,
Jordan,JOR,2016,24.254737,2.434077,5.016181,0.9299999999999999,2.0,
Jordan,JOR,2017,25.428559,2.489242,7.507661,1.47,2.5,
Jordan,JOR,2018,24.959567,2.386223,11.52648,2.22,1.9,
Jordan,JOR,2019,26.328034,2.460867,15.542974,3.02,1.8,
Jordan,JOR,2020,24.942159,2.282258,21.556887,4.319999999999999,-1.6,
Jordan,JOR,2021,25.593717,2.295755,23.537477,5.1499999999999995,2.2,
Japan,JPN,1990,1158.129439,9.36344,11.1442,98.236126,4.9,5.7487206
Japan,JPN,1991,1169.777716,9.428065,11.639142,106.067857,3.4,5.7487206
Japan,JPN,1992,1179.504316,9.478141,10.024861,91.906617,0.8,5.7487206
Japan,JPN,1993,1172.487308,9.396468,11.247435,104.16283159599999,-0.5,5.7487206
Japan,JPN,1994,1227.513532,9.810747,7.9192533,77.964493596,0.9,5.7487206
Japan,JPN,1995,1239.9094,9.884957,9.212626,93.12860559600001,2.6,5.7487206
Japan,JPN,1996,1252.447045,9.961701,8.979606,92.47710619200001,3.1,5.7487206
Japan,JPN,1997,1245.13936,9.879864,9.761912,102.974890441,1.0,5.7487206
Japan,JPN,1998,1205.249923,9.542121,9.946743,105.401944957,-1.3,5.7487206
Japan,JPN,1999,1241.835604,9.812611,9.3160305,100.53319863499999,-0.3,5.7487206
Japan,JPN,2000,1264.594656,9.97284,10.538243,104.16,2.8,5.7487206
Japan,JPN,2001,1249.988539,9.837338,10.447654,101.35999999999999,0.4,5.7487206
Japan,JPN,2002,1279.3623,10.049841,10.247729,101.10000099999999,0.0,5.7487206
Japan,JPN,2003,1287.691834,10.099357,11.699369,114.18,1.5,5.7487206
Japan,JPN,2004,1283.076662,10.049845,11.419897,114.72999899999999,2.2,5.7487206
Japan,JPN,2005,1290.599508,10.098716,9.906813,100.569999,1.8,5.7487206
Japan,JPN,2006,1267.623958,9.910887,10.855499,112.07000000000002,1.4,5.7487206
Japan,JPN,2007,1303.36203,10.182005,9.389759,100.80000199999999,1.5,5.7487206
Japan,JPN,2008,1232.480695,9.622919,10.019684,100.79,-1.2,5.7487206
Japan,JPN,2009,1163.375134,9.080565,10.466746,102.279999,-5.7,5.7487206
Japan,JPN,2010,1215.058103,9.484829,10.526997,113.92000000000002,4.1,5.7487206
Japan,JPN,2011,1265.034863,9.882525,11.127242,116.5,0.0,5.7487206
Japan,JPN,2012,1306.182513,10.216229,10.61437,111.09,1.4,5.7487206
Japan,JPN,2013,1315.5687,10.303726,11.796579,121.47999899999999,2.0,5.7487206
Japan,JPN,2014,1264.413251,9.918777,13.271962,136.53,0.3,5.7487206
Japan,JPN,2015,1223.605161,9.615687,15.658682,157.34,1.6,5.7487206
Japan,JPN,2016,1203.888206,9.479893,15.692011,157.700001,0.8,5.7487206
Japan,JPN,2017,1188.358949,9.382092,17.35597,175.120001,1.7,5.7487206
Japan,JPN,2018,1143.411908,9.056307,18.14418,183.63000000000002,0.6,5.7487206
Japan,JPN,2019,1106.015486,8.792438,19.422329,192.71999999999997,-0.4,5.7487206
Japan,JPN,2020,1042.224016,8.321498,21.324924,205.6,-4.2,5.7487206
Japan,JPN,2021,1067.398435,8.565739,22.610664,216.73000000000002,2.2,5.7487206
Kazakhstan,KAZ,1990,278.781769,16.528665,8.429944,7.366,,-25.821585
Kazakhstan,KAZ,1991,269.489798,15.858132,8.373067,7.2,,-25.821585
Kazakhstan,KAZ,1992,245.215827,14.387715,8.255778,6.866,,-25.821585
Kazakhstan,KAZ,1993,217.963803,12.836731,9.794708,7.629,-9.2,-25.821585
Kazakhstan,KAZ,1994,184.332707,11.00681,13.74575,9.179,-12.6,-25.821585
Kazakhstan,KAZ,1995,177.082247,10.775146,12.482957,8.331,-8.2,-25.821585
Kazakhstan,KAZ,1996,162.760497,10.081641,12.478934,7.331,0.5,-25.821585
Kazakhstan,KAZ,1997,154.166198,9.744753,12.498077,6.499,1.7,-25.821585
Kazakhstan,KAZ,1998,148.818172,9.617147,12.331325,6.141,-1.9,-25.821585
Kazakhstan,KAZ,1999,123.721703,8.109572,12.96406,6.132,2.7,-25.821585
Kazakhstan,KAZ,2000,147.473712,9.679133,14.581719,7.53,9.8,-25.821585
Kazakhstan,KAZ,2001,142.295087,9.311723,14.590104,8.08,13.5,-25.821585
Kazakhstan,KAZ,2002,159.971295,10.429081,15.240871,8.89,9.8,-25.821585
Kazakhstan,KAZ,2003,177.823927,11.534491,13.498278,8.62,9.3,-25.821585
Kazakhstan,KAZ,2004,187.304225,12.067076,12.0388365,8.06,9.6,-25.821585
Kazakhstan,KAZ,2005,200.43793,12.802424,11.572438,7.86,9.7,-25.821585
Kazakhstan,KAZ,2006,220.048086,13.907071,10.842869,7.77,10.7,-25.821585
Kazakhstan,KAZ,2007,226.128841,14.127635,10.663012,8.17,8.9,-25.821585
Kazakhstan,KAZ,2008,227.121447,14.022857,9.284381,7.46,3.3,-25.821585
Kazakhstan,KAZ,2009,221.057174,13.477149,8.738727,6.88,1.2,-25.821585
Kazakhstan,KAZ,2010,246.982754,14.853571,9.703569,8.02,7.3,-25.821585
Kazakhstan,KAZ,2011,237.033962,14.054855,9.101409,7.88,7.5,-25.821585
Kazakhstan,KAZ,2012,243.921902,14.26205,8.43081,7.64,5.0,-25.821585
Kazakhstan,KAZ,2013,251.452709,14.496518,8.34683,7.73,5.9,-25.821585
Kazakhstan,KAZ,2014,297.643502,16.918967,8.738378,8.27,4.3,-25.821585
Kazakhstan,KAZ,2015,301.273154,16.891382,10.312091,9.450476000000002,1.0,-25.821585
Kazakhstan,KAZ,2016,304.839535,16.861943,12.659833,11.98186,0.9,-25.821585
Kazakhstan,KAZ,2017,320.791449,17.515408,11.28782,11.6421442,3.9,-25.821585
Kazakhstan,KAZ,2018,331.8207,17.899392,10.170598,10.912428400000001,4.1,-25.821585
Kazakhstan,KAZ,2019,297.569458,15.866768,10.424493,11.0949671,4.5,-25.821585
Kazakhstan,KAZ,2020,278.404593,14.668899,12.541743,13.516526800000001,-2.6,-25.821585
Kazakhstan,KAZ,2021,276.68346,14.413251,12.438683,14.204567771999999,4.1,-25.821585
Kenya,KEN,1990,5.687209,0.245538,,,4.1,13.884295
Kenya,KEN,1991,4.708958,0.196877,,,1.3,13.884295
Kenya,KEN,1992,5.402381,0.219113,,,-1.1,13.884295
Kenya,KEN,1993,6.21468,0.244751,,,-0.1,13.884295
Kenya,KEN,1994,6.421892,0.245732,,,2.5,13.884295
Kenya,KEN,1995,7.405763,0.275529,,,4.3,13.884295
Kenya,KEN,1996,9.154939,0.331512,,,4.5,13.884295
Kenya,KEN,1997,8.119526,0.286259,,,0.4,13.884295
Kenya,KEN,1998,9.896093,0.339636,,,3.0,13.884295
Kenya,KEN,1999,10.028879,0.334685,,,2.2,13.884295
Kenya,KEN,2000,10.390516,0.33679,49.629627,2.01000005,0.3,13.884295
Kenya,KEN,2001,9.236819,0.290463,66.666664,3.06,4.0,13.884295
Kenya,KEN,2002,7.819235,0.238538,76.2605,3.6299999599999997,0.5,13.884295
Kenya,KEN,2003,6.587069,0.195073,80.23483,4.1,2.9,13.884295
Kenya,KEN,2004,7.438961,0.213813,73.02753,3.9799999999999995,4.6,13.884295
Kenya,KEN,2005,8.338351,0.232635,70.819115,4.15,5.7,13.884295
Kenya,KEN,2006,9.335661,0.252826,70.56962,4.46,5.9,13.884295
Kenya,KEN,2007,9.540667,0.250827,71.01227,4.63,6.9,13.884295
Kenya,KEN,2008,9.911045,0.252917,65.0546,4.1699999,0.2,13.884295
Kenya,KEN,2009,11.966561,0.296463,56.468796,3.7100001,3.3,13.884295
Kenya,KEN,2010,11.744717,0.282883,71.32964,5.15,8.1,13.884295
Kenya,KEN,2011,12.928337,0.303232,68.906456,5.2299999999999995,5.1,13.884295
Kenya,KEN,2012,11.967255,0.273689,75.401726,6.1,4.6,13.884295
Kenya,KEN,2013,12.905685,0.288122,70.96774,6.16,3.8,13.884295
Kenya,KEN,2014,13.881515,0.302879,80.40621,6.7299999999999995,5.0,13.884295
Kenya,KEN,2015,16.295494,0.347812,86.01824,8.49,5.0,13.884295
Kenya,KEN,2016,17.390573,0.3631,85.345726,8.27,4.2,13.884295
Kenya,KEN,2017,17.018376,0.347682,78.71149,8.43,3.8,13.884295
Kenya,KEN,2018,18.169173,0.363723,87.09965,9.79,5.7,13.884295
Kenya,KEN,2019,19.177196,0.376382,89.19861,10.239999599999999,5.1,13.884295
Kenya,KEN,2020,18.275836,0.351555,92.085106,10.82,-0.3,13.884295
Kenya,KEN,2021,19.875403,0.374968,91.71598,10.85,7.6,13.884295
Kyrgyzstan,KGZ,1990,19.322227,4.396677,,,,4.2888875
Kyrgyzstan,KGZ,1991,15.956699,3.580871,,,,4.2888875
Kyrgyzstan,KGZ,1992,11.080756,2.461701,,,,4.2888875
Kyrgyzstan,KGZ,1993,8.502275,1.886195,,,-13.0,4.2888875
Kyrgyzstan,KGZ,1994,6.147083,1.356704,,,-19.8,4.2888875
Kyrgyzstan,KGZ,1995,4.511588,0.981536,,,-5.4,4.2888875
Kyrgyzstan,KGZ,1996,5.664159,1.21377,,,7.1,4.2888875
Kyrgyzstan,KGZ,1997,5.574669,1.176491,,,9.9,4.2888875
Kyrgyzstan,KGZ,1998,5.914543,1.229529,,,2.1,4.2888875
Kyrgyzstan,KGZ,1999,4.64847,0.952768,,,3.7,4.2888875
Kyrgyzstan,KGZ,2000,4.602495,0.932589,86.19593,13.55,5.4,4.2888875
Kyrgyzstan,KGZ,2001,3.861425,0.775162,83.91275,12.31,5.3,4.2888875
Kyrgyzstan,KGZ,2002,4.920849,0.978954,83.17757,10.68,0.0,4.2888875
Kyrgyzstan,KGZ,2003,5.381613,1.059732,87.39386,13.38,7.0,4.2888875
Kyrgyzstan,KGZ,2004,5.807885,1.13059,87.02432,13.95,7.0,4.2888875
Kyrgyzstan,KGZ,2005,5.514575,1.061901,86.47541,12.66,-0.2,4.2888875
Kyrgyzstan,KGZ,2006,5.419141,1.03285,86.4846,12.35,3.1,4.2888875
Kyrgyzstan,KGZ,2007,6.518943,1.231205,86.48834,12.61,8.5,4.2888875
Kyrgyzstan,KGZ,2008,7.546983,1.411861,86.5285,10.02,7.6,4.2888875
Kyrgyzstan,KGZ,2009,6.736609,1.244275,92.4977,10.11,2.9,4.2888875
Kyrgyzstan,KGZ,2010,6.313962,1.15139,92.20452,11.0,-0.5,4.2888875
Kyrgyzstan,KGZ,2011,7.553504,1.360419,93.582886,14.0,6.0,4.2888875
Kyrgyzstan,KGZ,2012,9.998398,1.775299,93.787575,14.04,-0.1,4.2888875
Kyrgyzstan,KGZ,2013,9.658305,1.688645,93.7951,13.0,10.9,4.2888875
Kyrgyzstan,KGZ,2014,10.095418,1.736274,91.643456,13.16,4.0,4.2888875
Kyrgyzstan,KGZ,2015,10.278881,1.737771,85.79234,10.99,3.9,4.2888875
Kyrgyzstan,KGZ,2016,9.646228,1.602816,87.269936,11.38,4.3,4.2888875
Kyrgyzstan,KGZ,2017,9.348074,1.527148,91.95553,14.06,4.7,4.2888875
Kyrgyzstan,KGZ,2018,11.104531,1.784292,92.55389,14.17,3.5,4.2888875
Kyrgyzstan,KGZ,2019,9.03028,1.428019,92.32323,13.71,4.6,4.2888875
Kyrgyzstan,KGZ,2020,8.488702,1.321225,91.52752,14.8,-7.1,4.2888875
Kyrgyzstan,KGZ,2021,9.308101,1.425929,89.84105,13.0,5.5,4.2888875
Cambodia,KHM,1990,1.260416,0.141448,,,1.1,
Cambodia,KHM,1991,1.304384,0.140872,,,7.6,
Cambodia,KHM,1992,1.348352,0.138745,,,7.1,
Cambodia,KHM,1993,1.384992,0.135206,,,4.0,
Cambodia,KHM,1994,1.425296,0.134002,,,8.2,
Cambodia,KHM,1995,1.498576,0.137238,,,6.0,
Cambodia,KHM,1996,1.516896,0.135648,,,5.9,
Cambodia,KHM,1997,1.4656,0.128206,,,4.0,
Cambodia,KHM,1998,1.875968,0.160764,,,4.7,
Cambodia,KHM,1999,1.894288,0.159197,,,12.7,
Cambodia,KHM,2000,1.974896,0.162961,10.638298,0.05,9.6,
Cambodia,KHM,2001,2.249696,0.182336,5.882353,0.03,8.6,
Cambodia,KHM,2002,2.205728,0.17559,4.347826,0.03,6.6,
Cambodia,KHM,2003,2.377936,0.185955,5.633803,0.04,8.5,
Cambodia,KHM,2004,2.443888,0.187755,3.9473684,0.03,10.3,
Cambodia,KHM,2005,2.773648,0.209386,4.4444447,0.04,13.3,
Cambodia,KHM,2006,2.997152,0.222377,11.711712,0.13,10.8,
Cambodia,KHM,2007,3.471142,0.253095,11.347518,0.16,10.2,
Cambodia,KHM,2008,3.866716,0.277305,11.510792,0.16,6.7,
Cambodia,KHM,2009,4.557086,0.321925,12.820514,0.15,0.1,
Cambodia,KHM,2010,5.078142,0.353544,12.903226,0.12,6.0,
Cambodia,KHM,2011,5.274698,0.361928,15.151516,0.15000000000000002,7.1,
Cambodia,KHM,2012,5.576016,0.377098,61.594204,0.8500000000000001,7.3,
Cambodia,KHM,2013,5.63673,0.37579,72.25433,1.25,7.4,
Cambodia,KHM,2014,6.834254,0.449302,65.43624,1.9500000000000002,7.1,
Cambodia,KHM,2015,8.36561,0.542604,50.469486,2.15,7.0,
Cambodia,KHM,2016,10.921712,0.699008,51.56538,2.8,6.9,
Cambodia,KHM,2017,12.504842,0.789911,45.19941,3.0599999999999996,7.0,
Cambodia,KHM,2018,14.388181,0.897845,62.68844,4.99,7.5,
Cambodia,KHM,2019,18.024641,1.1121,53.19905,4.49,7.1,
Cambodia,KHM,2020,18.703284,1.140663,54.502373,4.6,-3.1,
Cambodia,KHM,2021,19.028598,1.14706,52.93441,4.6000000000000005,3.0,
Kiribati,KIR,1990,0.021984,0.292636,,,-1.3,
Kiribati,KIR,1991,0.021984,0.286952,,,0.1,
Kiribati,KIR,1992,0.025648,0.329238,,,1.3,
Kiribati,KIR,1993,0.029312,0.370602,,,1.0,
Kiribati,KIR,1994,0.029312,0.365195,,,1.8,
Kiribati,KIR,1995,0.029312,0.35974,,,-0.1,
Kiribati,KIR,1996,0.029312,0.353873,,,1.1,
Kiribati,KIR,1997,0.029312,0.347678,,,2.0,
Kiribati,KIR,1998,0.029312,0.341612,,,6.9,
Kiribati,KIR,1999,0.029312,0.335804,,,-1.8,
Kiribati,KIR,2000,0.032976,0.371243,0.0,0.0,6.0,
Kiribati,KIR,2001,0.029312,0.323779,0.0,0.0,-1.4,
Kiribati,KIR,2002,0.043968,0.475844,0.0,0.0,4.0,
Kiribati,KIR,2003,0.047632,0.505101,0.0,0.0,2.0,
Kiribati,KIR,2004,0.047632,0.495012,0.0,0.0,-1.6,
Kiribati,KIR,2005,0.062288,0.63453,0.0,0.0,5.0,
Kiribati,KIR,2006,0.065952,0.658973,0.0,0.0,0.0,
Kiribati,KIR,2007,0.058624,0.574756,0.0,0.0,2.0,
Kiribati,KIR,2008,0.065952,0.634361,0.0,0.0,-2.1,
Kiribati,KIR,2009,0.05496,0.51851,0.0,0.0,0.8,
Kiribati,KIR,2010,0.058624,0.54284,0.0,0.0,-1.1,
Kiribati,KIR,2011,0.05496,0.500223,0.0,0.0,1.8,
Kiribati,KIR,2012,0.051296,0.459567,0.0,0.0,5.1,
Kiribati,KIR,2013,0.051296,0.452701,0.0,0.0,4.2,
Kiribati,KIR,2014,0.058624,0.50984,0.0,0.0,-1.1,
Kiribati,KIR,2015,0.05496,0.470923,0.0,0.0,9.9,
Kiribati,KIR,2016,0.05496,0.463747,0.0,0.0,-0.5,
Kiribati,KIR,2017,0.065952,0.547947,0.0,0.0,-0.1,
Kiribati,KIR,2018,0.065952,0.539436,0.0,0.0,5.3,
Kiribati,KIR,2019,0.065952,0.530839,0.0,0.0,-2.1,
Kiribati,KIR,2020,0.069607,0.550413,0.0,0.0,-1.4,
Kiribati,KIR,2021,0.071533,0.555062,0.0,0.0,7.9,
Saint Kitts and Nevis,KNA,1990,0.106256,2.614824,,,5.5,
Saint Kitts and Nevis,KNA,1991,0.106256,2.620887,,,2.3,
Saint Kitts and Nevis,KNA,1992,0.10992,2.687531,,,3.1,
Saint Kitts and Nevis,KNA,1993,0.113584,2.740464,,,5.4,
Saint Kitts and Nevis,KNA,1994,0.120912,2.878789,,,5.4,
Saint Kitts and Nevis,KNA,1995,0.12824,3.013866,,,3.5,
Saint Kitts and Nevis,KNA,1996,0.131904,3.060631,,,5.9,
Saint Kitts and Nevis,KNA,1997,0.142896,3.273227,,,7.3,
Saint Kitts and Nevis,KNA,1998,0.150224,3.396428,,,1.0,
Saint Kitts and Nevis,KNA,1999,0.161216,3.596564,,,3.9,
Saint Kitts and Nevis,KNA,2000,0.172208,3.788038,0.0,0.0,9.7,
Saint Kitts and Nevis,KNA,2001,0.175872,3.824468,0.0,0.0,5.3,
Saint Kitts and Nevis,KNA,2002,0.197856,4.276673,0.0,0.0,1.4,
Saint Kitts and Nevis,KNA,2003,0.197856,4.261291,0.0,0.0,-3.9,
Saint Kitts and Nevis,KNA,2004,0.212512,4.562301,0.0,0.0,4.0,
Saint Kitts and Nevis,KNA,2005,0.197856,4.234478,0.0,0.0,9.7,
Saint Kitts and Nevis,KNA,2006,0.20152,4.299185,0.0,0.0,3.2,
Saint Kitts and Nevis,KNA,2007,0.216176,4.598022,0.0,0.0,0.6,
Saint Kitts and Nevis,KNA,2008,0.216176,4.584273,0.0,0.0,11.2,
Saint Kitts and Nevis,KNA,2009,0.223504,4.726642,0.0,0.0,-3.4,
Saint Kitts and Nevis,KNA,2010,0.21984,4.637681,0.0,0.0,0.0,
Saint Kitts and Nevis,KNA,2011,0.230832,4.851348,0.0,0.0,1.6,
Saint Kitts and Nevis,KNA,2012,0.21984,4.606198,5.0,0.01,-0.5,
Saint Kitts and Nevis,KNA,2013,0.223504,4.679046,4.7619047,0.01,5.7,
Saint Kitts and Nevis,KNA,2014,0.230832,4.830233,4.7619047,0.01,7.6,
Saint Kitts and Nevis,KNA,2015,0.234496,4.906801,5.0,0.01,0.7,
Saint Kitts and Nevis,KNA,2016,0.23816,4.983678,4.7619047,0.01,3.9,
Saint Kitts and Nevis,KNA,2017,0.241824,5.060668,0.0,0.0,0.0,
Saint Kitts and Nevis,KNA,2018,0.245488,5.139926,4.5454545,0.01,2.1,
Saint Kitts and Nevis,KNA,2019,0.252816,5.298793,4.5454545,0.01,4.1,
Saint Kitts and Nevis,KNA,2020,0.215855,4.530767,4.7619047,0.01,-14.6,
Saint Kitts and Nevis,KNA,2021,0.237794,4.995041,4.5454545,0.01,-0.9,
South Korea,KOR,1990,250.510837,5.677938,3.9548495,4.684946,9.9,27.350367
South Korea,KOR,1991,275.688225,6.196994,2.6494057,3.487046,10.8,27.350367
South Korea,KOR,1992,299.905413,6.708737,2.1165414,3.0994479999999998,6.2,27.350367
South Korea,KOR,1993,330.173952,7.348162,2.6130474,4.230549,6.9,27.350367
South Korea,KOR,1994,355.694835,7.875317,1.2810979,2.3490919999999997,9.3,27.350367
South Korea,KOR,1995,383.665454,8.452006,1.4797227,3.011923,9.6,27.350367
South Korea,KOR,1996,421.058363,9.221568,1.2532259,2.8303570000000002,7.9,27.350367
South Korea,KOR,1997,444.989603,9.681602,1.174428,2.8959919999999997,6.2,27.350367
South Korea,KOR,1998,378.052437,8.174061,1.8311406,4.343417999999999,-5.1,27.350367
South Korea,KOR,1999,410.537126,8.824875,1.6237404,4.256670999999999,11.5,27.350367
South Korea,KOR,2000,439.980692,9.403589,1.4934685,4.07,9.1,27.350367
South Korea,KOR,2001,455.630633,9.680924,1.4421759,4.21,4.9,27.350367
South Korea,KOR,2002,476.06488,10.060401,1.0887018,3.3899999999999997,7.7,27.350367
South Korea,KOR,2003,485.212785,10.206467,1.5639943,5.069999999999999,3.1,27.350367
South Korea,KOR,2004,491.389426,10.295776,1.3374931,4.63,5.2,27.350367
South Korea,KOR,2005,498.688299,10.413296,1.1032438,4.02,4.3,27.350367
South Korea,KOR,2006,503.478183,10.478356,1.0378252,3.94000001,5.3,27.350367
South Korea,KOR,2007,521.708715,10.819208,1.0973732,4.42,5.8,27.350367
South Korea,KOR,2008,532.650764,11.005493,1.0458606,4.39,3.0,27.350367
South Korea,KOR,2009,537.819831,11.06898,1.0892226,4.6499999999999995,0.8,27.350367
South Korea,KOR,2010,594.33911,12.175826,1.7249681,8.24,6.8,27.350367
South Korea,KOR,2011,623.442837,12.679365,2.4562805,12.29,3.7,27.350367
South Korea,KOR,2012,627.943034,12.651422,2.495697,12.7599996,2.4,27.350367
South Korea,KOR,2013,634.580703,12.666729,2.8267047,14.620000000000001,3.2,27.350367
South Korea,KOR,2014,629.366484,12.448395,3.3683445,17.67,3.2,27.350367
South Korea,KOR,2015,634.177278,12.436214,3.6668572,19.240000000000002,2.8,27.350367
South Korea,KOR,2016,637.914084,12.432553,3.986717,21.369999999999997,2.9,27.350367
South Korea,KOR,2017,654.537269,12.70659,4.801686,25.979999,3.2,27.350367
South Korea,KOR,2018,670.168699,12.968438,5.2304897,29.41,2.9,27.350367
South Korea,KOR,2019,646.102263,12.472095,5.7575755,31.920001,2.2,27.350367
South Korea,KOR,2020,597.634242,11.527395,6.1312203,33.81,-0.7,27.350367
South Korea,KOR,2021,616.074996,11.886424,7.7737374,45.75,4.3,27.350367
Kosovo,KSV,1990,0.0,0.0,,,,
Kosovo,KSV,1991,0.0,0.0,,,,
Kosovo,KSV,1992,0.0,0.0,,,,
Kosovo,KSV,1993,0.0,0.0,,,,
Kosovo,KSV,1994,0.0,0.0,,,,
Kosovo,KSV,1995,0.0,0.0,,,,
Kosovo,KSV,1996,0.0,0.0,,,,
Kosovo,KSV,1997,0.0,0.0,,,,
Kosovo,KSV,1998,0.0,0.0,,,,
Kosovo,KSV,1999,0.0,0.0,,,,
Kosovo,KSV,2000,0.0,0.0,,,,
Kosovo,KSV,2001,0.0,0.0,,,4.6,
Kosovo,KSV,2002,0.0,0.0,,,-0.4,
Kosovo,KSV,2003,0.0,0.0,,,2.6,
Kosovo,KSV,2004,0.0,0.0,,,0.6,
Kosovo,KSV,2005,0.0,0.0,,,4.5,
Kosovo,KSV,2006,0.0,0.0,,,3.6,
Kosovo,KSV,2007,0.0,0.0,,,8.3,
Kosovo,KSV,2008,7.386624,4.096011,,,1.8,
Kosovo,KSV,2009,8.130416,4.523266,,,5.0,
Kosovo,KSV,2010,8.37224,4.670542,,,4.9,
Kosovo,KSV,2011,8.313616,4.620375,,,6.3,
Kosovo,KSV,2012,7.873936,4.34685,,,1.7,
Kosovo,KSV,2013,8.00584,4.43371,,,5.3,
Kosovo,KSV,2014,7.12648,4.008575,,,3.3,
Kosovo,KSV,2015,8.3356,4.7385,,,5.9,
Kosovo,KSV,2016,8.855888,5.058418,,,5.6,
Kosovo,KSV,2017,8.093776,4.673982,,,4.8,
Kosovo,KSV,2018,8.148736,4.765449,,,3.4,
Kosovo,KSV,2019,8.496816,5.037064,,,4.8,
Kosovo,KSV,2020,8.521778,5.100729,,,-5.3,
Kosovo,KSV,2021,5.644358,3.396106,,,10.7,
Kuwait,KWT,1990,37.807037,22.572201,0.0,0.0,-26.2,
Kuwait,KWT,1991,14.916435,11.135823,0.0,0.0,-41.0,
Kuwait,KWT,1992,29.648394,18.29433,0.0,0.0,82.8,
Kuwait,KWT,1993,49.129433,29.709782,0.0,0.0,35.1,
Kuwait,KWT,1994,55.225776,33.651559,0.0,0.0,8.6,
Kuwait,KWT,1995,54.58961,32.980235,0.0,0.0,1.7,
Kuwait,KWT,1996,49.913639,29.30377,0.0,0.0,0.6,
Kuwait,KWT,1997,54.67069,31.037004,0.0,0.0,2.5,
Kuwait,KWT,1998,51.560346,28.33696,0.0,0.0,3.7,
Kuwait,KWT,1999,53.822654,28.668307,0.0,0.0,-1.8,
Kuwait,KWT,2000,53.385365,27.590748,0.0,0.0,4.7,
Kuwait,KWT,2001,57.485387,28.86285,0.0,0.0,0.2,
Kuwait,KWT,2002,57.981039,28.319849,0.0,0.0,3.0,
Kuwait,KWT,2003,59.624099,28.372081,0.0,0.0,17.3,
Kuwait,KWT,2004,63.108923,29.30554,0.0,0.0,10.2,
Kuwait,KWT,2005,71.16576,31.835763,0.0,0.0,10.6,
Kuwait,KWT,2006,73.389651,31.052455,0.0,0.0,7.5,
Kuwait,KWT,2007,74.87531,29.86925,0.0,0.0,6.0,
Kuwait,KWT,2008,82.29726,31.044675,0.0,0.0,2.5,
Kuwait,KWT,2009,86.954965,31.104779,0.0,0.0,-7.1,
Kuwait,KWT,2010,89.272262,30.330093,0.0,0.0,-2.4,
Kuwait,KWT,2011,86.262705,27.438774,0.0,0.0,9.6,
Kuwait,KWT,2012,101.766059,29.978251,0.0,0.0,6.6,
Kuwait,KWT,2013,83.723279,22.959788,0.017442875,0.01,1.1,
Kuwait,KWT,2014,75.623528,20.104171,0.016329195,0.01,0.5,
Kuwait,KWT,2015,92.447755,23.651531,0.01557875,0.01,0.6,
Kuwait,KWT,2016,101.897138,25.171689,0.030372059,0.02,2.9,
Kuwait,KWT,2017,95.937818,23.258194,0.058479533,0.04,-4.7,
Kuwait,KWT,2018,97.045441,22.47887,0.08615738,0.06,2.4,
Kuwait,KWT,2019,104.360612,23.49882,0.08509431,0.06,-0.6,
Kuwait,KWT,2020,99.778764,22.882707,0.074693754,0.05,-8.9,
Kuwait,KWT,2021,106.134264,24.972098,0.070204996,0.05,1.1,
Laos,LAO,1990,0.51296,0.118894,,,6.7,
Laos,LAO,1991,0.545936,0.123035,,,4.0,
Laos,LAO,1992,0.592727,0.129952,,,7.0,
Laos,LAO,1993,0.607425,0.129645,,,5.9,
Laos,LAO,1994,0.634264,0.13192,,,8.2,
Laos,LAO,1995,0.6709,0.136156,,,7.0,
Laos,LAO,1996,0.749891,0.148673,,,6.9,
Laos,LAO,1997,0.792409,0.15385,,,6.9,
Laos,LAO,1998,0.820068,0.156295,,,4.3,
Laos,LAO,1999,0.845838,0.158395,,,4.0,
Laos,LAO,2000,0.9604,0.176841,90.35812,3.28,6.4,
Laos,LAO,2001,1.062694,0.192527,90.41096,3.3,4.8,
Laos,LAO,2002,1.165768,0.207946,90.42254,3.21,6.8,
Laos,LAO,2003,1.220964,0.214616,90.41533,2.83,6.2,
Laos,LAO,2004,1.282484,0.222338,100.0,3.0,7.2,
Laos,LAO,2005,1.337012,0.228433,100.0,3.51,6.9,
Laos,LAO,2006,1.757335,0.29552,100.0,3.6,9.0,
Laos,LAO,2007,1.835383,0.303804,100.0,3.37,7.9,
Laos,LAO,2008,2.131341,0.347358,100.0,3.72,7.8,
Laos,LAO,2009,2.667456,0.428168,100.0,3.37,7.4,
Laos,LAO,2010,3.004513,0.475141,100.0,8.36,8.0,
Laos,LAO,2011,3.170104,0.494068,100.0,12.84,8.0,
Laos,LAO,2012,3.397982,0.522059,100.0,12.93,7.8,
Laos,LAO,2013,4.261159,0.645558,100.0,15.36,8.0,
Laos,LAO,2014,4.449693,0.664982,100.0,15.129999999999999,7.6,
Laos,LAO,2015,9.229252,1.359759,87.14909,13.97,7.3,
Laos,LAO,2016,16.458121,2.388224,70.70344,17.69,7.0,
Laos,LAO,2017,19.683847,2.812815,66.84211,20.320000000000004,6.9,
Laos,LAO,2018,20.558106,2.893468,68.12111,22.95,6.3,
Laos,LAO,2019,19.596154,2.71714,66.612114,20.349999999999998,4.7,
Laos,LAO,2020,20.487801,2.79911,74.13442,29.12,-0.4,
Laos,LAO,2021,20.7775,2.798295,72.95471,29.16,2.1,
Lebanon,LBN,1990,7.868195,2.189441,,,-13.4,
Lebanon,LBN,1991,8.115152,2.213183,,,38.2,
Lebanon,LBN,1992,9.726913,2.597024,,,4.5,
Lebanon,LBN,1993,10.354905,2.711563,,,7.0,
Lebanon,LBN,1994,11.110825,2.857617,,,8.0,
Lebanon,LBN,1995,12.254741,3.094913,,,6.5,
Lebanon,LBN,1996,12.75278,3.161133,,,4.0,
Lebanon,LBN,1997,15.098693,3.675838,,,10.2,
Lebanon,LBN,1998,16.286495,3.897424,,,3.9,
Lebanon,LBN,1999,16.429672,3.865787,,,-0.8,
Lebanon,LBN,2000,15.466264,3.579622,4.787813,0.44,1.1,
Lebanon,LBN,2001,16.406606,3.737949,3.448276,0.33,3.9,
Lebanon,LBN,2002,16.243744,3.653016,6.0633483,0.67,3.4,
Lebanon,LBN,2003,18.529028,4.113168,11.268782,1.35,1.7,
Lebanon,LBN,2004,17.208415,3.761569,9.414759,1.11,7.5,
Lebanon,LBN,2005,16.650191,3.586051,8.8586035,1.04,0.7,
Lebanon,LBN,2006,14.792376,3.134068,6.30137,0.69,1.5,
Lebanon,LBN,2007,13.746087,2.858047,5.1011434,0.58,9.3,
Lebanon,LBN,2008,17.417775,3.563657,2.9411764,0.37,9.1,
Lebanon,LBN,2009,20.957555,4.232879,4.7765794,0.62,10.2,
Lebanon,LBN,2010,19.996595,4.002681,5.6043215,0.83,8.0,
Lebanon,LBN,2011,20.264128,4.016631,5.2049446,0.8,0.9,
Lebanon,LBN,2012,22.332032,4.312588,6.4993567,1.01,2.6,
Lebanon,LBN,2013,22.163384,3.902794,7.1549296,1.27,3.8,
Lebanon,LBN,2014,23.992028,3.823832,1.3017752,0.22000000000000003,2.5,
Lebanon,LBN,2015,25.734552,4.02169,2.904328,0.51,0.5,
Lebanon,LBN,2016,26.45721,4.227324,2.680525,0.49,1.6,
Lebanon,LBN,2017,27.846291,4.558052,2.6959562,0.54,0.9,
Lebanon,LBN,2018,26.202854,4.40322,2.4962556,0.5,-1.9,
Lebanon,LBN,2019,26.400285,4.566017,5.6483297,1.1500000000000001,-6.9,
Lebanon,LBN,2020,24.475147,4.321999,6.3655033,1.2400000000000002,-25.9,
Lebanon,LBN,2021,24.958901,4.462819,5.639281,1.1600000000000001,-10.0,
Liberia,LBR,1990,0.467124,0.211394,,,,
Liberia,LBR,1991,0.370884,0.191253,,,,
Liberia,LBR,1992,0.387994,0.189023,,,,
Liberia,LBR,1993,0.424629,0.199097,,,,
Liberia,LBR,1994,0.422584,0.198845,,,,
Liberia,LBR,1995,0.423397,0.197625,,,,
Liberia,LBR,1996,0.43479,0.197276,,,,
Liberia,LBR,1997,0.453515,0.190289,,,,
Liberia,LBR,1998,0.484039,0.183402,,,,
Liberia,LBR,1999,0.390794,0.140082,,,,
Liberia,LBR,2000,0.413425,0.142796,0.0,0.0,,
Liberia,LBR,2001,0.443066,0.148598,0.0,0.0,2.8,
Liberia,LBR,2002,0.432027,0.141158,0.0,0.0,4.4,
Liberia,LBR,2003,0.464323,0.150502,0.0,0.0,-29.0,
Liberia,LBR,2004,0.546472,0.175014,0.0,0.0,4.0,
Liberia,LBR,2005,0.650572,0.199176,0.0,0.0,5.9,
Liberia,LBR,2006,0.672734,0.194691,0.0,0.0,8.5,
Liberia,LBR,2007,0.625121,0.17208,0.0,0.0,13.1,
Liberia,LBR,2008,0.530796,0.140278,0.0,0.0,6.1,
Liberia,LBR,2009,0.470687,0.120532,0.0,0.0,5.2,
Liberia,LBR,2010,0.7569,0.188286,0.0,0.0,6.4,
Liberia,LBR,2011,0.848052,0.202827,0.0,0.0,7.7,
Liberia,LBR,2012,0.962647,0.222231,0.0,0.0,8.4,
Liberia,LBR,2013,0.874265,0.197471,0.0,0.0,8.8,
Liberia,LBR,2014,1.187862,0.262836,0.0,0.0,0.7,
Liberia,LBR,2015,1.203323,0.260893,0.0,0.0,0.0,
Liberia,LBR,2016,1.353802,0.28767,0.0,0.0,-1.6,
Liberia,LBR,2017,1.227956,0.256004,0.0,0.0,2.5,
Liberia,LBR,2018,1.081641,0.221222,0.0,0.0,1.2,
Liberia,LBR,2019,1.106372,0.221927,0.0,0.0,-2.5,
Liberia,LBR,2020,1.127383,0.221595,59.55056,0.53,-3.0,
Liberia,LBR,2021,1.19526,0.230149,57.608692,0.53,5.0,
Libya,LBY,1990,36.513782,8.617873,,,3.7,
Libya,LBY,1991,42.619846,9.815783,,,18.3,
Libya,LBY,1992,37.02442,8.329791,,,-4.5,
Libya,LBY,1993,38.708328,8.51674,,,-5.5,
Libya,LBY,1994,43.752489,9.426783,,,3.2,
Libya,LBY,1995,45.689944,9.653356,,,-15.4,
Libya,LBY,1996,44.514425,9.235231,,,1.8,
Libya,LBY,1997,45.506217,9.282539,,,-2.6,
Libya,LBY,1998,45.80762,9.196541,,,-0.7,
Libya,LBY,1999,45.054524,8.90758,,,-0.2,
Libya,LBY,2000,47.514863,9.217614,0.0,0.0,4.0,
Libya,LBY,2001,48.462693,9.185645,0.0,0.0,2.6,
Libya,LBY,2002,48.186163,8.914571,0.0,0.0,-3.7,
Libya,LBY,2003,49.473554,8.925989,0.0,0.0,16.1,
Libya,LBY,2004,50.628915,8.901689,0.0,0.0,5.8,
Libya,LBY,2005,56.988605,9.761689,0.0,0.0,10.6,
Libya,LBY,2006,53.255754,8.915531,0.0,0.0,0.3,
Libya,LBY,2007,49.977432,8.196815,0.0,0.0,6.2,
Libya,LBY,2008,53.590669,8.604285,0.0,0.0,-0.2,
Libya,LBY,2009,53.121373,8.352166,0.0,0.0,-4.4,
Libya,LBY,2010,60.652794,9.342715,0.03266906,0.01,5.0,
Libya,LBY,2011,49.212444,7.952714,0.040899795,0.01,-50.3,
Libya,LBY,2012,55.278758,9.417373,0.031036623,0.01,86.8,
Libya,LBY,2013,43.458379,7.260948,0.028058361,0.01,-18.0,
Libya,LBY,2014,60.602117,9.938416,0.028192839,0.01,-23.0,
Libya,LBY,2015,54.550698,8.809533,0.02836075,0.01,-0.8,
Libya,LBY,2016,51.649399,8.221552,0.033852402,0.01,-1.5,
Libya,LBY,2017,53.437015,8.377991,0.03195909,0.01,32.5,
Libya,LBY,2018,54.0158,8.338612,0.03112356,0.01,7.9,
Libya,LBY,2019,69.243504,10.540809,0.03154574,0.01,-11.2,
Libya,LBY,2020,58.565147,8.801572,0.03322259,0.01,-29.5,
Libya,LBY,2021,74.525079,11.064887,0.031230481,0.01,28.3,
Saint Lucia,LCA,1990,0.179536,1.261664,,,9.9,
Saint Lucia,LCA,1991,0.186864,1.295256,,,0.4,
Saint Lucia,LCA,1992,0.212512,1.451386,,,8.0,
Saint Lucia,LCA,1993,0.234496,1.578088,,,0.6,
Saint Lucia,LCA,1994,0.260144,1.727831,,,1.6,
Saint Lucia,LCA,1995,0.2748,1.803765,,,1.7,
Saint Lucia,LCA,1996,0.29312,1.90376,,,2.9,
Saint Lucia,LCA,1997,0.29312,1.885574,,,-0.7,
Saint Lucia,LCA,1998,0.322432,2.055605,,,6.3,
Saint Lucia,LCA,1999,0.333424,2.106865,,,2.7,
Saint Lucia,LCA,2000,0.34808,2.18232,0.0,0.0,0.0,
Saint Lucia,LCA,2001,0.359072,2.235899,0.0,0.0,-3.4,
Saint Lucia,LCA,2002,0.359072,2.219247,0.0,0.0,0.4,
Saint Lucia,LCA,2003,0.377392,2.314621,0.0,0.0,4.3,
Saint Lucia,LCA,2004,0.40304,2.453985,0.0,0.0,7.3,
Saint Lucia,LCA,2005,0.388384,2.348349,0.0,0.0,-0.4,
Saint Lucia,LCA,2006,0.410368,2.465117,0.0,0.0,6.5,
Saint Lucia,LCA,2007,0.425024,2.537184,0.0,0.0,1.9,
Saint Lucia,LCA,2008,0.425024,2.52126,0.0,0.0,4.9,
Saint Lucia,LCA,2009,0.425024,2.504738,0.0,0.0,-1.9,
Saint Lucia,LCA,2010,0.487312,2.850861,0.0,0.0,0.5,
Saint Lucia,LCA,2011,0.487312,2.830823,0.0,0.0,4.9,
Saint Lucia,LCA,2012,0.490976,2.835979,0.0,0.0,-0.4,
Saint Lucia,LCA,2013,0.487312,2.800998,0.0,0.0,-2.2,
Saint Lucia,LCA,2014,0.483648,2.766802,0.0,0.0,1.3,
Saint Lucia,LCA,2015,0.479984,2.733036,0.0,0.0,-0.2,
Saint Lucia,LCA,2016,0.487312,2.762336,0.0,0.0,3.8,
Saint Lucia,LCA,2017,0.505632,2.85405,0.0,0.0,3.4,
Saint Lucia,LCA,2018,0.509296,2.863015,0.0,0.0,2.9,
Saint Lucia,LCA,2019,0.516624,2.892907,0.0,0.0,-0.2,
Saint Lucia,LCA,2020,0.441095,2.460958,0.0,0.0,-23.6,
Saint Lucia,LCA,2021,0.485927,2.704837,0.0,0.0,11.3,
Liechtenstein,LIE,1990,0.198971,6.917116,,,,
Liechtenstein,LIE,1991,0.206329,7.073819,,,,
Liechtenstein,LIE,1992,0.20695,6.996061,,,,
Liechtenstein,LIE,1993,0.215034,7.164948,,,,
Liechtenstein,LIE,1994,0.201111,6.605284,,,,
Liechtenstein,LIE,1995,0.204202,6.610606,,,,
Liechtenstein,LIE,1996,0.20596,6.572434,,,,
Liechtenstein,LIE,1997,0.218376,6.87367,,,,
Liechtenstein,LIE,1998,0.229239,7.121426,,,,
Liechtenstein,LIE,1999,0.226566,6.946693,,,,
Liechtenstein,LIE,2000,0.21686,6.566342,,,,
Liechtenstein,LIE,2001,0.214671,6.431899,,,,
Liechtenstein,LIE,2002,0.220018,6.530089,,,,
Liechtenstein,LIE,2003,0.229355,6.745721,,,,
Liechtenstein,LIE,2004,0.229391,6.687779,,,,
Liechtenstein,LIE,2005,0.228986,6.617528,,,,
Liechtenstein,LIE,2006,0.231121,6.62446,,,,
Liechtenstein,LIE,2007,0.200794,5.712487,,,,
Liechtenstein,LIE,2008,0.219536,6.201403,,,,
Liechtenstein,LIE,2009,0.205375,5.756823,,,,
Liechtenstein,LIE,2010,0.19083,5.311764,,,,
Liechtenstein,LIE,2011,0.176782,4.884965,,,,
Liechtenstein,LIE,2012,0.185325,5.076714,,,,
Liechtenstein,LIE,2013,0.192545,5.231345,,,,
Liechtenstein,LIE,2014,0.161259,4.347077,,,,
Liechtenstein,LIE,2015,0.159774,4.277173,,,,
Liechtenstein,LIE,2016,0.149838,3.984106,,,,
Liechtenstein,LIE,2017,0.155769,4.111204,,,,
Liechtenstein,LIE,2018,0.14295,3.744019,,,,
Liechtenstein,LIE,2019,0.149026,3.872608,,,,
Liechtenstein,LIE,2020,0.141996,3.663848,,,,
Liechtenstein,LIE,2021,0.15095,3.866656,,,,
Sri Lanka,LKA,1990,3.83082,0.222669,99.841255,3.1448,6.2,-49.437771
Sri Lanka,LKA,1991,4.138236,0.237603,92.286285,3.1166,10.8,-49.437771
Sri Lanka,LKA,1992,5.106336,0.28973,81.92502,2.8999,-3.1,-49.437771
Sri Lanka,LKA,1993,4.975431,0.279117,95.40805,3.796,7.5,-49.437771
Sri Lanka,LKA,1994,5.435205,0.301759,93.21542,4.0891,8.0,-49.437771
Sri Lanka,LKA,1995,5.814277,0.31986,94.03553,4.5141,6.1,-49.437771
Sri Lanka,LKA,1996,6.970579,0.380438,71.818214,3.2519,12.2,-49.437771
Sri Lanka,LKA,1997,7.520293,0.407623,67.016136,3.44727,10.3,-49.437771
Sri Lanka,LKA,1998,7.735926,0.416788,68.98116,3.91495,-1.6,-49.437771
Sri Lanka,LKA,1999,8.516617,0.456156,66.56838,4.1809936,2.9,-49.437771
Sri Lanka,LKA,2000,10.134099,0.539726,49.14729,3.17,8.4,-49.437771
Sri Lanka,LKA,2001,10.326369,0.545783,47.32006,3.09,-1.9,-49.437771
Sri Lanka,LKA,2002,10.94802,0.572874,39.411762,2.6799999999999997,3.7,-49.437771
Sri Lanka,LKA,2003,10.953041,0.567422,44.129555,3.2699999999999996,5.9,-49.437771
Sri Lanka,LKA,2004,12.147363,0.623248,37.309643,2.94,5.4,-49.437771
Sri Lanka,LKA,2005,11.935225,0.606654,38.409855,3.4299999999999997,6.2,-49.437771
Sri Lanka,LKA,2006,11.792541,0.593464,45.897743,3.86,7.7,-49.437771
Sri Lanka,LKA,2007,12.15191,0.605215,41.430073,3.94,6.8,-49.437771
Sri Lanka,LKA,2008,11.987291,0.590925,43.347195,4.169999999999999,6.0,-49.437771
Sri Lanka,LKA,2009,12.944645,0.631986,41.10302,3.95,3.5,-49.437771
Sri Lanka,LKA,2010,13.050987,0.631442,54.50192,5.6899999999999995,8.0,-49.437771
Sri Lanka,LKA,2011,14.886152,0.713631,42.180515,4.72,8.7,-49.437771
Sri Lanka,LKA,2012,15.798102,0.751677,30.606861,3.4799999999999995,8.6,-49.437771
Sri Lanka,LKA,2013,14.679056,0.694644,61.234993,7.14,4.1,-49.437771
Sri Lanka,LKA,2014,17.690987,0.83293,40.85213,4.89,6.4,-49.437771
Sri Lanka,LKA,2015,19.830283,0.929398,50.0,6.36,4.2,-49.437771
Sri Lanka,LKA,2016,23.023608,1.074589,34.331627,4.699999999999999,5.1,-49.437771
Sri Lanka,LKA,2017,23.030453,1.070845,31.654188,4.65,6.5,-49.437771
Sri Lanka,LKA,2018,20.994533,0.972838,47.42819,7.1000000000000005,2.3,-49.437771
Sri Lanka,LKA,2019,22.220113,1.026349,36.33501,5.77,-0.2,-49.437771
Sri Lanka,LKA,2020,21.70368,0.999475,38.51091,6.000000000000001,-4.6,-49.437771
Sri Lanka,LKA,2021,20.78091,0.954416,37.713936,6.17,3.5,-49.437771
Lesotho,LSO,1990,1.472928,0.81875,,,6.4,
Lesotho,LSO,1991,1.527888,0.835136,,,7.5,
Lesotho,LSO,1992,1.586512,0.853649,,,6.1,
Lesotho,LSO,1993,1.634144,0.8667,,,4.0,
Lesotho,LSO,1994,1.674448,0.87638,,,5.2,
Lesotho,LSO,1995,1.707424,0.88281,,,4.1,
Lesotho,LSO,1996,1.736736,0.888311,,,4.8,
Lesotho,LSO,1997,1.769712,0.897156,,,3.3,
Lesotho,LSO,1998,1.802688,0.907863,,,1.3,
Lesotho,LSO,1999,1.824672,0.91497,,,1.4,
Lesotho,LSO,2000,1.85032,0.925794,100.0,0.29,4.0,
Lesotho,LSO,2001,1.875968,0.938231,100.0,0.28,3.3,
Lesotho,LSO,2002,1.90528,0.953816,100.0,0.31,2.4,
Lesotho,LSO,2003,1.930928,0.96884,100.0,0.32,4.2,
Lesotho,LSO,2004,1.982224,0.998408,100.0,0.3,2.1,
Lesotho,LSO,2005,2.011536,1.017251,100.0,0.46,3.3,
Lesotho,LSO,2006,2.037184,1.030557,100.0,0.52,4.2,
Lesotho,LSO,2007,2.073824,1.045556,100.0,0.55,4.2,
Lesotho,LSO,2008,2.12512,1.065216,100.0,0.58,3.8,
Lesotho,LSO,2009,2.21672,1.103302,100.0,0.65,0.4,
Lesotho,LSO,2010,2.275344,1.124878,100.0,0.69,5.1,
Lesotho,LSO,2011,3.063104,1.503233,100.0,0.49,5.1,
Lesotho,LSO,2012,3.092416,1.505032,100.0,0.49,5.1,
Lesotho,LSO,2013,2.333968,1.125379,100.0,0.51,1.8,
Lesotho,LSO,2014,2.4732,1.180389,100.0,0.52,2.1,
Lesotho,LSO,2015,2.242368,1.058459,100.0,0.53,3.2,
Lesotho,LSO,2016,2.213056,1.032271,100.0,0.52,1.9,
Lesotho,LSO,2017,2.513504,1.157968,100.0,0.54,-2.7,
Lesotho,LSO,2018,2.370608,1.078521,100.0,0.54,-1.3,
Lesotho,LSO,2019,2.388928,1.073337,100.0,0.5,-2.0,
Lesotho,LSO,2020,2.188045,0.970695,100.0,0.5,-3.9,
Lesotho,LSO,2021,2.282165,1.000312,100.0,0.5,1.8,
Lithuania,LTU,1990,35.767734,9.447749,1.4456981,0.41,,42.414463
Lithuania,LTU,1991,37.849997,9.97779,1.1592226,0.34,,42.414463
Lithuania,LTU,1992,21.201457,5.58559,1.6729627,0.31,,42.414463
Lithuania,LTU,1993,16.353746,4.316649,2.8037384,0.39,,42.414463
Lithuania,LTU,1994,15.801144,4.190778,4.6248717,0.45,,42.414463
Lithuania,LTU,1995,15.091554,4.02735,2.7427726,0.37,,42.414463
Lithuania,LTU,1996,15.773444,4.23787,2.037037,0.33,5.2,42.414463
Lithuania,LTU,1997,15.196349,4.112795,2.0905924,0.3,8.3,42.414463
Lithuania,LTU,1998,16.030578,4.373355,2.4561403,0.42,7.5,42.414463
Lithuania,LTU,1999,13.482975,3.710287,3.1490014,0.41,-1.1,42.414463
Lithuania,LTU,2000,11.8764,3.299333,3.0825024,0.34,3.7,42.414463
Lithuania,LTU,2001,12.627074,3.546789,2.309307,0.33,6.5,42.414463
Lithuania,LTU,2002,12.69916,3.612027,2.0408163,0.35,6.8,42.414463
Lithuania,LTU,2003,12.692601,3.658153,1.7684888,0.33,10.6,42.414463
Lithuania,LTU,2004,13.287306,3.882236,2.3143165,0.43,6.6,42.414463
Lithuania,LTU,2005,14.117414,4.184756,3.2348804,0.46,7.7,42.414463
Lithuania,LTU,2006,14.434081,4.343779,3.622578,0.43000000000000005,7.4,42.414463
Lithuania,LTU,2007,15.824054,4.835585,4.383976,0.5800000000000001,11.1,42.414463
Lithuania,LTU,2008,15.20423,4.715399,4.583652,0.6000000000000001,2.6,42.414463
Lithuania,LTU,2009,13.043233,4.101028,4.732081,0.6799999999999999,-14.8,42.414463
Lithuania,LTU,2010,13.946613,4.442985,19.157894,0.91,1.7,42.414463
Lithuania,LTU,2011,14.292825,4.610889,27.81955,1.1099999999999999,6.0,42.414463
Lithuania,LTU,2012,14.349487,4.68426,27.441858,1.18,3.8,42.414463
Lithuania,LTU,2013,13.355973,4.410548,38.44221,1.5300000000000002,3.6,42.414463
Lithuania,LTU,2014,13.108084,4.376763,43.641617,1.5100000000000002,3.5,42.414463
Lithuania,LTU,2015,13.319679,4.494175,42.0,1.6800000000000002,2.0,42.414463
Lithuania,LTU,2016,13.351177,4.551011,61.583572,2.1,2.5,42.414463
Lithuania,LTU,2017,13.571834,4.672772,75.52239,2.53,4.3,42.414463
Lithuania,LTU,2018,13.691349,4.760341,80.0,2.2,4.0,42.414463
Lithuania,LTU,2019,13.923306,4.886943,78.662415,2.47,4.6,42.414463
Lithuania,LTU,2020,13.653155,4.841086,56.73289,2.57,0.0,42.414463
Lithuania,LTU,2021,13.880837,4.981189,62.829735,2.62,6.0,42.414463
Luxembourg,LUX,1990,11.823353,31.01069,12.903226,0.08,5.3,125.06548
Luxembourg,LUX,1991,12.443151,32.202855,12.857143,0.09,8.6,125.06548
Luxembourg,LUX,1992,12.209723,31.185757,12.121212,0.08,1.8,125.06548
Luxembourg,LUX,1993,12.354764,31.144083,11.940298,0.08,4.2,125.06548
Luxembourg,LUX,1994,11.542475,28.709554,18.644068,0.11,3.8,125.06548
Luxembourg,LUX,1995,9.151729,22.450794,22.448978,0.11,1.4,125.06548
Luxembourg,LUX,1996,9.201614,22.269046,17.777779,0.08,1.5,125.06548
Luxembourg,LUX,1997,8.55397,20.443941,24.390242,0.1,5.9,125.06548
Luxembourg,LUX,1998,7.675949,18.12186,40.540543,0.15,6.5,125.06548
Luxembourg,LUX,1999,8.127875,18.930695,36.11111,0.13,8.4,125.06548
Luxembourg,LUX,2000,8.709963,19.994039,40.0,0.15999999999999998,8.4,125.06548
Luxembourg,LUX,2001,9.207531,20.866925,19.54023,0.16999999999999998,3.1,125.06548
Luxembourg,LUX,2002,9.983685,22.389311,5.3571434,0.15000000000000002,3.2,125.06548
Luxembourg,LUX,2003,10.45917,23.17303,5.0179214,0.14,2.6,125.06548
Luxembourg,LUX,2004,11.829091,25.83967,5.6379824,0.19000000000000003,4.2,125.06548
Luxembourg,LUX,2005,12.087836,26.003176,6.2686567,0.21000000000000002,2.5,125.06548
Luxembourg,LUX,2006,11.920357,25.233396,7.062147,0.24999999999999997,6.0,125.06548
Luxembourg,LUX,2007,11.31778,23.585195,8.15047,0.26,8.1,125.06548
Luxembourg,LUX,2008,11.184473,22.889217,10.294118,0.28,-0.3,125.06548
Luxembourg,LUX,2009,10.638966,21.369049,8.571429,0.26999999999999996,-3.2,125.06548
Luxembourg,LUX,2010,11.202164,22.091948,8.333334,0.26999999999999996,3.8,125.06548
Luxembourg,LUX,2011,11.102959,21.425763,9.090909,0.24,1.0,125.06548
Luxembourg,LUX,2012,10.867476,20.482064,11.231884,0.31,1.6,125.06548
Luxembourg,LUX,2013,10.325364,19.013092,19.565218,0.36,3.2,125.06548
Luxembourg,LUX,2014,9.828191,17.67441,20.94241,0.4,2.6,125.06548
Luxembourg,LUX,2015,9.347466,16.416113,32.08955,0.43000000000000005,2.3,125.06548
Luxembourg,LUX,2016,9.089235,15.581073,58.227848,0.46,5.0,125.06548
Luxembourg,LUX,2017,9.261198,15.531547,66.66667,0.6,1.3,125.06548
Luxembourg,LUX,2018,9.566671,15.736909,70.833336,0.6799999999999999,1.2,125.06548
Luxembourg,LUX,2019,9.751728,15.729279,74.76635,0.8,2.9,125.06548
Luxembourg,LUX,2020,8.096513,12.843474,79.508194,0.97,-0.9,125.06548
Luxembourg,LUX,2021,8.354555,13.067857,80.4878,0.99,7.2,125.06548
Latvia,LVA,1990,19.661396,7.310724,67.669174,4.5,,61.617077
Latvia,LVA,1991,17.919401,6.688929,58.053097,3.28,,61.617077
Latvia,LVA,1992,14.193356,5.330071,65.625,2.52,,61.617077
Latvia,LVA,1993,11.921497,4.51762,73.28244,2.88,-11.4,61.617077
Latvia,LVA,1994,10.370008,3.978589,74.549545,3.31,2.2,61.617077
Latvia,LVA,1995,9.133782,3.553792,73.68421,2.94,-2.1,61.617077
Latvia,LVA,1996,9.211501,3.63475,59.615387,1.86,2.6,61.617077
Latvia,LVA,1997,8.679764,3.473463,65.410194,2.95,8.8,61.617077
Latvia,LVA,1998,8.305879,3.373169,74.482765,4.32,6.3,61.617077
Latvia,LVA,1999,7.717713,3.18079,67.15328,2.76,2.8,61.617077
Latvia,LVA,2000,7.081469,2.959824,68.115944,2.82,5.7,61.617077
Latvia,LVA,2001,7.496323,3.177419,66.276344,2.83,6.3,61.617077
Latvia,LVA,2002,7.520245,3.232923,62.468513,2.4799999999999995,7.1,61.617077
Latvia,LVA,2003,7.725858,3.367352,58.942062,2.34,8.4,61.617077
Latvia,LVA,2004,7.730934,3.415564,68.23028,3.1999999999999997,8.3,61.617077
Latvia,LVA,2005,7.810471,3.497502,69.51219,3.42,10.7,61.617077
Latvia,LVA,2006,8.309829,3.770489,57.055218,2.79,12.0,61.617077
Latvia,LVA,2007,8.637101,3.969159,59.243694,2.82,9.9,61.617077
Latvia,LVA,2008,8.197894,3.812244,60.910816,3.21,-3.2,61.617077
Latvia,LVA,2009,7.456006,3.506621,63.913822,3.5599999999999996,-14.3,61.617077
Latvia,LVA,2010,8.554094,4.070412,54.90196,3.6399999999999997,-4.5,61.617077
Latvia,LVA,2011,7.810795,3.760661,50.57471,3.08,2.6,61.617077
Latvia,LVA,2012,7.51941,3.661511,66.61264,4.109999999999999,7.0,61.617077
Latvia,LVA,2013,7.368437,3.627117,56.935486,3.5300000000000002,2.0,61.617077
Latvia,LVA,2014,7.171961,3.566296,54.47471,2.8,1.9,61.617077
Latvia,LVA,2015,7.262099,3.645714,50.180508,2.7800000000000002,3.9,61.617077
Latvia,LVA,2016,7.210325,3.653617,54.20561,3.4799999999999995,2.4,61.617077
Latvia,LVA,2017,7.214946,3.69077,72.50996,5.46,3.3,61.617077
Latvia,LVA,2018,7.859363,4.060364,51.934525,3.49,4.0,61.617077
Latvia,LVA,2019,7.648673,3.990844,49.53416,3.19,2.6,61.617077
Latvia,LVA,2020,6.994113,3.686832,63.636368,3.64,-2.3,61.617077
Latvia,LVA,2021,7.266214,3.87755,63.589745,3.7199999999999998,4.3,61.617077
Macao,MAC,1990,1.033248,2.950224,,,,
Macao,MAC,1991,1.091872,3.012975,,,,
Macao,MAC,1992,1.08088,2.902704,,,,
Macao,MAC,1993,1.179808,3.098951,,,,
Macao,MAC,1994,1.271408,3.270259,,,,
Macao,MAC,1995,1.231104,3.103824,,,,
Macao,MAC,1996,1.406976,3.480056,,,,
Macao,MAC,1997,1.487584,3.613272,,,,
Macao,MAC,1998,1.5572,3.718456,,,,
Macao,MAC,1999,1.516896,3.564822,,,,
Macao,MAC,2000,1.63048,3.775168,0.0,0.0,,
Macao,MAC,2001,1.68544,3.838204,0.0,0.0,,
Macao,MAC,2002,1.516896,3.373391,0.0,0.0,8.9,
Macao,MAC,2003,1.531552,3.311228,0.0,0.0,11.6,
Macao,MAC,2004,1.714752,3.605988,0.0,0.0,26.6,
Macao,MAC,2005,1.828336,3.741844,0.0,0.0,8.1,
Macao,MAC,2006,1.619488,3.226952,0.0,0.0,13.4,
Macao,MAC,2007,1.363008,2.644923,0.0,0.0,14.5,
Macao,MAC,2008,1.132176,2.140066,0.0,0.0,3.4,
Macao,MAC,2009,1.890624,3.481678,0.0,0.0,1.3,
Macao,MAC,2010,1.234768,2.215637,0.0,0.0,25.1,
Macao,MAC,2011,1.463603,2.563214,0.0,0.0,21.6,
Macao,MAC,2012,1.298118,2.227511,0.0,0.0,9.2,
Macao,MAC,2013,1.211038,2.040935,0.0,0.0,10.8,
Macao,MAC,2014,1.518543,2.51345,0.0,0.0,-2.0,
Macao,MAC,2015,1.998679,3.248623,0.0,0.0,-21.5,
Macao,MAC,2016,1.780704,2.841452,0.0,0.0,-0.7,
Macao,MAC,2017,1.927264,3.017909,0.0,0.0,10.0,
Macao,MAC,2018,1.242096,1.908008,0.0,0.0,6.5,
Macao,MAC,2019,1.212784,1.827437,0.0,0.0,-2.5,
Macao,MAC,2020,1.271793,1.880563,0.0,0.0,-54.2,
Macao,MAC,2021,1.286771,1.874101,0.0,0.0,19.3,
Morocco,MAR,1990,22.297998,0.907499,12.671375,1.22,4.0,-4.8800812
Morocco,MAR,1991,23.688164,0.947978,13.318849,1.226,7.5,-4.8800812
Morocco,MAR,1992,24.736784,0.973863,9.918716,0.964,-2.9,-4.8800812
Morocco,MAR,1993,26.778886,1.037669,4.470232,0.443,-1.0,-4.8800812
Morocco,MAR,1994,28.123801,1.073364,7.3234525,0.84,11.5,-4.8800812
Morocco,MAR,1995,28.75027,1.080876,5.0529275,0.611,-6.3,-4.8800812
Morocco,MAR,1996,29.524523,1.093538,15.60855,1.957,13.5,-4.8800812
Morocco,MAR,1997,29.977577,1.094187,15.324062,2.083,-2.0,-4.8800812
Morocco,MAR,1998,30.881156,1.11116,13.70296,1.777,8.0,-4.8800812
Morocco,MAR,1999,31.985669,1.13517,6.3978286,0.825,0.5,-4.8800812
Morocco,MAR,2000,33.199036,1.162659,6.3478975,0.77,1.6,-4.8800812
Morocco,MAR,2001,36.805697,1.272229,7.535212,1.07,7.6,-4.8800812
Morocco,MAR,2002,37.306287,1.273173,6.794195,1.03,3.3,-4.8800812
Morocco,MAR,2003,36.570125,1.232925,9.951457,1.64,6.3,-4.8800812
Morocco,MAR,2004,42.225556,1.405966,10.228572,1.79,4.8,-4.8800812
Morocco,MAR,2005,44.660769,1.467564,6.286627,1.18,3.0,-4.8800812
Morocco,MAR,2006,46.249416,1.499996,6.0716133,1.17,7.8,-4.8800812
Morocco,MAR,2007,48.912715,1.566077,6.153051,1.19,2.7,-4.8800812
Morocco,MAR,2008,51.36908,1.623806,6.211813,1.22,5.9,-4.8800812
Morocco,MAR,2009,50.859733,1.58724,14.635365,2.93,4.2,-4.8800812
Morocco,MAR,2010,54.3652,1.674586,17.343487,4.1,3.8,-4.8800812
Morocco,MAR,2011,54.867636,1.667522,10.764306,2.6899999999999995,5.2,-4.8800812
Morocco,MAR,2012,56.95354,1.707641,8.835341,2.42,3.0,-4.8800812
Morocco,MAR,2013,56.606417,1.674571,15.646004,4.1899999999999995,4.5,-4.8800812
Morocco,MAR,2014,57.174916,1.669409,13.013699,3.61,2.7,-4.8800812
Morocco,MAR,2015,58.495177,1.68669,15.064318,4.450000000000001,4.3,-4.8800812
Morocco,MAR,2016,58.457476,1.665111,15.55118,4.739999999999999,0.5,-4.8800812
Morocco,MAR,2017,61.472122,1.730239,14.8652935,4.69,5.1,-4.8800812
Morocco,MAR,2018,63.010039,1.75381,19.047619,6.5200000000000005,3.1,-4.8800812
Morocco,MAR,2019,68.60754,1.889785,19.009504,7.6,2.9,-4.8800812
Morocco,MAR,2020,64.720322,1.764036,18.290775,7.0200000000000005,-7.2,-4.8800812
Morocco,MAR,2021,70.577665,1.903564,19.806295,8.18,8.0,-4.8800812
Moldova,MDA,1990,36.534306,8.154617,,,,
Moldova,MDA,1991,29.536259,6.576874,,,-17.5,
Moldova,MDA,1992,20.978058,4.667078,,,-29.7,
Moldova,MDA,1993,15.845813,3.526237,,,-1.2,
Moldova,MDA,1994,12.426964,2.772325,,,-30.9,
Moldova,MDA,1995,11.405406,2.55656,,,-1.4,
Moldova,MDA,1996,11.68709,2.638053,,,-5.9,
Moldova,MDA,1997,7.301343,1.661742,,,1.6,
Moldova,MDA,1998,6.443838,1.48014,,,-6.5,
Moldova,MDA,1999,4.684538,1.088431,,,-3.4,
Moldova,MDA,2000,3.572952,0.840384,7.3446326,0.39,2.1,
Moldova,MDA,2001,3.786589,0.901461,6.382979,0.36,6.1,
Moldova,MDA,2002,4.051736,0.976877,6.065858,0.35,7.8,
Moldova,MDA,2003,4.404268,1.075791,6.0504203,0.36,6.6,
Moldova,MDA,2004,4.613424,1.139963,6.0344825,0.35,7.4,
Moldova,MDA,2005,4.937548,1.233961,6.030151,0.36,7.5,
Moldova,MDA,2006,5.029747,1.275696,6.0855265,0.37,4.8,
Moldova,MDA,2007,4.978554,1.284177,5.9523807,0.35,3.0,
Moldova,MDA,2008,5.19038,1.361439,6.322795,0.38,7.8,
Moldova,MDA,2009,4.539512,1.210701,5.654281,0.35,-6.0,
Moldova,MDA,2010,4.830905,1.313393,6.5466447,0.4,7.1,
Moldova,MDA,2011,4.944974,1.375466,6.044905,0.35,5.8,
Moldova,MDA,2012,4.765682,1.358831,4.6471605,0.27,-0.6,
Moldova,MDA,2013,4.899358,1.434016,6.873614,0.31,9.0,
Moldova,MDA,2014,4.758816,1.425505,6.122449,0.33,5.0,
Moldova,MDA,2015,4.78176,1.459015,4.46281,0.27,-0.3,
Moldova,MDA,2016,4.903671,1.52046,4.1025643,0.24000000000000002,4.4,
Moldova,MDA,2017,5.220511,1.641409,6.0483875,0.30000000000000004,4.2,
Moldova,MDA,2018,5.44545,1.733206,5.5762086,0.30000000000000004,4.1,
Moldova,MDA,2019,5.490665,1.765776,6.151142,0.35,3.6,
Moldova,MDA,2020,5.250277,1.701957,5.510535,0.34,-8.3,
Moldova,MDA,2021,5.60151,1.829658,6.4564567,0.43000000000000005,13.9,
Madagascar,MDG,1990,0.92964,0.078234,,,3.1,-5.3745308
Madagascar,MDG,1991,1.01021,0.082498,,,-6.3,-5.3745308
Madagascar,MDG,1992,0.980861,0.077702,,,1.2,-5.3745308
Madagascar,MDG,1993,1.006472,0.077301,,,2.1,-5.3745308
Madagascar,MDG,1994,1.247425,0.092841,,,0.0,-5.3745308
Madagascar,MDG,1995,1.287705,0.092847,,,1.7,-5.3745308
Madagascar,MDG,1996,1.340553,0.093631,,,2.2,-5.3745308
Madagascar,MDG,1997,1.623118,0.109827,,,3.7,-5.3745308
Madagascar,MDG,1998,1.710612,0.112164,,,3.9,-5.3745308
Madagascar,MDG,1999,1.81765,0.115547,,,4.7,-5.3745308
Madagascar,MDG,2000,1.867232,0.115144,69.230774,0.54,4.5,-5.3745308
Madagascar,MDG,2001,1.735646,0.103871,59.55056,0.53,6.0,-5.3745308
Madagascar,MDG,2002,1.232145,0.071587,62.06897,0.54,-12.4,-5.3745308
Madagascar,MDG,2003,1.681066,0.094845,60.606064,0.6,9.8,-5.3745308
Madagascar,MDG,2004,1.78972,0.098063,57.272724,0.63,5.3,-5.3745308
Madagascar,MDG,2005,1.726562,0.091877,57.657658,0.64,4.8,-5.3745308
Madagascar,MDG,2006,1.667383,0.086168,55.752213,0.63,5.4,-5.3745308
Madagascar,MDG,2007,1.724027,0.086526,60.169495,0.71,5.7,-5.3745308
Madagascar,MDG,2008,1.779958,0.08677,56.09756,0.69,6.7,-5.3745308
Madagascar,MDG,2009,1.706379,0.080806,59.349594,0.73,-4.0,-5.3745308
Madagascar,MDG,2010,1.871843,0.086137,53.0303,0.7,0.6,-5.3745308
Madagascar,MDG,2011,2.373945,0.106226,50.74627,0.68,1.6,-5.3745308
Madagascar,MDG,2012,2.744214,0.119489,44.117645,0.75,3.0,-5.3745308
Madagascar,MDG,2013,3.20759,0.135984,43.783783,0.81,2.3,-5.3745308
Madagascar,MDG,2014,3.157868,0.130404,45.177666,0.89,3.3,-5.3745308
Madagascar,MDG,2015,3.227484,0.129874,46.116505,0.9500000000000001,3.1,-5.3745308
Madagascar,MDG,2016,3.267788,0.128139,44.554455,0.9,4.0,-5.3745308
Madagascar,MDG,2017,4.118891,0.157393,36.363636,0.8,3.9,-5.3745308
Madagascar,MDG,2018,3.822318,0.142377,43.171806,0.98,3.2,-5.3745308
Madagascar,MDG,2019,4.298984,0.156139,45.273632,0.91,4.4,-5.3745308
Madagascar,MDG,2020,4.000582,0.141738,34.517765,0.68,-7.1,-5.3745308
Madagascar,MDG,2021,4.244355,0.146784,34.44976,0.72,5.7,-5.3745308
Maldives,MDV,1990,0.172208,0.765515,,,-4.0,
Maldives,MDV,1991,0.153888,0.662882,,,6.9,
Maldives,MDV,1992,0.230832,0.965275,,,6.5,
Maldives,MDV,1993,0.197856,0.8048,,,5.4,
Maldives,MDV,1994,0.197856,0.784517,,,7.5,
Maldives,MDV,1995,0.249152,0.964928,,,7.4,
Maldives,MDV,1996,0.289456,1.097085,,,9.1,
Maldives,MDV,1997,0.32976,1.225691,,,10.4,
Maldives,MDV,1998,0.300448,1.097343,,,9.8,
Maldives,MDV,1999,0.42136,1.515079,,,7.2,
Maldives,MDV,2000,0.450672,1.59526,0.0,0.0,4.8,
Maldives,MDV,2001,0.461664,1.606771,0.0,0.0,3.5,
Maldives,MDV,2002,0.593568,2.030792,0.0,0.0,6.1,
Maldives,MDV,2003,0.505632,1.70117,0.0,0.0,25.4,
Maldives,MDV,2004,0.666848,2.207119,0.0,0.0,6.0,
Maldives,MDV,2005,0.600896,1.957201,0.0,0.0,-13.1,
Maldives,MDV,2006,0.758448,2.412359,0.0,0.0,26.1,
Maldives,MDV,2007,0.780432,2.400399,0.0,0.0,7.7,
Maldives,MDV,2008,0.84272,2.501521,0.0,0.0,9.5,
Maldives,MDV,2009,0.883024,2.529887,0.0,0.0,-7.2,
Maldives,MDV,2010,0.93432,2.584028,0.0,0.0,7.3,
Maldives,MDV,2011,0.985616,2.63224,0.0,0.0,8.6,
Maldives,MDV,2012,1.110192,2.864723,0.0,0.0,2.5,
Maldives,MDV,2013,1.091872,2.724721,0.0,0.0,7.3,
Maldives,MDV,2014,1.315376,3.156362,1.9607843,0.01,7.3,
Maldives,MDV,2015,1.311712,3.011401,1.754386,0.01,2.9,
Maldives,MDV,2016,1.436288,3.161875,1.6393442,0.01,6.3,
Maldives,MDV,2017,1.513232,3.203001,3.2258065,0.02,7.2,
Maldives,MDV,2018,1.7404,3.553592,4.6875,0.03,8.1,
Maldives,MDV,2019,1.952912,3.870924,4.6875,0.03,6.9,
Maldives,MDV,2020,2.061136,4.006578,6.557377,0.04,-33.4,
Maldives,MDV,2021,2.118174,4.06203,7.5757575,0.05,41.7,
Mexico,MEX,1990,317.042355,3.879597,25.177782,29.606944000000002,5.3,28.653582
Mexico,MEX,1991,330.133158,3.96073,22.136204,28.4607754,4.0,28.653582
Mexico,MEX,1992,332.780138,3.915375,25.08641,33.183217,3.6,28.653582
Mexico,MEX,1993,338.067214,3.901596,24.627949,33.159690600000005,2.9,28.653582
Mexico,MEX,1994,351.52818,3.980416,18.134733,26.499845399999998,4.4,28.653582
Mexico,MEX,1995,331.59661,3.685653,22.629654,34.0251105,-5.9,28.653582
Mexico,MEX,1996,345.766112,3.775293,23.968714,37.532832,6.2,28.653582
Mexico,MEX,1997,368.644797,3.956134,19.348513,32.2633434,7.2,28.653582
Mexico,MEX,1998,388.35689,4.098006,16.985353,30.753531000000002,6.2,28.653582
Mexico,MEX,1999,390.516452,4.053742,20.421417,38.7963214,2.8,28.653582
Mexico,MEX,2000,396.066364,4.046719,22.929117,44.51,5.0,28.653582
Mexico,MEX,2001,410.697922,4.132007,19.66496,39.559999,-0.5,28.653582
Mexico,MEX,2002,411.967687,4.082239,17.422094,35.670001,-0.2,28.653582
Mexico,MEX,2003,437.757538,4.273751,15.853659,32.11,1.2,28.653582
Mexico,MEX,2004,438.856697,4.221976,17.313446,38.19,3.6,28.653582
Mexico,MEX,2005,463.99319,4.400442,18.278084,42.29,2.1,28.653582
Mexico,MEX,2006,476.565216,4.458598,18.42561,43.629999,4.8,28.653582
Mexico,MEX,2007,479.786812,4.430043,17.276155,42.14,2.1,28.653582
Mexico,MEX,2008,492.97967,4.494525,21.538712,53.22,0.9,28.653582
Mexico,MEX,2009,475.903054,4.285507,16.536974,40.59,-6.3,28.653582
Mexico,MEX,2010,463.782514,4.121324,19.42816,51.369999,5.0,28.653582
Mexico,MEX,2011,484.164841,4.241461,18.091637,50.7,3.4,28.653582
Mexico,MEX,2012,501.568856,4.332987,16.575943,47.200001,3.6,28.653582
Mexico,MEX,2013,495.485164,4.22442,15.54929,44.67,0.9,28.653582
Mexico,MEX,2014,484.113709,4.076545,19.80082,57.459999999999994,2.5,28.653582
Mexico,MEX,2015,479.519778,3.991013,17.59769,52.42,2.7,28.653582
Mexico,MEX,2016,479.789752,3.948262,17.480696,52.97,1.8,28.653582
Mexico,MEX,2017,465.620953,3.79049,18.075953,55.879999999999995,1.9,28.653582
Mexico,MEX,2018,475.268909,3.832385,17.703753,58.78,2.0,28.653582
Mexico,MEX,2019,472.191499,3.774956,18.548794,59.0,-0.3,28.653582
Mexico,MEX,2020,391.706208,3.108821,21.255222,69.190001,-8.7,28.653582
Mexico,MEX,2021,407.205037,3.213801,23.9353,80.64999999999999,5.8,28.653582
Marshall Islands,MHL,1990,0.0,0.0,,,,
Marshall Islands,MHL,1991,0.0,0.0,,,,
Marshall Islands,MHL,1992,0.076944,1.602499,,,,
Marshall Islands,MHL,1993,0.084272,1.721805,,,,
Marshall Islands,MHL,1994,0.084272,1.690851,,,,
Marshall Islands,MHL,1995,0.087936,1.734369,,,,
Marshall Islands,MHL,1996,0.087936,1.706236,,,,
Marshall Islands,MHL,1997,0.087936,1.679514,,,,
Marshall Islands,MHL,1998,0.0916,1.72297,,,-0.7,
Marshall Islands,MHL,1999,0.087936,1.633466,,,-1.4,
Marshall Islands,MHL,2000,0.098928,1.824432,,,2.5,
Marshall Islands,MHL,2001,0.102592,1.885432,,,6.9,
Marshall Islands,MHL,2002,0.10992,2.017029,,,3.6,
Marshall Islands,MHL,2003,0.106256,1.949902,,,-1.5,
Marshall Islands,MHL,2004,0.117248,2.153908,,,-0.7,
Marshall Islands,MHL,2005,0.113584,2.090362,,,1.8,
Marshall Islands,MHL,2006,0.120912,2.230519,,,0.2,
Marshall Islands,MHL,2007,0.124576,2.305341,,,3.4,
Marshall Islands,MHL,2008,0.12824,2.382934,,,-7.6,
Marshall Islands,MHL,2009,0.131904,2.461217,,,3.7,
Marshall Islands,MHL,2010,0.135568,2.537966,,,5.4,
Marshall Islands,MHL,2011,0.139232,2.628457,,,0.0,
Marshall Islands,MHL,2012,0.135568,2.596939,,,-1.3,
Marshall Islands,MHL,2013,0.139232,2.711326,,,3.6,
Marshall Islands,MHL,2014,0.142896,2.83417,,,-1.2,
Marshall Islands,MHL,2015,0.142896,2.892046,,,2.1,
Marshall Islands,MHL,2016,0.142896,2.956734,,,2.1,
Marshall Islands,MHL,2017,0.14656,3.10594,,,3.7,
Marshall Islands,MHL,2018,0.14656,3.186849,,,5.7,
Marshall Islands,MHL,2019,0.14656,3.276695,,,10.3,
Marshall Islands,MHL,2020,0.154682,3.563031,,,-2.9,
Marshall Islands,MHL,2021,0.158962,3.780319,,,1.0,
North Macedonia,MKD,1990,14.184423,6.938951,8.521739,0.49,,
North Macedonia,MKD,1991,10.035016,4.92713,14.731369,0.85,,
North Macedonia,MKD,1992,10.984672,5.443284,14.003295,0.85,,
North Macedonia,MKD,1993,10.123632,5.069692,10.03861,0.52,-7.5,
North Macedonia,MKD,1994,10.534,5.313606,11.616161,0.69,-1.8,
North Macedonia,MKD,1995,10.636592,5.361283,13.0505705,0.8,-1.1,
North Macedonia,MKD,1996,11.684496,5.859163,12.801205,0.85,1.2,
North Macedonia,MKD,1997,10.577968,5.277811,13.372957,0.9,1.4,
North Macedonia,MKD,1998,12.571184,6.245484,15.31915,1.08,3.4,
North Macedonia,MKD,1999,11.666176,5.764553,20.26239,1.39,4.3,
North Macedonia,MKD,2000,11.995936,5.886316,17.180616,1.17,4.5,
North Macedonia,MKD,2001,11.92632,5.808129,9.89011,0.63,-3.1,
North Macedonia,MKD,2002,10.867424,5.263345,12.479474,0.76,1.5,
North Macedonia,MKD,2003,11.226496,5.420438,20.356611,1.37,2.2,
North Macedonia,MKD,2004,11.105584,5.349835,22.222223,1.48,4.7,
North Macedonia,MKD,2005,11.178864,5.377913,21.46974,1.49,4.7,
North Macedonia,MKD,2006,10.834448,5.206179,23.537802,1.65,5.1,
North Macedonia,MKD,2007,9.383504,4.503748,15.538462,1.01,6.5,
North Macedonia,MKD,2008,9.295568,4.455684,13.312203,0.84,5.5,
North Macedonia,MKD,2009,8.59208,4.111462,18.6217,1.27,-0.4,
North Macedonia,MKD,2010,8.50048,4.05978,33.471073,2.43,3.4,
North Macedonia,MKD,2011,9.19664,4.385411,21.153845,1.43,2.3,
North Macedonia,MKD,2012,8.734976,4.160547,16.613419,1.04,-0.5,
North Macedonia,MKD,2013,7.771344,3.696741,26.108374,1.59,2.9,
North Macedonia,MKD,2014,7.459904,3.543408,23.977695,1.29,3.6,
North Macedonia,MKD,2015,7.020224,3.330337,35.929203,2.0300000000000002,3.9,
North Macedonia,MKD,2016,6.987248,3.311184,36.76732,2.07,2.8,
North Macedonia,MKD,2017,7.503872,3.553005,23.035715,1.2900000000000003,1.1,
North Macedonia,MKD,2018,7.031216,3.326826,34.93761,1.9600000000000002,2.9,
North Macedonia,MKD,2019,7.994848,3.781543,22.82794,1.34,3.9,
North Macedonia,MKD,2020,6.649502,3.149822,27.715355,1.48,-4.7,
North Macedonia,MKD,2021,6.851552,3.257478,29.545452,1.1700000000000002,3.9,
Mali,MLI,1990,0.422243,0.047204,,,9.3,
Mali,MLI,1991,0.425894,0.046679,,,7.7,
Mali,MLI,1992,0.462522,0.049677,,,-1.6,
Mali,MLI,1993,0.502813,0.052891,,,3.6,
Mali,MLI,1994,0.548393,0.056467,,,3.8,
Mali,MLI,1995,0.5952,0.059993,,,3.0,
Mali,MLI,1996,0.646081,0.063767,,,7.3,
Mali,MLI,1997,0.726665,0.070146,,,4.8,
Mali,MLI,1998,0.93432,0.087973,,,2.9,
Mali,MLI,1999,0.97096,0.08894,,,6.2,
Mali,MLI,2000,1.066224,0.094867,64.10257,0.25,-0.1,
Mali,MLI,2001,1.161488,0.100268,62.5,0.25,15.4,
Mali,MLI,2002,1.20912,0.101159,63.414635,0.26,3.1,
Mali,MLI,2003,1.24576,0.100935,60.465115,0.26,9.1,
Mali,MLI,2004,1.406976,0.110334,60.869564,0.28,1.6,
Mali,MLI,2005,1.454608,0.11036,62.820515,0.49,6.5,
Mali,MLI,2006,1.535216,0.112688,63.095234,0.53,4.7,
Mali,MLI,2007,1.788032,0.126983,62.650604,0.52,3.5,
Mali,MLI,2008,1.956576,0.134462,63.0,0.6299999999999999,4.8,
Mali,MLI,2009,1.88696,0.125524,65.17857,0.73,4.7,
Mali,MLI,2010,2.08848,0.134487,69.005844,1.1800000000000002,5.4,
Mali,MLI,2011,2.279008,0.142085,65.26316,1.24,3.2,
Mali,MLI,2012,2.43656,0.147539,60.61947,1.37,-0.8,
Mali,MLI,2013,2.743394,0.161338,54.385967,1.2400000000000002,2.3,
Mali,MLI,2014,3.099009,0.176563,63.983055,1.51,7.1,
Mali,MLI,2015,3.270585,0.180567,54.741383,1.27,6.2,
Mali,MLI,2016,3.336958,0.178446,58.483753,1.62,5.9,
Mali,MLI,2017,3.549892,0.183824,50.151978,1.65,5.3,
Mali,MLI,2018,3.67462,0.184337,44.192635,1.56,4.7,
Mali,MLI,2019,3.853637,0.187366,35.240963,1.17,4.8,
Mali,MLI,2020,3.928363,0.18509,36.25,1.16,-1.2,
Mali,MLI,2021,4.169758,0.190357,35.9882,1.22,3.1,
Malta,MLT,1990,2.394194,6.5524,0.0,0.0,4.7,86.295029
Malta,MLT,1991,2.238107,6.070759,0.0,0.0,5.9,86.295029
Malta,MLT,1992,2.29208,6.163495,0.0,0.0,8.1,86.295029
Malta,MLT,1993,2.870399,7.649482,0.0,0.0,3.9,86.295029
Malta,MLT,1994,2.647929,6.994684,0.0,0.0,4.6,86.295029
Malta,MLT,1995,2.43942,6.388442,0.0,0.0,6.9,86.295029
Malta,MLT,1996,2.550535,6.620141,0.0,0.0,4.0,86.295029
Malta,MLT,1997,2.556728,6.575286,0.0,0.0,4.8,86.295029
Malta,MLT,1998,2.513582,6.404308,0.0,0.0,3.4,86.295029
Malta,MLT,1999,2.591822,6.545287,0.0,0.0,3.8,86.295029
Malta,MLT,2000,2.507257,6.280514,0.0,0.0,-1.0,86.295029
Malta,MLT,2001,2.647718,6.583891,0.0,0.0,-1.2,86.295029
Malta,MLT,2002,2.687784,6.64144,0.0,0.0,2.6,86.295029
Malta,MLT,2003,2.960534,7.275486,0.0,0.0,4.1,86.295029
Malta,MLT,2004,2.819964,6.898184,0.0,0.0,0.1,86.295029
Malta,MLT,2005,2.644672,6.44715,0.0,0.0,3.4,86.295029
Malta,MLT,2006,2.661658,6.472951,0.0,0.0,2.5,86.295029
Malta,MLT,2007,2.731301,6.628069,0.0,0.0,4.8,86.295029
Malta,MLT,2008,2.739894,6.627691,0.0,0.0,3.8,86.295029
Malta,MLT,2009,2.527633,6.083351,0.0,0.0,-1.1,86.295029
Malta,MLT,2010,2.589131,6.182926,0.0,0.0,5.5,86.295029
Malta,MLT,2011,2.577198,6.084453,0.0,0.0,0.5,86.295029
Malta,MLT,2012,2.726207,6.341387,1.3043479,0.03,4.1,86.295029
Malta,MLT,2013,2.37919,5.437838,1.7699115,0.04,5.5,86.295029
Malta,MLT,2014,2.364387,5.296079,3.5555556,0.08,7.6,86.295029
Malta,MLT,2015,1.665291,3.647323,7.692308,0.09999999999999999,9.6,86.295029
Malta,MLT,2016,1.356353,2.900018,16.27907,0.14,3.4,86.295029
Malta,MLT,2017,1.530878,3.192676,10.30303,0.17,10.9,86.295029
Malta,MLT,2018,1.546948,3.146851,10.152284,0.2,7.4,86.295029
Malta,MLT,2019,1.649193,3.274579,10.144928,0.21000000000000002,7.1,86.295029
Malta,MLT,2020,1.599576,3.103816,11.627907,0.25,-8.1,86.295029
Malta,MLT,2021,1.724154,3.273205,10.138248,0.22,12.3,86.295029
Myanmar,MMR,1990,4.235719,0.10563,,,,
Myanmar,MMR,1991,4.137416,0.101705,,,,
Myanmar,MMR,1992,4.841915,0.117414,,,,
Myanmar,MMR,1993,5.303029,0.126902,,,,
Myanmar,MMR,1994,6.195949,0.146348,,,,
Myanmar,MMR,1995,6.907278,0.161083,,,,
Myanmar,MMR,1996,7.202638,0.16587,,,,
Myanmar,MMR,1997,7.4449,0.16931,,,,
Myanmar,MMR,1998,8.036074,0.18052,,,,
Myanmar,MMR,1999,8.92995,0.19826,,,8.4,
Myanmar,MMR,2000,10.179401,0.223535,41.104294,2.0100000000000002,12.4,
Myanmar,MMR,2001,8.83168,0.191931,43.429848,1.95,12.5,
Myanmar,MMR,2002,9.285877,0.199781,47.18875,2.35,9.9,
Myanmar,MMR,2003,9.944164,0.211919,44.69274,2.4,13.2,
Myanmar,MMR,2004,12.512992,0.26433,47.124306,2.54,15.3,
Myanmar,MMR,2005,11.521173,0.24141,53.5284,3.1100000000000003,13.6,
Myanmar,MMR,2006,12.779149,0.265744,57.62144,3.44,13.3,
Myanmar,MMR,2007,12.798005,0.264172,60.58158,3.75,12.5,
Myanmar,MMR,2008,9.72964,0.199666,65.1633,4.19,7.6,
Myanmar,MMR,2009,10.163186,0.207345,77.94118,5.3,4.4,
Myanmar,MMR,2010,13.079121,0.264808,70.70844,5.1899999999999995,5.2,
Myanmar,MMR,2011,15.039032,0.302022,78.6307,7.58,5.5,
Myanmar,MMR,2012,11.822064,0.235414,73.85192,7.880000000000001,6.5,
Myanmar,MMR,2013,12.722144,0.251186,73.45932,8.94,7.9,
Myanmar,MMR,2014,15.849349,0.310331,64.09156,8.96,8.2,
Myanmar,MMR,2015,21.887145,0.425126,60.87786,9.57,7.5,
Myanmar,MMR,2016,21.140408,0.40739,56.866096,9.98,6.4,
Myanmar,MMR,2017,23.630087,0.451919,54.98534,11.25,5.8,
Myanmar,MMR,2018,34.783468,0.660454,56.25559,12.59,6.4,
Myanmar,MMR,2019,34.609115,0.652507,46.04044,10.93,6.8,
Myanmar,MMR,2020,36.088895,0.675529,48.132427,11.34,3.2,
Myanmar,MMR,2021,36.306759,0.674871,41.905186,9.37,-17.9,
Montenegro,MNE,1990,1.91534,3.08209,,,,
Montenegro,MNE,1991,1.355041,2.168225,,,,
Montenegro,MNE,1992,1.483274,2.363162,,,,
Montenegro,MNE,1993,1.29362,2.05482,,,,
Montenegro,MNE,1994,1.256653,1.991626,,,,
Montenegro,MNE,1995,1.327336,2.099996,,,,
Montenegro,MNE,1996,1.552994,2.453372,,,,
Montenegro,MNE,1997,1.669797,2.635383,,,,
Montenegro,MNE,1998,1.75758,2.772632,,,,
Montenegro,MNE,1999,1.211858,1.912284,,,,
Montenegro,MNE,2000,1.520843,2.401367,,,,
Montenegro,MNE,2001,1.667268,2.633645,,,1.1,
Montenegro,MNE,2002,1.766249,2.791443,,,1.9,
Montenegro,MNE,2003,1.889193,2.987571,,,2.5,
Montenegro,MNE,2004,2.041278,3.227087,,,4.4,
Montenegro,MNE,2005,1.750836,2.76648,65.1568,1.87,4.2,
Montenegro,MNE,2006,2.062832,3.261162,59.322033,1.75,8.6,
Montenegro,MNE,2007,2.055504,3.252776,59.81308,1.28,6.8,
Montenegro,MNE,2008,2.605104,4.125486,54.41696,1.54,7.2,
Montenegro,MNE,2009,1.681776,2.664487,75.0,2.07,-5.8,
Montenegro,MNE,2010,2.421904,3.837932,68.40796,2.75,2.7,
Montenegro,MNE,2011,2.407248,3.810215,45.28302,1.2,3.2,
Montenegro,MNE,2012,2.213056,3.495857,51.929825,1.48,-2.7,
Montenegro,MNE,2013,2.150768,3.392668,63.451775,2.5,3.5,
Montenegro,MNE,2014,2.1068,3.321488,55.205048,1.75,1.8,
Montenegro,MNE,2015,2.238704,3.531268,49.666668,1.49,3.4,
Montenegro,MNE,2016,2.0152,3.182243,58.598724,1.84,2.9,
Montenegro,MNE,2017,2.103136,3.325442,45.16129,1.12,4.7,
Montenegro,MNE,2018,2.39992,3.800619,59.210526,2.25,5.1,
Montenegro,MNE,2019,2.476864,3.92906,56.26822,1.93,4.1,
Montenegro,MNE,2020,2.451262,3.89678,52.212387,1.77,-15.3,
Montenegro,MNE,2021,1.751386,2.789458,60.62992,2.31,13.0,
Mongolia,MNG,1990,9.791058,4.529892,,,-2.5,
Mongolia,MNG,1991,11.959794,5.43608,,,-9.2,
Mongolia,MNG,1992,10.942613,4.892753,,,-9.3,
Mongolia,MNG,1993,9.193024,4.049236,,,-3.2,
Mongolia,MNG,1994,7.864772,3.417223,,,2.1,
Mongolia,MNG,1995,7.837062,3.363064,,,6.4,
Mongolia,MNG,1996,7.935414,3.366696,,,2.2,
Mongolia,MNG,1997,7.615103,3.197244,,,3.9,
Mongolia,MNG,1998,7.621516,3.168835,,,3.3,
Mongolia,MNG,1999,7.487592,3.083232,,,3.1,
Mongolia,MNG,2000,7.431864,3.032202,0.0,0.0,1.1,
Mongolia,MNG,2001,7.803958,3.156174,0.0,0.0,4.6,
Mongolia,MNG,2002,8.196568,3.285702,0.0,0.0,5.3,
Mongolia,MNG,2003,7.930966,3.151643,0.0,0.0,7.4,
Mongolia,MNG,2004,8.5011,3.349594,0.0,0.0,9.4,
Mongolia,MNG,2005,8.515106,3.327182,0.0,0.0,6.5,
Mongolia,MNG,2006,9.281176,3.595624,0.0,0.0,8.2,
Mongolia,MNG,2007,11.957832,4.589206,0.0,0.0,8.8,
Mongolia,MNG,2008,11.917791,4.524792,0.25575447,0.01,7.8,
Mongolia,MNG,2009,13.026382,4.884808,0.2538071,0.01,-2.1,
Mongolia,MNG,2010,13.772318,5.096102,1.2315271,0.05,7.3,
Mongolia,MNG,2011,21.367866,7.787299,1.4051522,0.060000000000000005,17.3,
Mongolia,MNG,2012,34.999851,12.534196,1.3245033,0.060000000000000005,12.3,
Mongolia,MNG,2013,43.478039,15.281441,2.542373,0.12,11.6,
Mongolia,MNG,2014,29.62612,10.205968,4.1420116,0.21000000000000002,7.9,
Mongolia,MNG,2015,23.282276,7.853034,4.238921,0.22,2.4,
Mongolia,MNG,2016,25.629142,8.459705,4.681648,0.25,1.5,
Mongolia,MNG,2017,34.135359,11.025526,4.5289855,0.25,5.6,
Mongolia,MNG,2018,45.315639,14.322303,7.1544714,0.44,7.7,
Mongolia,MNG,2019,47.254523,14.618885,9.954058,0.6499999999999999,5.6,
Mongolia,MNG,2020,49.605189,15.057725,10.119048,0.6799999999999999,-4.6,
Mongolia,MNG,2021,50.315914,15.029627,9.831461,0.7,1.6,
Mozambique,MOZ,1990,0.988736,0.074322,,,1.0,
Mozambique,MOZ,1991,0.948792,0.069964,,,6.6,
Mozambique,MOZ,1992,1.038198,0.07514,,,-6.1,
Mozambique,MOZ,1993,1.191645,0.083882,,,10.6,
Mozambique,MOZ,1994,1.079627,0.072396,,,6.5,
Mozambique,MOZ,1995,1.108989,0.071113,,,2.3,
Mozambique,MOZ,1996,1.091814,0.067901,,,11.2,
Mozambique,MOZ,1997,1.170237,0.07083,,,11.3,
Mozambique,MOZ,1998,1.111895,0.065702,,,9.9,
Mozambique,MOZ,1999,1.168343,0.067387,,,11.7,
Mozambique,MOZ,2000,1.321945,0.074398,99.791885,9.59,1.2,
Mozambique,MOZ,2001,1.553994,0.085287,99.83007,11.75,12.1,
Mozambique,MOZ,2002,1.537057,0.082218,99.76228,12.59,9.3,
Mozambique,MOZ,2003,1.855517,0.096708,99.631,10.799999999999999,6.9,
Mozambique,MOZ,2004,1.863973,0.094645,99.65606,11.59,7.9,
Mozambique,MOZ,2005,1.769698,0.087561,99.77256,13.16,6.6,
Mozambique,MOZ,2006,1.915622,0.092382,99.794945,14.6,9.7,
Mozambique,MOZ,2007,2.188865,0.102858,99.81203,15.93,7.7,
Mozambique,MOZ,2008,2.179933,0.099788,99.80026,14.99,7.3,
Mozambique,MOZ,2009,2.439006,0.108706,99.82185,16.810000000000002,6.3,
Mozambique,MOZ,2010,2.634548,0.11418,99.758316,16.51,6.5,
Mozambique,MOZ,2011,3.106628,0.130748,99.70114,16.68,7.4,
Mozambique,MOZ,2012,3.05473,0.124746,99.668434,15.03,7.3,
Mozambique,MOZ,2013,3.581798,0.141844,98.51251,14.57,7.0,
Mozambique,MOZ,2014,7.920571,0.304185,95.051186,16.71,7.4,
Mozambique,MOZ,2015,6.312897,0.235176,91.72169,18.060000000000002,6.7,
Mozambique,MOZ,2016,8.15937,0.294599,85.05126,15.76,3.8,
Mozambique,MOZ,2017,6.949325,0.243243,84.633705,14.209999999999999,3.7,
Mozambique,MOZ,2018,7.079789,0.240614,82.5312,13.889999999999999,3.4,
Mozambique,MOZ,2019,7.146829,0.235981,80.50214,15.07,2.3,
Mozambique,MOZ,2020,6.669406,0.213912,82.0062,15.86,-1.2,
Mozambique,MOZ,2021,7.156209,0.223094,81.41637,16.21,2.4,
Mauritania,MRT,1990,0.853712,0.425574,,,,
Mauritania,MRT,1991,0.868368,0.420252,,,0.0,
Mauritania,MRT,1992,0.905008,0.421419,,,1.8,
Mauritania,MRT,1993,0.926992,0.414379,,,5.9,
Mauritania,MRT,1994,0.956304,0.413056,,,-3.1,
Mauritania,MRT,1995,1.014928,0.426379,,,9.8,
Mauritania,MRT,1996,1.06256,0.437481,,,5.8,
Mauritania,MRT,1997,1.077216,0.433613,,,-4.0,
Mauritania,MRT,1998,1.069888,0.419482,,,2.8,
Mauritania,MRT,1999,1.095536,0.418046,,,3.7,
Mauritania,MRT,2000,1.113856,0.413304,13.043478,0.03,-3.9,
Mauritania,MRT,2001,1.17248,0.424531,11.111111,0.03,-0.8,
Mauritania,MRT,2002,1.249424,0.442791,6.0,0.03,1.4,
Mauritania,MRT,2003,1.289728,0.447306,8.510638,0.04,6.9,
Mauritania,MRT,2004,1.384992,0.470035,7.8431373,0.04,4.7,
Mauritania,MRT,2005,1.436288,0.476798,10.0,0.05,8.6,
Mauritania,MRT,2006,1.421632,0.461385,11.111112,0.05,18.3,
Mauritania,MRT,2007,1.637808,0.519361,10.638298,0.05,-2.0,
Mauritania,MRT,2008,1.773376,0.548466,10.909091,0.06,-0.3,
Mauritania,MRT,2009,1.96024,0.589969,18.965517,0.11,0.1,
Mauritania,MRT,2010,2.044512,0.597905,18.75,0.12,2.6,
Mauritania,MRT,2011,2.154432,0.611317,15.662651,0.13,4.2,
Mauritania,MRT,2012,2.44757,0.673128,15.384615,0.14,4.5,
Mauritania,MRT,2013,2.168864,0.579452,22.340425,0.21000000000000002,4.2,
Mauritania,MRT,2014,2.566415,0.667785,22.448978,0.22,4.3,
Mauritania,MRT,2015,3.002494,0.760853,28.070175,0.32000000000000006,5.4,
Mauritania,MRT,2016,2.6271,0.648364,23.966942,0.29000000000000004,1.3,
Mauritania,MRT,2017,3.419924,0.822094,21.854305,0.33,6.3,
Mauritania,MRT,2018,3.664324,0.858012,25.443787,0.43000000000000005,4.8,
Mauritania,MRT,2019,3.77392,0.860869,25.274725,0.46,5.4,
Mauritania,MRT,2020,3.855281,0.856995,27.118645,0.48,-0.9,
Mauritania,MRT,2021,4.118111,0.892337,26.595745,0.5,2.4,
Montserrat,MSR,1990,0.029312,2.712818,,,,
Montserrat,MSR,1991,0.029312,2.773394,,,,
Montserrat,MSR,1992,0.029312,2.899881,,,,
Montserrat,MSR,1993,0.029312,3.070284,,,,
Montserrat,MSR,1994,0.032976,3.680768,,,,
Montserrat,MSR,1995,0.032976,3.953009,,,,
Montserrat,MSR,1996,0.03664,4.74919,,,,
Montserrat,MSR,1997,0.032976,4.664875,,,,
Montserrat,MSR,1998,0.029312,4.573568,,,,
Montserrat,MSR,1999,0.03664,6.35339,,,,
Montserrat,MSR,2000,0.025648,4.991826,0.0,0.0,,
Montserrat,MSR,2001,0.025648,5.452381,0.0,0.0,,
Montserrat,MSR,2002,0.047632,10.352532,0.0,0.0,,
Montserrat,MSR,2003,0.03664,7.918738,0.0,0.0,,
Montserrat,MSR,2004,0.047632,10.230241,0.0,0.0,,
Montserrat,MSR,2005,0.040304,8.58811,0.0,0.0,,
Montserrat,MSR,2006,0.040304,8.519129,0.0,0.0,,
Montserrat,MSR,2007,0.040304,8.451248,0.0,0.0,,
Montserrat,MSR,2008,0.047632,9.894474,0.0,0.0,,
Montserrat,MSR,2009,0.043968,9.026483,0.0,0.0,,
Montserrat,MSR,2010,0.058624,11.872013,0.0,0.0,,
Montserrat,MSR,2011,0.03664,7.385608,0.0,0.0,,
Montserrat,MSR,2012,0.040304,8.101307,0.0,0.0,,
Montserrat,MSR,2013,0.047632,9.507385,0.0,0.0,,
Montserrat,MSR,2014,0.047632,9.430212,0.0,0.0,,
Montserrat,MSR,2015,0.05496,10.863807,0.0,0.0,,
Montserrat,MSR,2016,0.029312,5.764405,0.0,0.0,,
Montserrat,MSR,2017,0.029312,6.237923,0.0,0.0,,
Montserrat,MSR,2018,0.029312,6.724478,0.0,0.0,,
Montserrat,MSR,2019,0.021984,4.879911,0.0,0.0,,
Montserrat,MSR,2020,0.01877,4.171108,0.0,0.0,,
Montserrat,MSR,2021,0.020678,4.681398,0.0,0.0,,
Martinique,MTQ,1990,1.716786,4.587014,,,,
Martinique,MTQ,1991,1.596702,4.191238,,,,
Martinique,MTQ,1992,1.75421,4.518296,,,,
Martinique,MTQ,1993,1.887224,4.771054,,,,
Martinique,MTQ,1994,2.029213,5.037918,,,,
Martinique,MTQ,1995,2.056729,5.017121,,,,
Martinique,MTQ,1996,2.036559,4.883309,,,,
Martinique,MTQ,1997,2.004326,4.725646,,,,
Martinique,MTQ,1998,1.785451,4.149327,,,,
Martinique,MTQ,1999,1.930074,4.453116,,,,
Martinique,MTQ,2000,1.99387,4.609645,0.0,0.0,,
Martinique,MTQ,2001,2.019821,4.704731,0.0,0.0,,
Martinique,MTQ,2002,2.040566,4.796151,0.0,0.0,,
Martinique,MTQ,2003,2.189921,5.224808,0.0,0.0,,
Martinique,MTQ,2004,2.322967,5.663908,0.0,0.0,,
Martinique,MTQ,2005,2.449329,6.117664,0.0,0.0,,
Martinique,MTQ,2006,2.381888,6.021695,0.0,0.0,,
Martinique,MTQ,2007,2.15197,5.43674,0.0,0.0,,
Martinique,MTQ,2008,2.163148,5.46976,0.0,0.0,,
Martinique,MTQ,2009,2.301237,5.837533,0.0,0.0,,
Martinique,MTQ,2010,2.297588,5.858489,0.0,0.0,,
Martinique,MTQ,2011,2.295034,5.890472,0.0,0.0,,
Martinique,MTQ,2012,2.273451,5.874763,,,,
Martinique,MTQ,2013,2.23304,5.804234,,,,
Martinique,MTQ,2014,2.223586,5.784728,,,,
Martinique,MTQ,2015,2.258053,5.887783,,,,
Martinique,MTQ,2016,2.30954,6.072223,,,,
Martinique,MTQ,2017,2.278873,6.037517,,,,
Martinique,MTQ,2018,2.265687,6.044394,,,,
Martinique,MTQ,2019,2.321087,6.235374,,,,
Martinique,MTQ,2020,2.100146,5.670077,,,,
Martinique,MTQ,2021,2.100146,5.6946,,,,
Mauritius,MUS,1990,1.461936,1.340869,,,7.2,17.463127
Mauritius,MUS,1991,1.52056,1.376996,,,4.4,17.463127
Mauritius,MUS,1992,1.707424,1.526238,,,6.5,17.463127
Mauritius,MUS,1993,1.773376,1.564856,,,5.1,17.463127
Mauritius,MUS,1994,1.623152,1.41493,,,4.1,17.463127
Mauritius,MUS,1995,1.828336,1.575871,,,4.3,17.463127
Mauritius,MUS,1996,1.949248,1.662412,,,5.6,17.463127
Mauritius,MUS,1997,1.99688,1.686188,,,5.7,17.463127
Mauritius,MUS,1998,2.169088,1.815319,,,6.1,17.463127
Mauritius,MUS,1999,2.425568,2.01223,,,2.6,17.463127
Mauritius,MUS,2000,2.689376,2.211785,15.568863,0.26,8.2,17.463127
Mauritius,MUS,2001,2.861584,2.335468,16.11111,0.29000000000000004,3.2,17.463127
Mauritius,MUS,2002,2.883568,2.336818,16.847826,0.31,1.6,17.463127
Mauritius,MUS,2003,3.05944,2.462643,17.676767,0.35,6.0,17.463127
Mauritius,MUS,2004,3.088752,2.470251,17.073172,0.35,4.3,17.463127
Mauritius,MUS,2005,3.293936,2.618291,27.570091,0.59,1.5,17.463127
Mauritius,MUS,2006,3.62736,2.868007,15.384615,0.34,4.5,17.463127
Mauritius,MUS,2007,3.685984,2.901016,15.02146,0.35000000000000003,5.7,17.463127
Mauritius,MUS,2008,3.766592,2.952606,14.754098,0.36,5.4,17.463127
Mauritius,MUS,2009,3.707968,2.897149,19.512196,0.48,3.3,17.463127
Mauritius,MUS,2010,3.913152,3.049217,18.359375,0.47,4.4,17.463127
Mauritius,MUS,2011,3.916816,3.045177,15.4440155,0.39999999999999997,4.1,17.463127
Mauritius,MUS,2012,3.964448,3.076208,13.257575,0.35000000000000003,3.5,17.463127
Mauritius,MUS,2013,4.06704,3.151056,14.233577,0.39,3.4,17.463127
Mauritius,MUS,2014,4.206272,3.255344,15.357143,0.43,3.8,17.463127
Mauritius,MUS,2015,4.209936,3.255559,17.192984,0.49,3.7,17.463127
Mauritius,MUS,2016,4.345504,3.358426,17.241379,0.5,3.9,17.463127
Mauritius,MUS,2017,4.536032,3.503428,16.891891,0.5,3.9,17.463127
Mauritius,MUS,2018,4.514048,3.484726,18.18182,0.54,4.0,17.463127
Mauritius,MUS,2019,4.521376,3.487965,19.48052,0.6,2.9,17.463127
Mauritius,MUS,2020,4.208353,3.242612,21.167883,0.5800000000000001,-14.6,17.463127
Mauritius,MUS,2021,4.471674,3.442622,21.180555,0.6100000000000001,3.4,17.463127
Malawi,MWI,1990,0.732901,0.076827,,,5.7,
Malawi,MWI,1991,0.77858,0.079192,,,8.7,
Malawi,MWI,1992,0.77864,0.076976,,,-7.3,
Malawi,MWI,1993,0.87239,0.085051,,,9.7,
Malawi,MWI,1994,0.8925,0.088089,,,-10.3,
Malawi,MWI,1995,0.902762,0.089269,,,13.8,
Malawi,MWI,1996,0.898058,0.087101,,,10.0,
Malawi,MWI,1997,0.940151,0.08943,,,6.6,
Malawi,MWI,1998,0.919047,0.085632,,,1.1,
Malawi,MWI,1999,0.922104,0.084027,,,3.5,
Malawi,MWI,2000,0.865487,0.077073,86.29033,1.07,0.8,
Malawi,MWI,2001,0.79066,0.06876,86.507935,1.09,-4.1,
Malawi,MWI,2002,0.846135,0.071801,86.46616,1.1500000000000001,1.8,
Malawi,MWI,2003,0.903374,0.074733,89.62963,1.21,5.7,
Malawi,MWI,2004,0.912251,0.073501,88.59061,1.32,5.4,
Malawi,MWI,2005,0.904839,0.070936,89.54249,1.37,3.3,
Malawi,MWI,2006,0.916686,0.069878,89.74359,1.4000000000000001,4.7,
Malawi,MWI,2007,0.969425,0.071833,89.9371,1.4300000000000002,9.6,
Malawi,MWI,2008,1.087435,0.078292,92.48555,1.6,7.6,
Malawi,MWI,2009,1.092963,0.076437,90.69767,1.56,8.3,
Malawi,MWI,2010,1.025136,0.06965,92.34694,1.81,6.9,
Malawi,MWI,2011,1.140182,0.075279,92.5,1.85,4.9,
Malawi,MWI,2012,1.132054,0.072655,92.82297,1.9400000000000002,1.9,
Malawi,MWI,2013,1.163078,0.07258,92.38096,1.9400000000000002,5.2,
Malawi,MWI,2014,1.020623,0.061939,93.21267,2.06,5.7,
Malawi,MWI,2015,1.071325,0.063246,93.21267,2.06,3.0,
Malawi,MWI,2016,1.194351,0.068619,93.15068,2.04,2.3,
Malawi,MWI,2017,1.360279,0.076073,91.866035,1.9200000000000002,4.0,
Malawi,MWI,2018,1.570154,0.085484,87.19512,1.4300000000000002,4.4,
Malawi,MWI,2019,1.592955,0.084429,87.64706,1.49,5.4,
Malawi,MWI,2020,1.471603,0.075946,87.1345,1.49,0.9,
Malawi,MWI,2021,1.552193,0.07804,83.802826,1.19,4.6,
Malaysia,MYS,1990,54.269364,3.098087,17.495173,4.026689,9.0,-26.520288
Malaysia,MYS,1991,65.785134,3.651187,16.756989,4.4493155,9.5,-26.520288
Malaysia,MYS,1992,72.961016,3.938153,13.657898,4.286,8.9,-26.520288
Malaysia,MYS,1993,86.718637,4.552141,13.914475,4.853,9.9,-26.520288
Malaysia,MYS,1994,90.630988,4.626697,16.307709,6.483,9.2,-26.520288
Malaysia,MYS,1995,113.933664,5.657958,13.350653,6.218,9.8,-26.520288
Malaysia,MYS,1996,113.441942,5.483187,9.7061615,5.184,10.0,-26.520288
Malaysia,MYS,1997,122.084586,5.745379,6.962513,4.173,7.3,-26.520288
Malaysia,MYS,1998,114.2375,5.237719,6.9487243,4.457,-7.4,-26.520288
Malaysia,MYS,1999,108.29144,4.841214,11.078236,7.552,6.1,-26.520288
Malaysia,MYS,2000,126.203049,5.500206,10.727969,7.560903000000001,8.7,-26.520288
Malaysia,MYS,2001,133.988165,5.691327,8.696792,6.644094,0.5,-26.520288
Malaysia,MYS,2002,135.118208,5.596708,7.2093315,5.8144,5.4,-26.520288
Malaysia,MYS,2003,156.521332,6.326801,6.6578054,5.5065,5.8,-26.520288
Malaysia,MYS,2004,171.102004,6.754049,6.4431643,6.1463600000000005,6.8,-26.520288
Malaysia,MYS,2005,181.3328,6.99491,6.7079988,6.6025,5.0,-26.520288
Malaysia,MYS,2006,178.785308,6.74422,6.7215495,6.943964,5.6,-26.520288
Malaysia,MYS,2007,182.455363,6.734508,6.208426,6.719773,6.3,-26.520288
Malaysia,MYS,2008,201.985181,7.301295,7.5778904,8.606760999999999,4.8,-26.520288
Malaysia,MYS,2009,200.712944,7.113141,7.141625,8.283368,-1.5,-26.520288
Malaysia,MYS,2010,215.935154,7.519228,6.106748,7.6229545000000005,7.5,-26.520288
Malaysia,MYS,2011,216.993527,7.435325,7.5572705,9.597535,5.3,-26.520288
Malaysia,MYS,2012,213.287841,7.191042,8.03045,10.7616624,5.5,-26.520288
Malaysia,MYS,2013,242.166341,8.036101,9.254791,13.043590000000002,4.7,-26.520288
Malaysia,MYS,2014,245.328748,8.015587,9.703669,14.313,6.0,-26.520288
Malaysia,MYS,2015,235.701912,7.586442,9.952702,14.940999999999999,5.0,-26.520288
Malaysia,MYS,2016,252.060659,7.99522,13.463135,21.09,4.4,-26.520288
Malaysia,MYS,2017,248.202507,7.762197,17.39293,27.945,5.8,-26.520288
Malaysia,MYS,2018,267.086876,8.243608,16.59632,28.310999999999996,4.8,-26.520288
Malaysia,MYS,2019,269.155703,8.204961,16.115656,28.7589669,4.4,-26.520288
Malaysia,MYS,2020,259.481359,7.815705,18.037918,30.5419377,-5.5,-26.520288
Malaysia,MYS,2021,256.048939,7.626434,19.313526,33.9277085,3.3,-26.520288
Mayotte,MYT,1990,0.066997,0.723044,,,,
Mayotte,MYT,1991,0.075821,0.770289,,,,
Mayotte,MYT,1992,0.081095,0.775634,,,,
Mayotte,MYT,1993,0.09117,0.82105,,,,
Mayotte,MYT,1994,0.099564,0.844802,,,,
Mayotte,MYT,1995,0.110268,0.882557,,,,
Mayotte,MYT,1996,0.118405,0.895709,,,,
Mayotte,MYT,1997,0.123837,0.888938,,,,
Mayotte,MYT,1998,0.122407,0.837938,,,,
Mayotte,MYT,1999,0.150218,0.98412,,,,
Mayotte,MYT,2000,0.164306,1.031973,,,,
Mayotte,MYT,2001,0.1719,1.03734,,,,
Mayotte,MYT,2002,0.187088,1.086635,,,,
Mayotte,MYT,2003,0.191151,1.069045,,,,
Mayotte,MYT,2004,0.21001,1.142911,,,,
Mayotte,MYT,2005,0.225322,1.204014,,,,
Mayotte,MYT,2006,0.24365,1.276248,,,,
Mayotte,MYT,2007,0.255598,1.306685,,,,
Mayotte,MYT,2008,0.289258,1.439195,,,,
Mayotte,MYT,2009,0.293775,1.423756,,,,
Mayotte,MYT,2010,0.298973,1.411676,,,,
Mayotte,MYT,2011,0.298641,1.373813,,,,
Mayotte,MYT,2012,0.295832,1.323202,,,,
Mayotte,MYT,2013,0.290574,1.258004,,,,
Mayotte,MYT,2014,0.289344,1.207037,,,,
Mayotte,MYT,2015,0.293829,1.177458,,,,
Mayotte,MYT,2016,0.300528,1.154621,,,,
Mayotte,MYT,2017,0.296538,1.091959,,,,
Mayotte,MYT,2018,0.294822,1.041943,,,,
Mayotte,MYT,2019,0.302031,1.02561,,,,
Mayotte,MYT,2020,0.273281,0.894282,,,,
Mayotte,MYT,2021,0.273281,0.864775,,,,
Namibia,NAM,1990,0.0,0.0,,,,
Namibia,NAM,1991,1.055232,0.745422,,,5.3,
Namibia,NAM,1992,1.150496,0.787101,,,9.3,
Namibia,NAM,1993,1.388656,0.919741,,,-1.6,
Namibia,NAM,1994,1.571856,1.008603,,,3.0,
Namibia,NAM,1995,1.619488,1.008794,,,4.1,
Namibia,NAM,1996,1.72208,1.043643,,,3.2,
Namibia,NAM,1997,1.769712,1.045162,,,4.2,
Namibia,NAM,1998,1.817344,1.046885,,,3.3,
Namibia,NAM,1999,1.663456,0.935431,,,3.4,
Namibia,NAM,2000,1.604832,0.882192,97.85715,1.37,3.5,
Namibia,NAM,2001,2.011536,1.083567,100.0,1.36,2.4,
Namibia,NAM,2002,1.788032,0.946788,100.0,1.45,6.7,
Namibia,NAM,2003,1.883296,0.983226,99.337746,1.5,3.5,
Namibia,NAM,2004,1.971232,1.01641,100.0,1.59,6.6,
Namibia,NAM,2005,2.311984,1.177862,98.2036,1.64,4.7,
Namibia,NAM,2006,2.337632,1.176725,94.64286,1.59,3.9,
Namibia,NAM,2007,2.264352,1.125708,98.113205,1.56,3.6,
Namibia,NAM,2008,2.704032,1.326447,89.69697,1.48,2.6,
Namibia,NAM,2009,2.762656,1.335959,94.55782,1.39,0.3,
Namibia,NAM,2010,2.8396,1.35266,95.41985,1.25,6.0,
Namibia,NAM,2011,2.782096,1.304715,97.9021,1.4,5.1,
Namibia,NAM,2012,3.355055,1.547913,98.15951,1.6,5.1,
Namibia,NAM,2013,2.567728,1.164761,95.522385,1.28,5.6,
Namibia,NAM,2014,3.677997,1.639766,99.337746,1.5,6.1,
Namibia,NAM,2015,3.851304,1.687167,98.07693,1.53,4.3,
Namibia,NAM,2016,4.051196,1.743686,95.918365,1.4100000000000001,0.0,
Namibia,NAM,2017,4.216153,1.78308,96.55173,1.6800000000000002,-1.0,
Namibia,NAM,2018,4.15492,1.727129,98.581566,1.39,1.1,
Namibia,NAM,2019,4.107047,1.678645,97.05882,1.3199999999999998,-0.8,
Namibia,NAM,2020,3.945144,1.584969,96.92307,1.8900000000000001,-8.1,
Namibia,NAM,2021,4.014822,1.586792,95.5414,1.5,3.5,
New Caledonia,NCL,1990,1.576355,8.892699,,,,
New Caledonia,NCL,1991,1.758618,9.677623,,,,
New Caledonia,NCL,1992,1.575469,8.458347,,,,
New Caledonia,NCL,1993,1.828244,9.582897,,,,
New Caledonia,NCL,1994,1.971181,10.094955,,,,
New Caledonia,NCL,1995,2.063132,10.331104,,,,
New Caledonia,NCL,1996,2.183915,10.700954,,,,
New Caledonia,NCL,1997,1.81747,8.720186,,,,
New Caledonia,NCL,1998,1.810016,8.507473,,,,
New Caledonia,NCL,1999,2.055504,9.467221,,,,
New Caledonia,NCL,2000,2.220454,10.022948,28.66242,0.45,,
New Caledonia,NCL,2001,1.876642,8.304204,22.560976,0.37,,
New Caledonia,NCL,2002,2.392238,10.383023,19.760479,0.33,,
New Caledonia,NCL,2003,2.725557,11.613684,19.27711,0.32,,
New Caledonia,NCL,2004,2.514913,10.538123,20.754717,0.33,,
New Caledonia,NCL,2005,2.809699,11.603567,20.111732,0.36000000000000004,,
New Caledonia,NCL,2006,2.706642,11.018958,17.514124,0.31000000000000005,,
New Caledonia,NCL,2007,2.926788,11.73687,23.369564,0.43,,
New Caledonia,NCL,2008,2.848035,11.253629,26.966293,0.48,,
New Caledonia,NCL,2009,2.93265,11.412154,23.497267,0.43000000000000005,,
New Caledonia,NCL,2010,3.556595,13.604595,15.422886,0.31,,
New Caledonia,NCL,2011,3.539688,13.291957,19.534883,0.42,,
New Caledonia,NCL,2012,3.637863,13.408855,21.100916,0.46,,
New Caledonia,NCL,2013,3.848731,13.924798,21.42857,0.51,,
New Caledonia,NCL,2014,4.873267,17.355063,12.280703,0.35,,
New Caledonia,NCL,2015,4.736359,16.734357,14.909091,0.41000000000000003,,
New Caledonia,NCL,2016,5.315237,18.732243,9.7972975,0.29000000000000004,,
New Caledonia,NCL,2017,5.34516,18.797885,14.379086,0.43999999999999995,,
New Caledonia,NCL,2018,5.345641,18.764537,14.0,0.42,,
New Caledonia,NCL,2019,5.11868,17.936743,17.197453,0.54,,
New Caledonia,NCL,2020,5.386592,18.807735,13.333333,0.42000000000000004,,
New Caledonia,NCL,2021,5.496273,19.097542,13.690476,0.46,,
Niger,NER,1990,0.601779,0.071892,,,-1.3,
Niger,NER,1991,0.56879,0.065873,,,-0.4,
Niger,NER,1992,0.528493,0.05933,,,2.0,
Niger,NER,1993,0.601843,0.065467,,,0.3,
Niger,NER,1994,0.579753,0.06107,,,1.9,
Niger,NER,1995,0.561917,0.057257,,,2.5,
Niger,NER,1996,0.642005,0.063252,,,0.1,
Niger,NER,1997,0.646057,0.061563,,,1.5,
Niger,NER,1998,0.697411,0.064248,,,10.0,
Niger,NER,1999,0.682581,0.060774,,,-0.2,
Niger,NER,2000,0.693915,0.059704,0.0,0.0,-1.2,
Niger,NER,2001,0.652799,0.054258,0.0,0.0,7.3,
Niger,NER,2002,0.695719,0.055852,0.0,0.0,4.9,
Niger,NER,2003,0.754479,0.058483,0.0,0.0,2.2,
Niger,NER,2004,0.809246,0.060541,0.0,0.0,0.4,
Niger,NER,2005,0.708628,0.051145,0.0,0.0,7.3,
Niger,NER,2006,0.687524,0.04786,0.0,0.0,5.9,
Niger,NER,2007,0.715992,0.04806,0.0,0.0,3.1,
Niger,NER,2008,0.801972,0.05189,0.0,0.0,7.7,
Niger,NER,2009,0.961487,0.059951,0.0,0.0,2.0,
Niger,NER,2010,1.170164,0.07029,0.0,0.0,8.6,
Niger,NER,2011,1.322299,0.076508,0.0,0.0,2.4,
Niger,NER,2012,1.853797,0.10325,2.5641026,0.01,10.5,
Niger,NER,2013,2.070535,0.111002,2.3809524,0.01,5.3,
Niger,NER,2014,2.245619,0.115921,2.3809524,0.01,6.6,
Niger,NER,2015,2.207243,0.10966,1.9607843,0.01,4.4,
Niger,NER,2016,2.146714,0.102607,2.0,0.01,5.7,
Niger,NER,2017,2.251561,0.103578,1.8867925,0.01,5.0,
Niger,NER,2018,1.792657,0.079402,9.259259,0.05,7.0,
Niger,NER,2019,2.468624,0.105301,8.196721,0.05,6.1,
Niger,NER,2020,2.491381,0.102384,11.627907,0.05,3.5,
Niger,NER,2021,2.698898,0.106876,11.111112,0.05,1.4,
Nigeria,NGA,1990,38.857279,0.408104,,,,-22.881737
Nigeria,NGA,1991,41.929195,0.429227,,,-0.6,-22.881737
Nigeria,NGA,1992,46.265317,0.461812,,,2.2,-22.881737
Nigeria,NGA,1993,44.814164,0.43604,,,1.6,-22.881737
Nigeria,NGA,1994,34.934724,0.331273,,,0.3,-22.881737
Nigeria,NGA,1995,33.416744,0.308878,,,1.9,-22.881737
Nigeria,NGA,1996,36.788593,0.33156,,,4.1,-22.881737
Nigeria,NGA,1997,41.008773,0.360386,,,2.9,-22.881737
Nigeria,NGA,1998,37.745961,0.323471,,,2.5,-22.881737
Nigeria,NGA,1999,39.586895,0.33073,,,0.5,-22.881737
Nigeria,NGA,2000,78.823114,0.64161,40.28269,5.7,5.5,-22.881737
Nigeria,NGA,2001,86.718724,0.687411,39.48787,5.859999999999999,6.7,-22.881737
Nigeria,NGA,2002,94.30364,0.727747,39.477505,8.16,14.6,-22.881737
Nigeria,NGA,2003,100.008039,0.751263,38.139534,7.38,9.5,-22.881737
Nigeria,NGA,2004,98.685312,0.721611,34.623657,8.049999999999999,10.4,-22.881737
Nigeria,NGA,2005,105.757809,0.752774,34.17665,7.7,7.0,-22.881737
Nigeria,NGA,2006,97.808933,0.677677,28.176043,6.21,6.7,-22.881737
Nigeria,NGA,2007,94.269806,0.635695,28.160658,6.17,7.3,-22.881737
Nigeria,NGA,2008,94.772175,0.621936,28.152931,5.67,7.2,-22.881737
Nigeria,NGA,2009,74.885064,0.478206,23.857597,4.49,8.4,-22.881737
Nigeria,NGA,2010,112.314215,0.697808,25.431902,6.329999999999999,11.3,-22.881737
Nigeria,NGA,2011,129.568735,0.783064,22.706066,5.84,4.9,-22.881737
Nigeria,NGA,2012,109.065928,0.641278,20.659342,5.639999999999999,4.3,-22.881737
Nigeria,NGA,2013,116.360426,0.665959,19.33722,5.309999999999999,5.4,-22.881737
Nigeria,NGA,2014,122.995917,0.685676,17.4183,5.329999999999999,6.3,-22.881737
Nigeria,NGA,2015,109.231811,0.593665,18.538961,5.71,2.7,-22.881737
Nigeria,NGA,2016,116.950162,0.619876,25.367075,8.12,-1.6,-22.881737
Nigeria,NGA,2017,112.776763,0.582838,23.543762,7.72,0.8,-22.881737
Nigeria,NGA,2018,105.230432,0.530428,24.293785,7.74,1.9,-22.881737
Nigeria,NGA,2019,127.304175,0.626175,26.824644,8.489999999999998,2.2,-22.881737
Nigeria,NGA,2020,130.176766,0.624866,26.05918,7.75,-1.8,-22.881737
Nigeria,NGA,2021,136.986784,0.641921,25.64347,8.07,3.6,-22.881737
Nicaragua,NIC,1990,2.043946,0.483452,,,-0.1,
Nicaragua,NIC,1991,1.986324,0.459023,,,-0.2,
Nicaragua,NIC,1992,2.372617,0.535922,,,0.4,
Nicaragua,NIC,1993,2.282398,0.504209,,,-0.4,
Nicaragua,NIC,1994,2.517961,0.544393,,,5.0,
Nicaragua,NIC,1995,2.755058,0.58346,,,5.9,
Nicaragua,NIC,1996,2.847245,0.591649,,,6.3,
Nicaragua,NIC,1997,3.114466,0.636129,,,4.0,
Nicaragua,NIC,1998,3.392724,0.682016,,,3.7,
Nicaragua,NIC,1999,3.597173,0.712329,,,7.0,
Nicaragua,NIC,2000,3.721323,0.726364,20.657276,0.43999999,4.1,
Nicaragua,NIC,2001,3.92175,0.755234,19.74249,0.45999998,3.0,
Nicaragua,NIC,2002,3.989804,0.758661,25.555555,0.69,0.8,
Nicaragua,NIC,2003,4.335245,0.814427,31.538464,0.8200000000000001,2.5,
Nicaragua,NIC,2004,4.377836,0.812784,37.918217,1.02,5.4,
Nicaragua,NIC,2005,4.270109,0.782834,39.534885,1.19,4.2,
Nicaragua,NIC,2006,4.418076,0.798956,37.096775,1.15,3.8,
Nicaragua,NIC,2007,4.550682,0.811542,33.90411,0.99,5.1,
Nicaragua,NIC,2008,4.3655,0.767528,39.130436,1.26,3.4,
Nicaragua,NIC,2009,4.445091,0.770294,32.676056,1.16,-3.3,
Nicaragua,NIC,2010,4.467845,0.762986,38.17664,1.34,4.4,
Nicaragua,NIC,2011,4.805903,0.808727,35.79235,1.30999997,6.3,
Nicaragua,NIC,2012,4.549767,0.754446,42.93059,1.66999996,6.5,
Nicaragua,NIC,2013,4.605408,0.752594,50.742577,2.05,4.9,
Nicaragua,NIC,2014,4.745122,0.764273,52.413795,2.2800000000000002,4.8,
Nicaragua,NIC,2015,5.430953,0.862248,50.45045,2.24,4.8,
Nicaragua,NIC,2016,5.406146,0.846134,53.243855,2.38,4.8,
Nicaragua,NIC,2017,5.461305,0.842725,52.511414,2.3,4.4,
Nicaragua,NIC,2018,5.199214,0.791088,54.746136,2.48,-3.4,
Nicaragua,NIC,2019,5.219314,0.783219,51.5625,2.3099999,-2.9,
Nicaragua,NIC,2020,4.556966,0.674517,54.75113,2.42,-1.8,
Nicaragua,NIC,2021,5.05977,0.738594,54.643627,2.5300000000000002,10.3,
Niue,NIU,1990,0.007328,2.893012,,,,
Niue,NIU,1991,0.007328,2.934722,,,,
Niue,NIU,1992,0.007328,2.981286,,,,
Niue,NIU,1993,0.007328,3.033113,,,,
Niue,NIU,1994,0.007328,3.085474,,,,
Niue,NIU,1995,0.007328,3.132963,,,,
Niue,NIU,1996,0.007328,3.186087,,,,
Niue,NIU,1997,0.007328,3.246788,,,,
Niue,NIU,1998,0.007328,3.320344,,,,
Niue,NIU,1999,0.007328,3.421102,,,,
Niue,NIU,2000,0.007328,3.533269,,0.0,,
Niue,NIU,2001,0.007328,3.643958,,0.0,,
Niue,NIU,2002,0.007328,3.729262,,0.0,,
Niue,NIU,2003,0.003664,1.900415,,0.0,,
Niue,NIU,2004,0.003664,1.937599,,0.0,,
Niue,NIU,2005,0.003664,1.974138,,0.0,,
Niue,NIU,2006,0.003664,1.998909,,0.0,,
Niue,NIU,2007,0.003664,2.010977,,0.0,,
Niue,NIU,2008,0.007328,4.024163,,0.0,,
Niue,NIU,2009,0.003664,2.018733,,0.0,,
Niue,NIU,2010,0.003664,2.022075,,0.0,,
Niue,NIU,2011,0.007328,4.046383,,0.0,,
Niue,NIU,2012,0.007328,4.041919,,0.0,,
Niue,NIU,2013,0.007328,4.015342,,0.0,,
Niue,NIU,2014,0.010992,5.996727,,0.0,,
Niue,NIU,2015,0.007328,3.967515,,0.0,,
Niue,NIU,2016,0.007328,3.937668,,0.0,,
Niue,NIU,2017,0.007328,3.920813,,0.0,,
Niue,NIU,2018,0.010992,5.825119,,0.0,,
Niue,NIU,2019,0.010992,5.72202,,0.0,,
Niue,NIU,2020,0.011601,5.97381,,0.0,,
Niue,NIU,2021,0.011922,6.154972,,0.0,,
Netherlands,NLD,1990,161.806917,10.827154,1.1420612,0.8200000000000001,4.2,110.71052
Netherlands,NLD,1991,170.227322,11.313353,1.2525253,0.9299999999999999,2.5,110.71052
Netherlands,NLD,1992,170.015192,11.221618,1.2978585,1.0,1.6,110.71052
Netherlands,NLD,1993,170.206051,11.160258,1.4296854,1.1,1.3,110.71052
Netherlands,NLD,1994,170.787558,11.126604,1.5817223,1.26,3.0,110.71052
Netherlands,NLD,1995,172.300139,11.154518,1.7433237,1.4100000000000001,2.8,110.71052
Netherlands,NLD,1996,181.452353,11.677511,2.1361504,1.82,3.5,110.71052
Netherlands,NLD,1997,174.492784,11.164034,2.3296244,2.01,4.3,110.71052
Netherlands,NLD,1998,175.461134,11.159808,2.552817,2.3200000000000003,4.7,110.71052
Netherlands,NLD,1999,169.934487,10.746854,2.9007282,2.51,5.0,110.71052
Netherlands,NLD,2000,171.08223,10.760474,3.3225193,2.9699999999999998,4.2,110.71052
Netherlands,NLD,2001,176.207519,11.025625,3.5427592,3.31,2.3,110.71052
Netherlands,NLD,2002,175.567735,10.934004,4.156658,3.98,0.2,110.71052
Netherlands,NLD,2003,179.005305,11.099329,4.099379,3.96,0.2,110.71052
Netherlands,NLD,2004,180.891772,11.168892,5.247005,5.300000000000001,2.0,110.71052
Netherlands,NLD,2005,176.91731,10.879298,7.4839487,7.459999999999999,2.0,110.71052
Netherlands,NLD,2006,172.092066,10.54119,8.156855,8.05,3.5,110.71052
Netherlands,NLD,2007,171.874012,10.485729,7.2285714,7.59,3.8,110.71052
Netherlands,NLD,2008,174.853119,10.622414,8.87337,9.53,2.2,110.71052
Netherlands,NLD,2009,169.529326,10.252007,9.536809,10.83,-3.7,110.71052
Netherlands,NLD,2010,181.526727,10.924081,9.394677,11.19,1.3,110.71052
Netherlands,NLD,2011,168.25966,10.074541,10.82506,12.319999999999999,1.5,110.71052
Netherlands,NLD,2012,164.688781,9.811489,12.098574,12.47,-1.0,110.71052
Netherlands,NLD,2013,164.674489,9.762913,11.921183,12.100000000000001,-0.1,110.71052
Netherlands,NLD,2014,157.655585,9.298976,11.286572,11.65,1.4,110.71052
Netherlands,NLD,2015,164.142511,9.632151,12.58272,13.690000000000001,2.0,110.71052
Netherlands,NLD,2016,164.862023,9.627258,12.984275,14.78,2.2,110.71052
Netherlands,NLD,2017,162.493965,9.443372,15.072639,17.43,2.9,110.71052
Netherlands,NLD,2018,158.62784,9.176643,16.634413,18.910000000000004,2.4,110.71052
Netherlands,NLD,2019,153.032807,8.813598,18.867456,22.79,2.0,110.71052
Netherlands,NLD,2020,137.849518,7.906683,26.671553,32.75,-3.9,110.71052
Netherlands,NLD,2021,141.045431,8.058958,33.278515,40.47,6.2,110.71052
Norway,NOR,1990,35.097,8.27472,99.90944,121.35,1.9,101.15076
Norway,NOR,1991,33.535,7.868866,99.891365,110.33999999999999,3.1,101.15076
Norway,NOR,1992,34.455,8.038213,99.90599,116.9,3.6,101.15076
Norway,NOR,1993,36.0,8.348811,99.89131,119.48,2.8,101.15076
Norway,NOR,1994,37.905,8.740693,99.75045,111.92,5.1,101.15076
Norway,NOR,1995,38.508,8.833764,99.754364,121.83000000000001,4.2,101.15076
Norway,NOR,1996,41.572,9.488431,99.61749,104.17,5.0,101.15076
Norway,NOR,1997,41.734,9.473897,99.682915,110.03,5.3,101.15076
Norway,NOR,1998,41.871,9.44857,99.71628,115.98,2.7,101.15076
Norway,NOR,1999,42.636,9.555543,99.67252,121.75,2.1,101.15076
Norway,NOR,2000,42.147,9.38484,99.77533,142.10999999999999,3.3,101.15076
Norway,NOR,2001,43.526,9.642978,99.65335,120.74,2.1,101.15076
Norway,NOR,2002,42.592,9.385304,99.67722,129.70000000000002,1.4,101.15076
Norway,NOR,2003,43.98,9.63448,99.474625,106.03,0.9,101.15076
Norway,NOR,2004,44.307,9.648926,99.46354,109.39,4.0,101.15076
Norway,NOR,2005,43.342,9.374707,99.57695,136.52,2.7,101.15076
Norway,NOR,2006,43.926,9.424812,99.430176,120.4,2.5,101.15076
Norway,NOR,2007,45.666,9.697286,99.26438,134.93999999999997,2.9,101.15076
Norway,NOR,2008,44.795,9.394508,99.524895,140.35,0.5,101.15076
Norway,NOR,2009,43.225,8.951637,96.63102,126.49000000000001,-1.9,101.15076
Norway,NOR,2010,45.691,9.345192,95.84045,117.96999999999998,0.8,101.15076
Norway,NOR,2011,44.791,9.043046,96.58506,121.9,1.1,101.15076
Norway,NOR,2012,44.3,8.827211,97.98704,143.60000000000002,2.7,101.15076
Norway,NOR,2013,44.586,8.776486,97.86148,130.42,1.0,101.15076
Norway,NOR,2014,45.046,8.768199,97.87143,137.94,2.0,101.15076
Norway,NOR,2015,45.59,8.784381,97.90997,140.07000000000002,1.9,101.15076
Norway,NOR,2016,44.765,8.549219,97.995,145.16,1.2,101.15076
Norway,NOR,2017,44.242,8.383981,98.025734,145.48,2.5,101.15076
Norway,NOR,2018,44.393,8.357249,97.97038,142.88,0.8,101.15076
Norway,NOR,2019,42.784,8.000156,97.941536,131.32,1.1,101.15076
Norway,NOR,2020,41.196,7.657997,98.57143,151.11,-1.3,101.15076
Norway,NOR,2021,40.918553,7.565853,99.543526,150.46999997999998,3.9,101.15076
Nepal,NPL,1990,0.721436,0.036777,,,4.6,
Nepal,NPL,1991,1.026311,0.050982,,,6.4,
Nepal,NPL,1992,1.232929,0.059556,,,4.1,
Nepal,NPL,1993,1.397333,0.065703,,,3.8,
Nepal,NPL,1994,1.619432,0.074304,,,8.2,
Nepal,NPL,1995,2.308915,0.103513,,,3.5,
Nepal,NPL,1996,2.352779,0.103265,,,5.3,
Nepal,NPL,1997,2.641111,0.113599,,,5.3,
Nepal,NPL,1998,2.223327,0.093798,,,2.9,
Nepal,NPL,1999,3.191083,0.132173,,,4.5,
Nepal,NPL,2000,3.037431,0.123676,96.4497,1.6300000000000001,6.1,
Nepal,NPL,2001,3.236078,0.129671,98.918915,1.83,5.6,
Nepal,NPL,2002,2.596383,0.102493,99.0566,2.1,0.1,
Nepal,NPL,2003,2.810383,0.109426,100.0,2.24,3.9,
Nepal,NPL,2004,2.58241,0.099308,99.58159,2.38,4.7,
Nepal,NPL,2005,2.986772,0.11363,99.6,2.49,3.5,
Nepal,NPL,2006,2.456469,0.092631,99.632355,2.71,3.4,
Nepal,NPL,2007,2.570341,0.096218,99.64029,2.7699999999999996,3.4,
Nepal,NPL,2008,3.351788,0.124687,99.64286,2.7899999999999996,6.1,
Nepal,NPL,2009,4.129352,0.152787,99.67638,3.0799999999999996,4.5,
Nepal,NPL,2010,4.824304,0.177615,100.0,3.1799999999999997,4.8,
Nepal,NPL,2011,5.220429,0.19146,100.0,3.46,3.4,
Nepal,NPL,2012,5.470253,0.200151,99.433426,3.51,4.7,
Nepal,NPL,2013,6.21784,0.227081,99.71429,3.49,3.5,
Nepal,NPL,2014,7.591334,0.276429,100.0,3.78,6.0,
Nepal,NPL,2015,6.904657,0.250075,100.0,3.4499999999999997,4.0,
Nepal,NPL,2016,9.760756,0.350335,100.0,4.2299999999999995,0.4,
Nepal,NPL,2017,11.64753,0.413276,100.0,4.72,9.0,
Nepal,NPL,2018,14.833215,0.520341,100.0,4.99,7.6,
Nepal,NPL,2019,13.42833,0.465736,100.0,6.26,6.7,
Nepal,NPL,2020,13.944494,0.475133,100.0,6.329999999999999,-2.4,
Nepal,NPL,2021,14.173067,0.471885,100.0,6.12,4.8,
Nauru,NRU,1990,0.124576,12.979371,,,,
Nauru,NRU,1991,0.124576,12.580893,,,,
Nauru,NRU,1992,0.120912,11.93721,,,,
Nauru,NRU,1993,0.113584,11.107373,,,,
Nauru,NRU,1994,0.10992,10.698851,,,,
Nauru,NRU,1995,0.106256,10.300116,,,,
Nauru,NRU,1996,0.102592,9.917061,,,,
Nauru,NRU,1997,0.102592,9.899836,,,,
Nauru,NRU,1998,0.098928,9.533391,,,,
Nauru,NRU,1999,0.0916,8.822113,,,,
Nauru,NRU,2000,0.084272,8.121037,0.0,0.0,,
Nauru,NRU,2001,0.080608,7.778443,0.0,0.0,,
Nauru,NRU,2002,0.076944,7.433485,0.0,0.0,,
Nauru,NRU,2003,0.065952,6.37587,0.0,0.0,,
Nauru,NRU,2004,0.065952,6.381422,0.0,0.0,,
Nauru,NRU,2005,0.062288,6.036829,0.0,0.0,-8.0,
Nauru,NRU,2006,0.043968,4.271226,0.0,0.0,-8.3,
Nauru,NRU,2007,0.043968,4.282458,0.0,0.0,-6.8,
Nauru,NRU,2008,0.043968,4.292492,0.0,0.0,63.3,
Nauru,NRU,2009,0.040304,3.93863,0.0,0.0,-6.0,
Nauru,NRU,2010,0.043968,4.293331,0.0,0.0,-0.3,
Nauru,NRU,2011,0.040304,3.919479,0.0,0.0,9.3,
Nauru,NRU,2012,0.043968,4.209881,0.0,0.0,30.6,
Nauru,NRU,2013,0.047632,4.454086,0.0,0.0,5.0,
Nauru,NRU,2014,0.051296,4.688848,0.0,0.0,14.7,
Nauru,NRU,2015,0.05496,4.913724,0.0,0.0,-5.7,
Nauru,NRU,2016,0.051296,4.485092,0.0,0.0,8.0,
Nauru,NRU,2017,0.05496,4.704674,0.0,0.0,-5.9,
Nauru,NRU,2018,0.05496,4.609192,0.0,0.0,7.2,
Nauru,NRU,2019,0.05496,4.530168,0.0,0.0,9.1,
Nauru,NRU,2020,0.058006,4.710166,0.0,0.0,4.1,
Nauru,NRU,2021,0.059611,4.764679,0.0,0.0,2.9,
New Zealand,NZL,1990,25.502507,7.506502,80.14338,26.1382456,0.0,33.595364
New Zealand,NZL,1991,26.182595,7.520279,77.339325,26.0162933,-1.3,33.595364
New Zealand,NZL,1992,28.166921,7.973508,72.75511,24.162679808999997,0.7,33.595364
New Zealand,NZL,1993,27.761185,7.7681,77.167366,26.711970159,5.2,33.595364
New Zealand,NZL,1994,27.900043,7.7053,82.148926,28.912732501,5.6,33.595364
New Zealand,NZL,1995,28.003492,7.622294,83.93446,30.560329701,4.9,33.595364
New Zealand,NZL,1996,29.304544,7.859697,79.182655,29.142708063,4.1,33.595364
New Zealand,NZL,1997,31.278675,8.283872,70.287834,26.318188256,2.5,33.595364
New Zealand,NZL,1998,29.85854,7.836797,75.8403,28.649313896,0.4,33.595364
New Zealand,NZL,1999,31.46559,8.208071,69.84938,26.51474373,4.5,33.595364
New Zealand,NZL,2000,32.246009,8.364146,72.07538,27.540000000000003,4.2,33.595364
New Zealand,NZL,2001,34.379213,8.838801,64.86698,24.87,2.5,33.595364
New Zealand,NZL,2002,34.542293,8.74802,70.881905,27.97,4.7,33.595364
New Zealand,NZL,2003,36.241474,9.015424,67.796616,26.799999999999997,4.4,33.595364
New Zealand,NZL,2004,35.836298,8.780374,73.489044,30.52,4.8,33.595364
New Zealand,NZL,2005,37.42407,9.055421,66.20905,27.49,3.2,33.595364
New Zealand,NZL,2006,37.33016,8.930707,66.46863,27.97,2.8,33.595364
New Zealand,NZL,2007,36.410664,8.625066,66.8946,28.3699997,3.5,33.595364
New Zealand,NZL,2008,37.509257,8.804496,65.74664,27.87,-0.3,33.595364
New Zealand,NZL,2009,34.620669,8.045918,72.56344,30.6000003,-1.1,33.595364
New Zealand,NZL,2010,34.811084,8.009291,73.94997,32.22,1.8,33.595364
New Zealand,NZL,2011,34.265851,7.820988,76.54264,33.120000000000005,1.8,33.595364
New Zealand,NZL,2012,35.94509,8.150289,72.69988,31.37,2.5,33.595364
New Zealand,NZL,2013,35.241004,7.918181,75.07082,31.800000000000004,2.3,33.595364
New Zealand,NZL,2014,35.438926,7.850553,79.57795,33.94,3.8,33.595364
New Zealand,NZL,2015,35.813107,7.801417,80.43378,34.86,3.7,33.595364
New Zealand,NZL,2016,34.152639,7.316205,84.22648,36.15,3.9,33.595364
New Zealand,NZL,2017,35.688127,7.519223,81.440445,35.28,3.5,33.595364
New Zealand,NZL,2018,35.704539,7.379218,83.46765,36.25,3.5,33.595364
New Zealand,NZL,2019,37.121034,7.485537,81.94888,35.91,3.1,33.595364
New Zealand,NZL,2020,34.456753,6.808111,80.430756,34.730000000000004,-1.5,33.595364
New Zealand,NZL,2021,33.789825,6.587061,80.723175,35.05,6.1,33.595364
Oman,OMN,1990,11.222441,6.219059,0.0,0.0,8.4,
Oman,OMN,1991,11.594826,6.118038,0.0,0.0,6.0,
Oman,OMN,1992,11.892658,5.990578,0.0,0.0,8.5,
Oman,OMN,1993,13.224754,6.38301,0.0,0.0,6.1,
Oman,OMN,1994,15.054073,7.055467,0.0,0.0,3.8,
Oman,OMN,1995,15.7191,7.234916,0.0,0.0,4.8,
Oman,OMN,1996,14.883763,6.734862,0.0,0.0,2.9,
Oman,OMN,1997,15.247872,6.790147,0.0,0.0,6.2,
Oman,OMN,1998,16.300798,7.150329,0.0,0.0,2.7,
Oman,OMN,1999,20.556572,8.888944,0.0,0.0,0.3,
Oman,OMN,2000,21.535572,9.186539,0.0,0.0,6.2,
Oman,OMN,2001,20.106774,8.467247,0.0,0.0,4.6,
Oman,OMN,2002,25.23487,10.498523,0.0,0.0,-0.8,
Oman,OMN,2003,32.027533,13.171382,0.0,0.0,-2.2,
Oman,OMN,2004,27.592451,11.176214,0.0,0.0,2.0,
Oman,OMN,2005,29.467403,11.715767,0.0,0.0,2.8,
Oman,OMN,2006,39.046693,15.248749,0.0,0.0,4.7,
Oman,OMN,2007,43.969601,16.874391,0.0,0.0,5.0,
Oman,OMN,2008,46.092956,17.386823,0.0,0.0,9.0,
Oman,OMN,2009,43.475194,16.116625,0.0,0.0,6.0,
Oman,OMN,2010,50.315362,17.459009,0.0,0.0,2.5,
Oman,OMN,2011,55.10253,17.182652,0.0,0.0,2.9,
Oman,OMN,2012,62.713524,17.737837,0.0,0.0,8.9,
Oman,OMN,2013,65.251396,17.096376,0.0,0.0,5.2,
Oman,OMN,2014,65.896621,16.436077,0.0,0.0,1.3,
Oman,OMN,2015,67.376195,16.073425,0.0,0.0,5.0,
Oman,OMN,2016,65.66939,14.931411,0.0,0.0,5.0,
Oman,OMN,2017,68.619694,15.1083,0.058858152,0.02,0.3,
Oman,OMN,2018,72.555765,15.769026,0.056385677,0.02,1.3,
Oman,OMN,2019,72.17717,15.681253,0.055478502,0.02,-1.1,
Oman,OMN,2020,72.506186,15.958578,0.37856728,0.13,-3.4,
Oman,OMN,2021,80.991181,17.916536,0.43763673,0.16,3.1,
Pakistan,PAK,1990,67.827369,0.587687,37.154285,17.0854,4.6,
Pakistan,PAK,1991,67.477105,0.566066,36.40593,18.283058,5.1,
Pakistan,PAK,1992,72.014921,0.588477,37.227722,19.944752,7.6,
Pakistan,PAK,1993,77.175721,0.614718,38.471695,21.933483,2.1,
Pakistan,PAK,1994,84.018296,0.650069,37.16468,21.526897,4.4,
Pakistan,PAK,1995,83.614359,0.628125,35.681023,22.746653,5.1,
Pakistan,PAK,1996,93.538964,0.681598,36.70133,24.797253,6.6,
Pakistan,PAK,1997,93.788159,0.66361,29.523495,18.446575,1.7,
Pakistan,PAK,1998,96.740735,0.664994,36.309155,24.107826,3.5,
Pakistan,PAK,1999,99.389325,0.663948,32.9313,21.5048,4.2,
Pakistan,PAK,2000,105.419768,0.682904,28.059938,17.79,3.9,
Pakistan,PAK,2001,107.126423,0.67283,28.376417,19.54,3.6,
Pakistan,PAK,2002,112.903875,0.691547,31.67702,22.95,2.6,
Pakistan,PAK,2003,117.490988,0.704059,35.48012,27.490000000000002,5.2,
Pakistan,PAK,2004,129.623541,0.759593,32.454086,26.330000000000002,7.7,
Pakistan,PAK,2005,134.692313,0.772442,35.17072,31.52,8.0,
Pakistan,PAK,2006,143.550718,0.806148,34.630474,32.66,5.7,
Pakistan,PAK,2007,155.40222,0.854213,32.52176,29.520000000000003,5.1,
Pakistan,PAK,2008,153.921685,0.827839,32.679813,28.67,4.4,
Pakistan,PAK,2009,155.418864,0.817464,31.461407,29.02,1.1,
Pakistan,PAK,2010,153.908657,0.791489,34.48714,32.58,2.3,
Pakistan,PAK,2011,154.65089,0.778695,30.95012,29.35,3.2,
Pakistan,PAK,2012,154.885594,0.76598,31.27421,30.68,3.2,
Pakistan,PAK,2013,151.524599,0.737929,31.678265,33.239999999999995,3.9,
Pakistan,PAK,2014,156.529339,0.751636,32.112915,34.47,3.6,
Pakistan,PAK,2015,166.410762,0.788791,32.787178,36.82,3.8,
Pakistan,PAK,2016,195.791491,0.916949,28.823292,35.64,4.1,
Pakistan,PAK,2017,216.158421,0.998978,24.616203,32.39,4.6,
Pakistan,PAK,2018,205.060928,0.933234,30.500359,42.67,6.1,
Pakistan,PAK,2019,206.061232,0.922828,29.787548,40.52,3.1,
Pakistan,PAK,2020,210.383928,0.925999,31.209818,42.720000000000006,-0.9,
Pakistan,PAK,2021,229.512397,0.991834,29.739628,44.660000000000004,5.8,
Panama,PAN,1990,2.631999,1.074299,,,8.1,6.9162421
Panama,PAN,1991,3.104491,1.240782,,,9.4,6.9162421
Panama,PAN,1992,4.112287,1.609895,,,8.2,6.9162421
Panama,PAN,1993,3.784946,1.451562,,,5.5,6.9162421
Panama,PAN,1994,4.177258,1.56958,,,2.8,6.9162421
Panama,PAN,1995,3.65297,1.344948,,,1.8,6.9162421
Panama,PAN,1996,4.446773,1.604403,,,7.4,6.9162421
Panama,PAN,1997,4.630072,1.637229,,,6.5,6.9162421
Panama,PAN,1998,5.900714,2.045183,,,7.3,6.9162421
Panama,PAN,1999,5.622234,1.910297,,,3.9,6.9162421
Panama,PAN,2000,5.728391,1.908362,71.428566,3.4,2.7,6.9162421
Panama,PAN,2001,6.95309,2.271491,50.809715,2.5100000000000002,0.6,6.9162421
Panama,PAN,2002,5.821097,1.865144,66.01942,3.4,2.2,6.9162421
Panama,PAN,2003,6.090004,1.914128,52.690166,2.84,4.2,6.9162421
Panama,PAN,2004,5.71097,1.760846,67.32143,3.77,7.5,6.9162421
Panama,PAN,2005,6.971338,2.108777,65.60847,3.7199999999999998,7.2,6.9162421
Panama,PAN,2006,7.52404,2.233598,61.092148,3.58,8.5,6.9162421
Panama,PAN,2007,7.349627,2.14174,58.06962,3.67,12.1,6.9162421
Panama,PAN,2008,7.334595,2.098431,63.94231,3.99,9.9,6.9162421
Panama,PAN,2009,8.460693,2.377038,58.16024,3.92,1.2,6.9162421
Panama,PAN,2010,9.072099,2.503603,58.741253,4.2,5.8,6.9162421
Panama,PAN,2011,9.95293,2.698241,54.761906,4.14,11.3,6.9162421
Panama,PAN,2012,9.7681,2.601454,64.832535,5.42,9.8,6.9162421
Panama,PAN,2013,10.513283,2.751048,59.976933,5.199999999999999,6.9,6.9162421
Panama,PAN,2014,10.855411,2.79146,62.155685,5.19,5.1,6.9162421
Panama,PAN,2015,10.78844,2.726351,71.5508,6.6899999999999995,5.7,6.9162421
Panama,PAN,2016,10.43887,2.592648,72.4,7.24,5.0,6.9162421
Panama,PAN,2017,11.223156,2.739986,74.31797,7.9,5.6,6.9162421
Panama,PAN,2018,10.767613,2.585103,82.14285,8.74,3.7,6.9162421
Panama,PAN,2019,13.419543,3.170571,60.057747,6.24,3.3,6.9162421
Panama,PAN,2020,11.656361,2.714319,75.63406,8.35,-17.7,6.9162421
Panama,PAN,2021,13.03162,2.994902,74.44147,8.330000000000002,15.8,6.9162421
Panama Canal Zone,PCZ,1990,0.0,0.0,,,,
Panama Canal Zone,PCZ,1991,0.0,0.0,,,,
Panama Canal Zone,PCZ,1992,0.0,0.0,,,,
Panama Canal Zone,PCZ,1993,0.0,0.0,,,,
Panama Canal Zone,PCZ,1994,0.0,0.0,,,,
Panama Canal Zone,PCZ,1995,0.0,0.0,,,,
Panama Canal Zone,PCZ,1996,0.0,0.0,,,,
Panama Canal Zone,PCZ,1997,0.0,0.0,,,,
Panama Canal Zone,PCZ,1998,0.0,0.0,,,,
Panama Canal Zone,PCZ,1999,0.0,0.0,,,,
Panama Canal Zone,PCZ,2000,0.0,0.0,,,,
Panama Canal Zone,PCZ,2001,0.0,0.0,,,,
Panama Canal Zone,PCZ,2002,0.0,0.0,,,,
Panama Canal Zone,PCZ,2003,0.0,0.0,,,,
Panama Canal Zone,PCZ,2004,0.0,0.0,,,,
Panama Canal Zone,PCZ,2005,0.0,0.0,,,,
Panama Canal Zone,PCZ,2006,0.0,0.0,,,,
Panama Canal Zone,PCZ,2007,0.0,0.0,,,,
Panama Canal Zone,PCZ,2008,0.0,0.0,,,,
Panama Canal Zone,PCZ,2009,0.0,0.0,,,,
Panama Canal Zone,PCZ,2010,0.0,0.0,,,,
Panama Canal Zone,PCZ,2011,0.0,0.0,,,,
Panama Canal Zone,PCZ,2012,0.0,0.0,,,,
Panama Canal Zone,PCZ,2013,0.0,0.0,,,,
Panama Canal Zone,PCZ,2014,0.0,0.0,,,,
Panama Canal Zone,PCZ,2015,0.0,0.0,,,,
Panama Canal Zone,PCZ,2016,0.0,0.0,,,,
Panama Canal Zone,PCZ,2017,0.0,0.0,,,,
Panama Canal Zone,PCZ,2018,0.0,0.0,,,,
Panama Canal Zone,PCZ,2019,0.0,0.0,,,,
Panama Canal Zone,PCZ,2020,0.0,0.0,,,,
Panama Canal Zone,PCZ,2021,0.0,0.0,,,,
Peru,PER,1990,21.400795,0.967963,76.80331,10.604999999999999,-5.1,7.6936641
Peru,PER,1991,20.757895,0.919182,80.27206,11.625,2.2,7.6936641
Peru,PER,1992,20.985784,0.910555,74.8514,9.822,-0.5,7.6936641
Peru,PER,1993,23.884757,1.015773,80.416,11.908,5.2,7.6936641
Peru,PER,1994,23.758891,0.990645,81.09164,12.866,12.3,7.6936641
Peru,PER,1995,24.668635,1.008981,77.48533,13.0796,7.4,7.6936641
Peru,PER,1996,24.224357,0.97258,77.90021,13.461000000000002,2.8,7.6936641
Peru,PER,1997,27.285191,1.075686,74.46556,13.3691,6.5,7.6936641
Peru,PER,1998,27.608865,1.069356,74.98883,13.9348,-0.4,7.6936641
Peru,PER,1999,29.173621,1.111281,77.063034,14.6802,1.5,7.6936641
Peru,PER,2000,30.103859,1.129413,82.241554,16.07,2.7,7.6936641
Peru,PER,2001,26.980952,0.998743,85.60235,17.48,0.6,7.6936641
Peru,PER,2002,27.009978,0.988128,83.04771,17.93,5.5,7.6936641
Peru,PER,2003,26.210112,0.948839,81.992,18.44,4.2,7.6936641
Peru,PER,2004,31.70817,1.136742,73.249466,17.470000000000002,5.0,7.6936641
Peru,PER,2005,36.934245,1.312179,71.11286,18.02,6.3,7.6936641
Peru,PER,2006,28.431739,1.001785,73.29843,19.6,7.5,7.6936641
Peru,PER,2007,34.669061,1.212189,66.64379,19.42,8.5,7.6936641
Peru,PER,2008,40.810316,1.416721,59.575134,19.07,9.1,7.6936641
Peru,PER,2009,51.317629,1.769005,61.88822,19.6,1.1,7.6936641
Peru,PER,2010,57.173442,1.956014,58.430576,20.03,8.3,7.6936641
Peru,PER,2011,48.924089,1.659697,57.771263,21.67,6.3,7.6936641
Peru,PER,2012,45.508673,1.529724,56.428947,21.68,6.1,7.6936641
Peru,PER,2013,43.023887,1.432277,54.765903,22.81,5.9,7.6936641
Peru,PER,2014,49.388342,1.627081,52.933056,23.01,2.4,7.6936641
Peru,PER,2015,49.227873,1.602894,53.676468,24.82,3.3,7.6936641
Peru,PER,2016,52.813627,1.696399,51.966293,25.9,4.0,7.6936641
Peru,PER,2017,53.730448,1.700036,58.7114,30.8,2.5,7.6936641
Peru,PER,2018,55.163082,1.712929,60.83775,33.26,4.0,7.6936641
Peru,PER,2019,57.679873,1.757201,60.802685,34.39000000000001,2.2,7.6936641
Peru,PER,2020,47.489139,1.425897,63.80159,33.7,-11.0,7.6936641
Peru,PER,2021,56.282,1.669323,60.61232,35.24,13.3,7.6936641
Philippines,PHL,1990,41.3495,0.671706,45.42014,11.95776,3.0,9.8803492
Philippines,PHL,1991,43.471884,0.689595,42.50848,10.902999999999999,-0.4,9.8803492
Philippines,PHL,1992,48.292795,0.748221,39.195976,10.14,0.4,9.8803492
Philippines,PHL,1993,48.928835,0.740411,40.24606,10.697,2.2,9.8803492
Philippines,PHL,1994,54.122468,0.800033,39.99475,12.182,4.4,9.8803492
Philippines,PHL,1995,59.950366,0.865703,36.857006,12.367,4.6,9.8803492
Philippines,PHL,1996,61.255046,0.863416,36.95208,13.564,5.9,9.8803492
Philippines,PHL,1997,70.061731,0.963461,33.43468,13.306000000000001,5.2,9.8803492
Philippines,PHL,1998,68.25252,0.916241,33.62355,13.98,-0.5,9.8803492
Philippines,PHL,1999,68.176029,0.894123,44.49218,18.433999999999997,3.3,9.8803492
Philippines,PHL,2000,72.347741,0.928032,44.375717,19.370001,4.4,9.8803492
Philippines,PHL,2001,70.303956,0.882926,38.716812,17.499999,3.0,9.8803492
Philippines,PHL,2002,70.156337,0.863085,37.016335,17.22,3.7,9.8803492
Philippines,PHL,2003,70.215303,0.846551,34.80663,17.639999,5.1,9.8803492
Philippines,PHL,2004,72.771498,0.860107,35.07268,18.819999,6.6,9.8803492
Philippines,PHL,2005,73.272162,0.849422,33.684017,18.249999000000003,4.9,9.8803492
Philippines,PHL,2006,66.523624,0.756794,37.405983,20.39,5.3,9.8803492
Philippines,PHL,2007,70.762974,0.790106,32.930458,18.8,6.5,9.8803492
Philippines,PHL,2008,77.300519,0.847107,35.265865,20.560000000000002,4.3,9.8803492
Philippines,PHL,2009,76.491831,0.822962,34.12498,20.259999,1.4,9.8803492
Philippines,PHL,2010,82.952687,0.876538,28.048216,18.15,7.3,9.8803492
Philippines,PHL,2011,83.742512,0.869258,29.06119,20.09,3.9,9.8803492
Philippines,PHL,2012,88.628568,0.904075,28.896818,21.060000000000002,6.9,9.8803492
Philippines,PHL,2013,96.035851,0.963247,26.82084,20.180001,6.8,9.8803492
Philippines,PHL,2014,101.483616,1.001563,26.122978,20.18,6.3,9.8803492
Philippines,PHL,2015,112.44915,1.091407,26.213593,21.6,6.3,9.8803492
Philippines,PHL,2016,122.558,1.168607,24.631138,22.369999999999997,7.1,9.8803492
Philippines,PHL,2017,135.150083,1.266179,24.743032,23.350001,6.9,9.8803492
Philippines,PHL,2018,141.824052,1.306305,23.784706,23.729999999999997,6.3,9.8803492
Philippines,PHL,2019,145.231756,1.315734,21.47436,22.78,6.1,9.8803492
Philippines,PHL,2020,135.661668,1.209203,22.648321,23.21,-9.5,9.8803492
Philippines,PHL,2021,144.263875,1.266802,22.125694,23.939999999999998,5.7,9.8803492
Palau,PLW,1990,0.0,0.0,,,,
Palau,PLW,1991,0.0,0.0,,,,
Palau,PLW,1992,0.197856,12.362909,,,,
Palau,PLW,1993,0.197856,12.079121,,,,
Palau,PLW,1994,0.197856,11.798211,,,,
Palau,PLW,1995,0.197856,11.49724,,,,
Palau,PLW,1996,0.197856,11.158132,,,,
Palau,PLW,1997,0.197856,10.813576,,,,
Palau,PLW,1998,0.197856,10.495226,,,,
Palau,PLW,1999,0.197856,10.209288,,,,
Palau,PLW,2000,0.208848,10.587448,,,,
Palau,PLW,2001,0.216176,10.902562,,,6.5,
Palau,PLW,2002,0.212512,10.705355,,,5.1,
Palau,PLW,2003,0.212512,10.689738,,,-3.4,
Palau,PLW,2004,0.216176,10.859296,,,4.1,
Palau,PLW,2005,0.21984,11.085674,,,3.7,
Palau,PLW,2006,0.227168,11.57898,,,0.0,
Palau,PLW,2007,0.252816,13.054632,,,0.9,
Palau,PLW,2008,0.205184,10.741493,,,-5.3,
Palau,PLW,2009,0.197856,10.509721,,,-6.8,
Palau,PLW,2010,0.208848,11.264725,,,-1.1,
Palau,PLW,2011,0.216176,11.851754,,,4.1,
Palau,PLW,2012,0.223504,12.454252,,,1.9,
Palau,PLW,2013,0.227168,12.758663,,,-1.6,
Palau,PLW,2014,0.21984,12.353338,,,4.4,
Palau,PLW,2015,0.205184,11.531078,,,9.5,
Palau,PLW,2016,0.212512,11.928154,,,1.5,
Palau,PLW,2017,0.216176,12.119527,,,-3.5,
Palau,PLW,2018,0.212512,11.896104,,,1.3,
Palau,PLW,2019,0.21984,12.270596,,,1.4,
Palau,PLW,2020,0.232023,12.910238,,,-7.0,
Palau,PLW,2021,0.238444,13.229228,,,-13.4,
Papua New Guinea,PNG,1990,2.154432,0.557425,,,-3.1,
Papua New Guinea,PNG,1991,2.169088,0.543496,,,9.6,
Papua New Guinea,PNG,1992,2.191072,0.529674,,,13.8,
Papua New Guinea,PNG,1993,2.191072,0.51055,,,13.3,
Papua New Guinea,PNG,1994,2.18008,0.489719,,,10.5,
Papua New Guinea,PNG,1995,2.059168,0.446051,,,-3.4,
Papua New Guinea,PNG,1996,2.187408,0.457053,,,6.6,
Papua New Guinea,PNG,1997,2.575792,0.519267,,,-6.3,
Papua New Guinea,PNG,1998,2.861584,0.556855,,,4.7,
Papua New Guinea,PNG,1999,2.443888,0.459258,,,1.9,
Papua New Guinea,PNG,2000,2.663728,0.483585,45.971565,0.9700000000000001,-2.5,
Papua New Guinea,PNG,2001,3.206,0.562605,38.61004,1.0,-0.1,
Papua New Guinea,PNG,2002,3.484464,0.591329,36.231884,1.0,-0.2,
Papua New Guinea,PNG,2003,3.942464,0.647263,34.516132,1.07,9.0,
Papua New Guinea,PNG,2004,4.484736,0.712636,32.704403,1.04,0.6,
Papua New Guinea,PNG,2005,4.382144,0.674299,38.43844,1.28,4.3,
Papua New Guinea,PNG,2006,4.3052,0.64178,38.46154,1.25,2.5,
Papua New Guinea,PNG,2007,6.115216,0.883566,40.119762,1.3399999999999999,7.8,
Papua New Guinea,PNG,2008,4.792512,0.671409,40.85366,1.3399999999999999,-0.3,
Papua New Guinea,PNG,2009,5.089296,0.691585,39.402985,1.3199999999999998,6.8,
Papua New Guinea,PNG,2010,4.660608,0.614591,38.938053,1.3199999999999998,10.1,
Papua New Guinea,PNG,2011,5.22492,0.669292,40.226627,1.42,1.1,
Papua New Guinea,PNG,2012,5.068603,0.63148,39.61219,1.43,4.7,
Papua New Guinea,PNG,2013,5.429632,0.658486,38.481674,1.47000002,3.8,
Papua New Guinea,PNG,2014,6.597547,0.779469,37.06468,1.49000002,13.5,
Papua New Guinea,PNG,2015,6.502953,0.749001,35.66265,1.48000002,6.6,
Papua New Guinea,PNG,2016,6.811698,0.765431,34.660423,1.48000002,5.5,
Papua New Guinea,PNG,2017,6.469623,0.709794,29.812204,1.2700000200000001,3.5,
Papua New Guinea,PNG,2018,7.522541,0.806341,28.863636,1.27,-0.3,
Papua New Guinea,PNG,2019,7.879458,0.825724,28.828829,1.2800000200000001,4.5,
Papua New Guinea,PNG,2020,8.325129,0.853891,27.586208,1.2800000200000001,-3.2,
Papua New Guinea,PNG,2021,8.509555,0.85528,26.54321,1.29,0.1,
Poland,POL,1990,376.813577,9.899408,1.108301,1.49,-7.2,68.158066
Poland,POL,1991,373.834442,9.794605,1.130199,1.5,-7.0,68.158066
Poland,POL,1992,364.748781,9.535348,1.2395746,1.62,2.0,68.158066
Poland,POL,1993,365.448045,9.53692,1.1762028,1.55,4.3,68.158066
Poland,POL,1994,360.522221,9.394603,1.3354341,1.78,5.2,68.158066
Poland,POL,1995,362.892258,9.449832,1.430135,1.96,6.7,68.158066
Poland,POL,1996,377.577851,9.832396,1.4590268,2.06,6.2,68.158066
Poland,POL,1997,367.524628,9.571919,1.5112815,2.13,7.1,68.158066
Poland,POL,1998,339.365274,8.842245,1.7972579,2.5300000000000002,5.0,68.158066
Poland,POL,1999,329.552343,8.592171,1.671548,2.34,4.5,68.158066
Poland,POL,2000,317.719195,8.251497,1.6273223,2.33,4.3,68.158066
Poland,POL,2001,313.849975,8.117608,1.9343168,2.78,1.2,68.158066
Poland,POL,2002,306.610293,7.933514,1.943996,2.77,1.4,68.158066
Poland,POL,2003,319.624035,8.275799,1.4999001,2.25,3.5,68.158066
Poland,POL,2004,324.436208,8.405945,2.1016684,3.2,5.0,68.158066
Poland,POL,2005,323.409481,8.383716,2.48307,3.8500000000000005,3.5,68.158066
Poland,POL,2006,337.317578,8.750772,2.6737301,4.29,6.1,68.158066
Poland,POL,2007,336.731479,8.741306,3.4256516,5.43,7.1,68.158066
Poland,POL,2008,330.485117,8.57893,4.274444,6.609999999999999,4.2,68.158066
Poland,POL,2009,316.868513,8.218549,5.7515388,8.690000000000001,2.8,68.158066
Poland,POL,2010,334.916988,8.677201,6.9299364,10.879999999999999,2.9,68.158066
Poland,POL,2011,334.337154,8.656909,8.054721,13.129999999999999,5.0,68.158066
Poland,POL,2012,326.734935,8.458965,10.443604,16.88,1.5,68.158066
Poland,POL,2013,322.651181,8.357247,10.408151,17.06,0.9,68.158066
Poland,POL,2014,310.3191,8.043132,12.533148,19.85,3.8,68.158066
Poland,POL,2015,313.455719,8.130484,13.815148,22.689999999999998,4.4,68.158066
Poland,POL,2016,324.381233,8.418465,13.733519,22.81,3.0,68.158066
Poland,POL,2017,337.734951,8.764866,14.1999655,24.130000000000003,5.1,68.158066
Poland,POL,2018,337.048486,8.74963,12.755915,21.62,5.9,68.158066
Poland,POL,2019,318.487666,8.273782,15.615801,25.46,4.4,68.158066
Poland,POL,2020,303.523082,7.898412,17.964872,28.230000000000004,-2.0,68.158066
Poland,POL,2021,328.579763,8.577376,17.094591,30.560000000000002,6.9,68.158066
Puerto Rico,PRI,1990,0.0,0.0,,,3.8,
Puerto Rico,PRI,1991,0.0,0.0,,,2.3,
Puerto Rico,PRI,1992,0.0,0.0,,,4.6,
Puerto Rico,PRI,1993,0.0,0.0,,,4.6,
Puerto Rico,PRI,1994,0.0,0.0,,,4.2,
Puerto Rico,PRI,1995,0.0,0.0,,,4.5,
Puerto Rico,PRI,1996,0.0,0.0,,,2.3,
Puerto Rico,PRI,1997,0.0,0.0,,,4.9,
Puerto Rico,PRI,1998,0.0,0.0,,,6.5,
Puerto Rico,PRI,1999,0.0,0.0,,,4.4,
Puerto Rico,PRI,2000,0.0,0.0,0.68775797,0.15,3.3,
Puerto Rico,PRI,2001,0.0,0.0,0.58295965,0.13,9.5,
Puerto Rico,PRI,2002,0.0,0.0,0.47475183,0.11,2.2,
Puerto Rico,PRI,2003,0.0,0.0,0.41788548,0.1,2.3,
Puerto Rico,PRI,2004,0.0,0.0,0.58019066,0.14,2.0,
Puerto Rico,PRI,2005,0.0,0.0,0.56089747,0.14,-2.0,
Puerto Rico,PRI,2006,0.0,0.0,0.58749473,0.14,-1.4,
Puerto Rico,PRI,2007,0.0,0.0,0.7174888,0.16,-1.2,
Puerto Rico,PRI,2008,0.0,0.0,0.7648184,0.16,-1.8,
Puerto Rico,PRI,2009,0.0,0.0,0.821256,0.17,-2.0,
Puerto Rico,PRI,2010,0.0,0.0,0.76555026,0.16,-0.4,
Puerto Rico,PRI,2011,0.0,0.0,0.74925077,0.15,-0.4,
Puerto Rico,PRI,2012,0.0,0.0,0.5660377,0.12,0.0,
Puerto Rico,PRI,2013,0.0,0.0,1.4153246,0.29,-0.3,
Puerto Rico,PRI,2014,0.0,0.0,1.7140058,0.35,-1.2,
Puerto Rico,PRI,2015,0.0,0.0,1.8618325,0.38,-1.0,
Puerto Rico,PRI,2016,0.0,0.0,1.8606871,0.39,-1.3,
Puerto Rico,PRI,2017,0.0,0.0,2.2168963,0.37,-2.9,
Puerto Rico,PRI,2018,0.0,0.0,1.4714538,0.24999999999999997,-4.4,
Puerto Rico,PRI,2019,0.0,0.0,2.7214823,0.47000000000000003,1.7,
Puerto Rico,PRI,2020,0.0,0.0,2.7988338,0.48,-4.4,
Puerto Rico,PRI,2021,0.0,0.0,2.7960527,0.51,0.2,
North Korea,PRK,1990,118.378919,5.691425,,,,
North Korea,PRK,1991,112.819051,5.342941,,,,
North Korea,PRK,1992,97.98161,4.57004,,,,
North Korea,PRK,1993,89.581561,4.114338,,,,
North Korea,PRK,1994,81.580344,3.690546,,,,
North Korea,PRK,1995,76.082156,3.398719,,,,
North Korea,PRK,1996,66.291531,2.931393,,,,
North Korea,PRK,1997,63.678665,2.789575,,,,
North Korea,PRK,1998,58.7493,2.551695,,,,
North Korea,PRK,1999,64.139915,2.764116,,,,
North Korea,PRK,2000,69.164938,2.959933,53.86667,10.1,,
North Korea,PRK,2001,71.664474,3.047928,53.7673,10.49,,
North Korea,PRK,2002,68.641603,2.903816,54.968616,10.51,,
North Korea,PRK,2003,70.139217,2.949293,57.086617,11.6,,
North Korea,PRK,2004,71.721964,2.994788,58.149364,12.38,,
North Korea,PRK,2005,75.010219,3.11233,58.584946,13.0,,
North Korea,PRK,2006,76.170208,3.142885,57.504604,12.49,,
North Korea,PRK,2007,63.47805,2.606205,62.918663,13.15,,
North Korea,PRK,2008,70.32949,2.874223,61.856125,13.93,,
North Korea,PRK,2009,53.462005,2.174887,60.419716,12.38,,
North Korea,PRK,2010,50.09113,2.029095,63.07034,13.27,,
North Korea,PRK,2011,36.185883,1.460063,69.781105,13.07,,
North Korea,PRK,2012,37.565141,1.509382,71.253334,13.36,,
North Korea,PRK,2013,27.013627,1.080466,76.74289,13.76,,
North Korea,PRK,2014,30.543564,1.21561,73.64208,12.879999999999999,,
North Korea,PRK,2015,24.623532,0.97488,73.84501,9.91,,
North Korea,PRK,2016,27.571903,1.085952,76.57005,12.68,,
North Korea,PRK,2017,51.735804,2.027557,80.69815,11.79,,
North Korea,PRK,2018,47.629851,1.857773,83.75165,12.68,,
North Korea,PRK,2019,52.76422,2.048663,82.0551,11.02,,
North Korea,PRK,2020,55.336481,2.139231,84.844475,12.82,,
North Korea,PRK,2021,56.380104,2.170811,83.183395,12.02,,
Portugal,PRT,1990,45.325085,4.529181,34.6982,9.83,7.9,87.920753
Portugal,PRT,1991,47.14164,4.720577,33.109016,9.84,3.4,87.920753
Portugal,PRT,1992,50.969942,5.107851,18.541033,5.49,3.1,87.920753
Portugal,PRT,1993,49.483611,4.952272,30.42917,9.43,-0.7,87.920753
Portugal,PRT,1994,50.261173,5.017034,37.12097,11.629999999999999,1.5,87.920753
Portugal,PRT,1995,54.524438,5.424644,28.295624,9.379999999999999,2.3,87.920753
Portugal,PRT,1996,51.815227,5.136504,45.858765,15.78,3.5,87.920753
Portugal,PRT,1997,54.69441,5.398958,41.681313,14.2299999,4.4,87.920753
Portugal,PRT,1998,59.247501,5.820325,36.365974,14.149999900000001,4.8,87.920753
Portugal,PRT,1999,66.899642,6.537401,20.088558,8.62,3.9,87.920753
Portugal,PRT,2000,65.685547,6.37685,29.668049,12.870000000000001,3.8,87.920753
Portugal,PRT,2001,65.237192,6.289851,34.091404,15.739999999999998,1.9,87.920753
Portugal,PRT,2002,69.643312,6.676626,21.314346,9.73,0.8,87.920753
Portugal,PRT,2003,64.53789,6.162109,38.048153,17.7,-0.9,87.920753
Portugal,PRT,2004,67.385154,6.416704,27.465418,12.309999999999999,1.8,87.920753
Portugal,PRT,2005,69.717987,6.625097,17.864876,8.25,0.8,87.920753
Portugal,PRT,2006,64.923915,6.157458,32.365658,15.7200001,1.6,87.920753
Portugal,PRT,2007,62.437402,5.909526,34.57027,16.209999999999997,2.5,87.920753
Portugal,PRT,2008,60.106794,5.680656,32.189976,14.639999999999997,0.3,87.920753
Portugal,PRT,2009,57.20748,5.401343,36.96443,18.29,-3.1,87.920753
Portugal,PRT,2010,53.001358,5.005605,52.80313,28.349999999999998,1.7,87.920753
Portugal,PRT,2011,51.801576,4.903211,46.47263,24.11,-1.7,87.920753
Portugal,PRT,2012,49.959709,4.74808,42.50604,19.3700001,-4.1,87.920753
Portugal,PRT,2013,48.163477,4.602543,58.32179,29.470000000000002,-0.9,87.920753
Portugal,PRT,2014,47.945815,4.606466,60.758278,31.57,0.8,87.920753
Portugal,PRT,2015,52.270289,5.042749,47.53267,24.37,1.8,87.920753
Portugal,PRT,2016,50.442234,4.881781,54.6254,32.300000000000004,2.0,87.920753
Portugal,PRT,2017,55.210185,5.356296,39.13345,22.58,3.5,87.920753
Portugal,PRT,2018,51.459107,5.000965,50.350967,29.41,2.8,87.920753
Portugal,PRT,2019,47.618826,4.627714,52.986664,27.410000000000004,2.7,87.920753
Portugal,PRT,2020,41.799894,4.058955,58.420643,30.1099998,-8.3,87.920753
Portugal,PRT,2021,40.797216,3.964704,63.814728,31.550000000000004,5.5,87.920753
Paraguay,PRY,1990,2.13564,0.526124,,,4.1,8.6564121
Paraguay,PRY,1991,2.103445,0.504666,,,3.5,8.6564121
Paraguay,PRY,1992,2.579939,0.603205,,,1.7,8.6564121
Paraguay,PRY,1993,2.914101,0.664379,,,4.9,8.6564121
Paraguay,PRY,1994,3.404286,0.757299,,,5.3,8.6564121
Paraguay,PRY,1995,3.937149,0.855174,,,6.8,8.6564121
Paraguay,PRY,1996,3.718801,0.789277,,,1.6,8.6564121
Paraguay,PRY,1997,4.127971,0.85673,,,4.2,8.6564121
Paraguay,PRY,1998,4.383911,0.890415,,,0.1,8.6564121
Paraguay,PRY,1999,4.375923,0.870652,,,-1.4,8.6564121
Paraguay,PRY,2000,3.606132,0.703798,99.98112,52.96,-2.3,8.6564121
Paraguay,PRY,2001,3.695507,0.709101,99.977715,44.86,-0.8,8.6564121
Paraguay,PRY,2002,3.857264,0.729643,99.97905,47.73,0.0,8.6564121
Paraguay,PRY,2003,4.031488,0.753091,99.96099,51.25,4.3,8.6564121
Paraguay,PRY,2004,4.061307,0.749827,100.0,51.41,4.1,8.6564121
Paraguay,PRY,2005,3.779891,0.690154,100.0,50.65,2.1,8.6564121
Paraguay,PRY,2006,3.908692,0.706219,100.0,53.25,4.8,8.6564121
Paraguay,PRY,2007,4.041562,0.72298,100.0,53.19,5.4,8.6564121
Paraguay,PRY,2008,4.277954,0.757811,100.0,54.91,6.5,8.6564121
Paraguay,PRY,2009,4.5315,0.794641,100.0,54.41,-0.3,8.6564121
Paraguay,PRY,2010,5.021793,0.870537,100.0,53.52,11.1,8.6564121
Paraguay,PRY,2011,5.198721,0.889592,100.0,57.05,4.3,8.6564121
Paraguay,PRY,2012,5.173286,0.873376,100.0,59.63,-0.7,8.6564121
Paraguay,PRY,2013,5.172147,0.861213,99.933235,59.870000000000005,8.3,8.6564121
Paraguay,PRY,2014,5.45823,0.896155,99.9271,54.83,5.3,8.6564121
Paraguay,PRY,2015,6.047637,0.978907,99.92772,55.3,3.0,8.6564121
Paraguay,PRY,2016,7.153635,1.141547,100.0,63.300000000000004,4.3,8.6564121
Paraguay,PRY,2017,8.068738,1.269587,100.0,59.230000000000004,4.8,8.6564121
Paraguay,PRY,2018,8.508181,1.320464,100.0,58.75,3.2,8.6564121
Paraguay,PRY,2019,8.244362,1.262531,99.857315,48.99,-0.4,8.6564121
Paraguay,PRY,2020,8.033253,1.213722,99.849464,46.43,-0.8,8.6564121
Paraguay,PRY,2021,8.576565,1.279359,99.82509,39.95,4.0,8.6564121
Occupied Palestinian Territory,PSE,1990,0.86104,0.40527,,,,
Occupied Palestinian Territory,PSE,1991,0.883024,0.398788,,,,
Occupied Palestinian Territory,PSE,1992,0.916,0.396537,,,,
Occupied Palestinian Territory,PSE,1993,0.93432,0.387581,,,,
Occupied Palestinian Territory,PSE,1994,0.967296,0.384586,,,,
Occupied Palestinian Territory,PSE,1995,0.945312,0.360374,,,7.1,
Occupied Palestinian Territory,PSE,1996,1.036912,0.379265,,,1.2,
Occupied Palestinian Territory,PSE,1997,0.864704,0.303702,,,14.7,
Occupied Palestinian Territory,PSE,1998,1.461936,0.495417,,,14.3,
Occupied Palestinian Territory,PSE,1999,1.366672,0.448901,,,8.3,
Occupied Palestinian Territory,PSE,2000,1.659792,0.528604,,0.0,-8.6,
Occupied Palestinian Territory,PSE,2001,1.348352,0.417436,0.0,0.0,-9.3,
Occupied Palestinian Territory,PSE,2002,1.15416,0.348743,0.0,0.0,-12.5,
Occupied Palestinian Territory,PSE,2003,1.278736,0.377856,0.0,0.0,14.0,
Occupied Palestinian Territory,PSE,2004,2.194736,0.634294,0.0,0.0,21.9,
Occupied Palestinian Territory,PSE,2005,2.740672,0.77394,0.0,0.0,11.3,
Occupied Palestinian Territory,PSE,2006,2.264352,0.624189,0.0,0.0,-1.0,
Occupied Palestinian Territory,PSE,2007,2.322976,0.624812,0.0,0.0,3.8,
Occupied Palestinian Territory,PSE,2008,2.05184,0.538708,0.0,0.0,7.4,
Occupied Palestinian Territory,PSE,2009,2.08848,0.53559,0.0,0.0,8.6,
Occupied Palestinian Territory,PSE,2010,2.03352,0.509363,0.0,0.0,5.8,
Occupied Palestinian Territory,PSE,2011,2.246032,0.549455,0.0,0.0,9.6,
Occupied Palestinian Territory,PSE,2012,2.20169,0.526196,0.0,0.0,6.1,
Occupied Palestinian Territory,PSE,2013,2.437293,0.569222,0.0,0.0,4.7,
Occupied Palestinian Territory,PSE,2014,2.836632,0.647563,0.0,0.0,-0.2,
Occupied Palestinian Territory,PSE,2015,3.00574,0.670234,2.0833335,0.01,3.7,
Occupied Palestinian Territory,PSE,2016,3.233566,0.70389,7.8431373,0.04,8.9,
Occupied Palestinian Territory,PSE,2017,3.268288,0.69524,9.615385,0.05,1.4,
Occupied Palestinian Territory,PSE,2018,2.959142,0.615776,15.0,0.06,1.2,
Occupied Palestinian Territory,PSE,2019,3.265395,0.66508,15.584416,0.12,1.4,
Occupied Palestinian Territory,PSE,2020,3.017203,0.601108,22.5,0.18,-11.3,
Occupied Palestinian Territory,PSE,2021,3.092231,0.602376,23.255814,0.2,7.0,
French Polynesia,PYF,1990,0.43968,2.082913,,,,
French Polynesia,PYF,1991,0.436016,2.023802,,,,
French Polynesia,PYF,1992,0.414032,1.885211,,,,
French Polynesia,PYF,1993,0.428688,1.916232,,,,
French Polynesia,PYF,1994,0.443344,1.947207,,,,
French Polynesia,PYF,1995,0.432352,1.868047,,,,
French Polynesia,PYF,1996,0.436016,1.853896,,,,
French Polynesia,PYF,1997,0.454336,1.900701,,,,
French Polynesia,PYF,1998,0.450672,1.855518,,,,
French Polynesia,PYF,1999,0.498304,2.018888,,,,
French Polynesia,PYF,2000,0.571584,2.27789,30.769232,0.12,,
French Polynesia,PYF,2001,0.681504,2.672051,21.276596,0.1,,
French Polynesia,PYF,2002,0.685168,2.644038,25.0,0.13,,
French Polynesia,PYF,2003,0.740128,2.812325,26.315792,0.15,,
French Polynesia,PYF,2004,0.725472,2.715781,29.508196,0.18,,
French Polynesia,PYF,2005,0.784096,2.892703,29.999998,0.18,,
French Polynesia,PYF,2006,0.780432,2.838957,31.746033,0.2,,
French Polynesia,PYF,2007,0.76944,2.765999,33.333332,0.22,,
French Polynesia,PYF,2008,0.795088,2.833952,30.882353,0.21,,
French Polynesia,PYF,2009,0.798752,2.829614,30.0,0.21,,
French Polynesia,PYF,2010,0.923328,3.253584,43.54839,0.27,,
French Polynesia,PYF,2011,0.886688,3.108296,35.384617,0.23,,
French Polynesia,PYF,2012,0.875696,3.055635,32.8125,0.21000000000000002,,
French Polynesia,PYF,2013,0.87936,3.052994,28.81356,0.16999999999999998,,
French Polynesia,PYF,2014,0.850048,2.932484,34.48276,0.2,,
French Polynesia,PYF,2015,0.846384,2.900691,34.48276,0.2,,
French Polynesia,PYF,2016,0.868368,2.958251,36.206898,0.21,,
French Polynesia,PYF,2017,0.86104,2.914334,36.666664,0.22,,
French Polynesia,PYF,2018,0.875696,2.942468,34.48276,0.2,,
French Polynesia,PYF,2019,0.875696,2.921743,32.35294,0.22,,
French Polynesia,PYF,2020,0.924224,3.061156,33.333332,0.22,,
French Polynesia,PYF,2021,0.9498,3.124014,32.857143,0.22999999999999998,,
Qatar,QAT,1990,11.411196,25.836184,0.0,0.0,-14.6,
Qatar,QAT,1991,17.380476,38.074499,0.0,0.0,-1.5,
Qatar,QAT,1992,26.780341,56.823125,0.0,0.0,10.4,
Qatar,QAT,1993,30.684493,63.13149,0.0,0.0,-0.9,
Qatar,QAT,1994,30.30434,60.526001,0.0,0.0,1.9,
Qatar,QAT,1995,31.298254,60.757618,0.0,0.0,0.4,
Qatar,QAT,1996,31.668365,59.83461,0.0,0.0,4.2,
Qatar,QAT,1997,36.789307,66.817851,0.0,0.0,27.7,
Qatar,QAT,1998,31.721741,54.598803,0.0,0.0,10.3,
Qatar,QAT,1999,30.755617,50.14759,0.0,0.0,3.8,
Qatar,QAT,2000,34.011717,52.654852,0.0,0.0,6.9,
Qatar,QAT,2001,41.213508,60.712473,0.0,0.0,4.5,
Qatar,QAT,2002,40.702617,57.071531,0.0,0.0,6.9,
Qatar,QAT,2003,41.300453,55.175783,0.0,0.0,4.0,
Qatar,QAT,2004,42.711403,54.902998,0.0,0.0,19.2,
Qatar,QAT,2005,50.690106,59.726062,0.0,0.0,7.8,
Qatar,QAT,2006,63.19684,62.259216,0.0,0.0,28.1,
Qatar,QAT,2007,62.900592,51.06011,0.0,0.0,18.2,
Qatar,QAT,2008,64.256641,44.490524,0.0,0.0,17.5,
Qatar,QAT,2009,68.596757,42.599432,0.0,0.0,13.1,
Qatar,QAT,2010,71.920193,41.972586,0.0,0.0,17.7,
Qatar,QAT,2011,79.647666,44.146406,0.06925208,0.02,11.3,
Qatar,QAT,2012,93.822753,49.233732,0.091715075,0.03,4.7,
Qatar,QAT,2013,83.989552,41.262349,0.09182737,0.03,5.6,
Qatar,QAT,2014,91.548757,41.341252,0.10964912,0.04,5.3,
Qatar,QAT,2015,91.327389,37.823412,0.102197245,0.04,4.8,
Qatar,QAT,2016,87.54468,33.73375,0.100250624,0.04,3.1,
Qatar,QAT,2017,100.180027,36.942875,0.09310987,0.04,-1.5,
Qatar,QAT,2018,95.231911,34.42036,0.08853475,0.04,1.2,
Qatar,QAT,2019,101.152287,36.032711,0.08508828,0.04,0.7,
Qatar,QAT,2020,92.860729,33.640499,0.089565605,0.04,-3.6,
Qatar,QAT,2021,95.66718,35.587357,0.08421053,0.04,1.5,
Réunion,REU,1990,1.260372,1.912576,,,,
Réunion,REU,1991,1.659143,2.466922,,,,
Réunion,REU,1992,1.792624,2.611357,,,,
Réunion,REU,1993,1.791495,2.558979,,,,
Réunion,REU,1994,1.891719,2.652562,,,,
Réunion,REU,1995,2.099877,2.89248,,,,
Réunion,REU,1996,2.315994,3.13579,,,,
Réunion,REU,1997,2.605165,3.467322,,,,
Réunion,REU,1998,2.680287,3.508826,,,,
Réunion,REU,1999,2.954288,3.811601,,,,
Réunion,REU,2000,3.232822,4.116021,36.59794,0.7100000000000001,,
Réunion,REU,2001,3.339151,4.197561,34.761906,0.7300000000000001,,
Réunion,REU,2002,3.354533,4.165859,34.134617,0.71,,
Réunion,REU,2003,3.15814,3.875056,33.17972,0.72,,
Réunion,REU,2004,3.291584,3.992126,33.193275,0.7899999999999999,,
Réunion,REU,2005,3.705288,4.444625,32.8,0.82,,
Réunion,REU,2006,3.923603,4.641312,34.782608,0.8799999999999999,,
Réunion,REU,2007,4.118426,4.785546,37.209305,0.96,,
Réunion,REU,2008,4.284374,4.902147,36.05948,0.97,,
Réunion,REU,2009,4.353582,4.929824,32.01439,0.8900000000000001,,
Réunion,REU,2010,4.488693,5.042738,33.566433,0.96,,
Réunion,REU,2011,4.483702,5.000594,30.795847,0.8900000000000001,,
Réunion,REU,2012,4.441537,4.923313,,,,
Réunion,REU,2013,4.362587,4.810492,,,,
Réunion,REU,2014,4.344118,4.74876,,,,
Réunion,REU,2015,4.411455,4.782091,,,,
Réunion,REU,2016,4.512042,4.869313,,,,
Réunion,REU,2017,4.45213,4.773178,,,,
Réunion,REU,2018,4.426369,4.702964,,,,
Réunion,REU,2019,4.534601,4.776185,,,,
Réunion,REU,2020,4.102958,4.283633,,,,
Réunion,REU,2021,4.102958,4.246802,,,,
Romania,ROU,1990,173.46387,7.595993,17.744946,11.41,-5.6,48.557812
Romania,ROU,1991,141.91528,6.212778,25.68662,14.59,-12.9,48.557812
Romania,ROU,1992,131.509918,5.767735,21.662655,11.7,-8.8,48.557812
Romania,ROU,1993,122.278576,5.381587,23.067196,12.77,1.5,48.557812
Romania,ROU,1994,120.542332,5.326007,23.71003,13.05,3.9,48.557812
Romania,ROU,1995,125.582627,5.573243,28.264183,16.69,7.1,48.557812
Romania,ROU,1996,128.935578,5.751465,25.823366,15.76,3.9,48.557812
Romania,ROU,1997,117.96281,5.292296,30.888575,17.520000000000003,-6.1,48.557812
Romania,ROU,1998,104.398871,4.710876,35.648235,18.89,-4.8,48.557812
Romania,ROU,1999,88.357129,4.009125,36.239353,18.29,-1.2,48.557812
Romania,ROU,2000,92.668296,4.227592,28.665632,14.78,2.9,48.557812
Romania,ROU,2001,98.150928,4.502834,27.861813,14.92,5.1,48.557812
Romania,ROU,2002,98.356844,4.5423,29.492832,16.05,5.7,48.557812
Romania,ROU,2003,102.844232,4.787612,24.179432,13.26,2.3,48.557812
Romania,ROU,2004,102.109621,4.796291,29.226412,16.51,10.3,48.557812
Romania,ROU,2005,100.241794,4.752538,34.03467,20.220000000000002,4.7,48.557812
Romania,ROU,2006,103.180297,4.934637,29.282297,18.36,8.0,48.557812
Romania,ROU,2007,107.886681,5.200804,25.95655,16.01,7.2,48.557812
Romania,ROU,2008,105.851799,5.139059,26.512701,17.22,9.4,48.557812
Romania,ROU,2009,87.002447,4.251006,26.935736,15.549999999999999,-5.6,48.557812
Romania,ROU,2010,84.632654,4.161877,33.49282,20.299999999999997,-3.9,48.557812
Romania,ROU,2011,91.754477,4.537744,26.32258,16.32,4.5,48.557812
Romania,ROU,2012,90.239246,4.481239,25.399796,14.930000000000001,1.9,48.557812
Romania,ROU,2013,78.929516,3.933388,34.41503,20.150000000000002,0.2,48.557812
Romania,ROU,2014,78.453481,3.923491,41.60147,27.12,4.1,48.557812
Romania,ROU,2015,77.996265,3.918213,39.729977,26.189999999999998,3.2,48.557812
Romania,ROU,2016,77.011532,3.8899,41.75569,26.970000000000002,2.9,48.557812
Romania,ROU,2017,80.042942,4.06333,37.9828,24.29,8.2,48.557812
Romania,ROU,2018,80.516214,4.106549,40.642456,26.19,6.0,48.557812
Romania,ROU,2019,77.030616,3.945389,41.61879,24.630000000000003,3.8,48.557812
Romania,ROU,2020,74.138009,3.813284,44.246674,24.610000000000003,-3.7,48.557812
Romania,ROU,2021,79.32686,4.104127,44.545914,26.34,5.9,48.557812
Russia,RUS,1990,2534.86506,17.126807,15.423268,166.91061,,4.1177392
Russia,RUS,1991,2405.531915,16.203734,15.742818,168.159,-5.0,4.1177392
Russia,RUS,1992,1965.610204,13.216354,17.121027,172.65699999999998,-14.5,4.1177392
Russia,RUS,1993,1865.939469,12.531724,18.226152,174.349,-8.7,4.1177392
Russia,RUS,1994,1646.941737,11.065992,20.091812,175.987,-12.7,4.1177392
Russia,RUS,1995,1618.95117,10.897812,20.50101,176.3142,-4.1,4.1177392
Russia,RUS,1996,1586.172896,10.700509,18.221094,154.36599999999999,-3.6,4.1177392
Russia,RUS,1997,1481.61877,10.015,18.88085,157.49099999999999,1.4,4.1177392
Russia,RUS,1998,1464.542998,9.917491,19.168646,158.555,-5.3,4.1177392
Russia,RUS,1999,1493.155061,10.134326,18.972496,160.54999999999998,6.3,4.1177392
Russia,RUS,2000,1478.184753,10.066304,19.70197,164.21,10.1,4.1177392
Russia,RUS,2001,1514.713521,10.35804,20.6468,174.1,5.1,4.1177392
Russia,RUS,2002,1505.520171,10.340812,19.193983,162.54999999999998,4.7,4.1177392
Russia,RUS,2003,1535.293112,10.59212,18.005915,156.42999996999998,7.4,4.1177392
Russia,RUS,2004,1541.753926,10.680396,19.932749,176.64999999999998,7.1,4.1177392
Russia,RUS,2005,1559.08276,10.842018,19.242413,173.53000003,6.4,4.1177392
Russia,RUS,2006,1618.246151,11.289669,18.493877,174.29,8.2,4.1177392
Russia,RUS,2007,1618.586183,11.309476,18.523914,178.0,8.6,4.1177392
Russia,RUS,2008,1646.969024,11.510299,16.822174,165.69,5.2,4.1177392
Russia,RUS,2009,1539.305658,10.752071,18.623175,175.11,-7.8,4.1177392
Russia,RUS,2010,1626.187553,11.352681,17.032766,167.48999999999998,4.5,4.1177392
Russia,RUS,2011,1679.278427,11.713346,16.697685,166.88,3.9,4.1177392
Russia,RUS,2012,1694.576422,11.798259,16.442799,166.85,4.0,4.1177392
Russia,RUS,2013,1632.716418,11.341706,18.124252,182.04,1.8,4.1177392
Russia,RUS,2014,1631.662227,11.308601,17.502232,176.51,0.7,4.1177392
Russia,RUS,2015,1629.713151,11.265164,16.753704,169.38999997000002,-2.0,4.1177392
Russia,RUS,2016,1624.756335,11.196787,17.994837,186.09000000000003,0.2,4.1177392
Russia,RUS,2017,1654.154022,11.372466,17.995642,186.64,1.8,4.1177392
Russia,RUS,2018,1700.45284,11.674741,18.423239,192.99999996999998,2.8,4.1177392
Russia,RUS,2019,1692.363414,11.612027,18.545855,197.25,2.2,4.1177392
Russia,RUS,2020,1624.221431,11.154039,20.743412,216.75000000000003,-2.7,4.1177392
Russia,RUS,2021,1755.54739,12.09865,19.959293,221.62,5.6,4.1177392
Rwanda,RWA,1990,0.523865,0.071567,,,0.4,13.825374
Rwanda,RWA,1991,0.472136,0.063072,,,-4.3,13.825374
Rwanda,RWA,1992,0.479487,0.062619,,,6.6,13.825374
Rwanda,RWA,1993,0.482946,0.061096,,,-10.4,13.825374
Rwanda,RWA,1994,0.462124,0.068639,,,-41.9,13.825374
Rwanda,RWA,1995,0.454761,0.079967,,,24.5,13.825374
Rwanda,RWA,1996,0.46404,0.0691,,,11.6,13.825374
Rwanda,RWA,1997,0.482529,0.062938,,,14.9,13.825374
Rwanda,RWA,1998,0.481523,0.06084,,,8.3,13.825374
Rwanda,RWA,1999,0.50262,0.062752,,,3.3,13.825374
Rwanda,RWA,2000,0.515135,0.063519,100.0,0.11,8.4,13.825374
Rwanda,RWA,2001,0.52238,0.063519,99.99999,0.09,8.5,13.825374
Rwanda,RWA,2002,0.518873,0.061975,100.0,0.1,13.2,13.825374
Rwanda,RWA,2003,0.509103,0.059419,100.0,0.12,2.2,13.825374
Rwanda,RWA,2004,0.515763,0.058664,88.888885,0.08,7.4,13.825374
Rwanda,RWA,2005,0.514223,0.056969,60.0,0.06,9.3,13.825374
Rwanda,RWA,2006,0.51442,0.055493,25.0,0.04,9.2,13.825374
Rwanda,RWA,2007,0.542177,0.056932,26.666666,0.04,7.7,13.825374
Rwanda,RWA,2008,0.527816,0.053958,38.888885,0.07,11.2,13.825374
Rwanda,RWA,2009,0.558257,0.055583,41.666668,0.1,6.3,13.825374
Rwanda,RWA,2010,0.573397,0.055621,40.740738,0.11,7.3,13.825374
Rwanda,RWA,2011,0.647022,0.061173,41.935482,0.13,8.0,13.825374
Rwanda,RWA,2012,0.718462,0.066277,41.17647,0.14,8.6,13.825374
Rwanda,RWA,2013,0.782275,0.070467,39.473686,0.15,4.7,13.825374
Rwanda,RWA,2014,0.827155,0.072759,44.68085,0.21000000000000002,6.2,13.825374
Rwanda,RWA,2015,0.970185,0.083328,51.724144,0.30000000000000004,8.9,13.825374
Rwanda,RWA,2016,1.068892,0.08959,47.058823,0.32000000000000006,6.0,13.825374
Rwanda,RWA,2017,1.167707,0.095476,48.05195,0.37,3.9,13.825374
Rwanda,RWA,2018,1.281262,0.102241,43.023254,0.37,8.5,13.825374
Rwanda,RWA,2019,1.812053,0.14118,46.078434,0.47000000000000003,9.5,13.825374
Rwanda,RWA,2020,1.661876,0.126413,64.83516,0.5900000000000001,-3.4,13.825374
Rwanda,RWA,2021,1.754532,0.130333,60.0,0.51,10.9,13.825374
Saudi Arabia,SAU,1990,208.496989,13.027184,0.0,0.0,15.2,
Saudi Arabia,SAU,1991,288.545496,17.32561,0.0,0.0,15.0,
Saudi Arabia,SAU,1992,316.174686,18.295717,0.0,0.0,4.0,
Saudi Arabia,SAU,1993,340.642423,19.087393,0.0,0.0,-1.4,
Saudi Arabia,SAU,1994,328.139002,17.86517,0.0,0.0,0.6,
Saudi Arabia,SAU,1995,262.421123,13.892906,0.0,0.0,0.2,
Saudi Arabia,SAU,1996,258.274784,13.306082,0.0,0.0,2.6,
Saudi Arabia,SAU,1997,215.807489,10.823724,0.0,0.0,1.1,
Saudi Arabia,SAU,1998,207.240053,10.122811,0.0,0.0,2.9,
Saudi Arabia,SAU,1999,225.985542,10.756268,0.0,0.0,-3.8,
Saudi Arabia,SAU,2000,296.363782,13.754045,0.0,0.0,5.6,
Saudi Arabia,SAU,2001,296.588051,13.428824,0.0,0.0,-1.2,
Saudi Arabia,SAU,2002,325.697903,14.396496,0.0,0.0,-2.8,
Saudi Arabia,SAU,2003,326.517114,14.103895,0.0,0.0,11.2,
Saudi Arabia,SAU,2004,394.58489,16.676025,0.0,0.0,8.0,
Saudi Arabia,SAU,2005,395.85476,16.225122,0.0,0.0,5.6,
Saudi Arabia,SAU,2006,431.291968,16.991458,0.0,0.0,2.8,
Saudi Arabia,SAU,2007,386.507147,14.640385,0.0,0.0,1.8,
Saudi Arabia,SAU,2008,432.33641,15.75722,0.0,0.0,6.2,
Saudi Arabia,SAU,2009,465.844309,16.354712,0.0,0.0,-2.1,
Saudi Arabia,SAU,2010,517.715947,17.602244,0.0,0.0,5.0,
Saudi Arabia,SAU,2011,497.65901,16.505586,0.0039987206,0.01,11.0,
Saudi Arabia,SAU,2012,566.825509,18.390562,0.011041184,0.03,5.4,
Saudi Arabia,SAU,2013,544.563559,17.297343,0.014081532,0.04,2.9,
Saudi Arabia,SAU,2014,612.841904,19.076456,0.016032835,0.05,4.0,
Saudi Arabia,SAU,2015,678.849315,20.72832,0.01477585,0.05,4.7,
Saudi Arabia,SAU,2016,642.859808,19.237928,0.014817889,0.05,2.4,
Saudi Arabia,SAU,2017,643.638561,18.823627,0.019753365,0.07,-0.1,
Saudi Arabia,SAU,2018,626.191138,17.881911,0.047781166,0.16,2.8,
Saudi Arabia,SAU,2019,656.481441,18.323466,0.062602475,0.21,0.8,
Saudi Arabia,SAU,2020,661.192959,18.367947,0.062124662,0.21,-4.3,
Saudi Arabia,SAU,2021,672.37987,18.702989,0.23274073,,3.9,
Sudan,SDN,1990,4.768885,0.226111,,,0.8,
Sudan,SDN,1991,4.46648,0.208191,,,7.0,
Sudan,SDN,1992,3.989272,0.183162,,,5.5,
Sudan,SDN,1993,2.74633,0.123914,,,2.8,
Sudan,SDN,1994,3.784971,0.166712,,,3.5,
Sudan,SDN,1995,3.90288,0.167573,,,8.9,
Sudan,SDN,1996,4.027584,0.168785,,,5.5,
Sudan,SDN,1997,4.940026,0.20201,,,6.1,
Sudan,SDN,1998,4.285317,0.171213,,,8.2,
Sudan,SDN,1999,4.645209,0.181212,,,4.2,
Sudan,SDN,2000,5.055397,0.192229,49.416344,1.27,8.4,
Sudan,SDN,2001,5.817098,0.21587,48.239437,1.37,10.9,
Sudan,SDN,2002,7.417876,0.269053,45.454548,1.4,5.9,
Sudan,SDN,2003,8.284643,0.293897,39.221558,1.3099999999999998,6.3,
Sudan,SDN,2004,10.470832,0.363173,36.7052,1.27,5.1,
Sudan,SDN,2005,10.028067,0.339468,37.795277,1.44,5.6,
Sudan,SDN,2006,10.983681,0.362104,35.650223,1.59,6.5,
Sudan,SDN,2007,12.904736,0.413731,34.412956,1.7,5.7,
Sudan,SDN,2008,13.634101,0.425199,32.282005,1.74,3.8,
Sudan,SDN,2009,14.188878,0.430643,53.582554,3.4400000000000004,-2.8,
Sudan,SDN,2010,14.397601,0.426723,83.2,6.239999999999999,3.9,
Sudan,SDN,2011,14.016871,0.407235,78.06913,6.550000000000001,-3.2,
Sudan,SDN,2012,15.213415,0.432694,74.5182,6.96,-17.0,
Sudan,SDN,2013,17.00785,0.472562,83.30078,8.53,2.0,
Sudan,SDN,2014,17.535627,0.473894,81.455185,9.18,4.7,
Sudan,SDN,2015,21.189521,0.555118,70.12481,8.99,4.9,
Sudan,SDN,2016,20.037709,0.508866,62.86322,8.87,4.7,
Sudan,SDN,2017,22.431576,0.551418,66.491455,10.12,0.8,
Sudan,SDN,2018,21.864312,0.520591,65.93337,10.49,-2.3,
Sudan,SDN,2019,21.952047,0.507772,65.88957,10.739999999999998,-2.5,
Sudan,SDN,2020,20.035506,0.450839,67.90049,11.19,-3.6,
Sudan,SDN,2021,21.038215,0.460786,66.12417,10.969999999999999,0.5,
Senegal,SEN,1990,3.138804,0.416508,,,-0.7,
Senegal,SEN,1991,3.379206,0.435785,,,2.6,
Senegal,SEN,1992,3.422666,0.429201,,,1.2,
Senegal,SEN,1993,3.538709,0.431731,,,1.3,
Senegal,SEN,1994,3.83695,0.455857,,,-0.2,
Senegal,SEN,1995,3.430121,0.397341,,,6.1,
Senegal,SEN,1996,3.664147,0.414336,,,1.9,
Senegal,SEN,1997,3.182368,0.351583,,,2.7,
Senegal,SEN,1998,3.333565,0.359937,,,6.0,
Senegal,SEN,1999,3.603593,0.380183,,,6.0,
Senegal,SEN,2000,3.902052,0.402096,3.472222,0.05,3.9,
Senegal,SEN,2001,4.2581,0.428465,3.5502958,0.06,4.3,
Senegal,SEN,2002,4.436925,0.435807,13.966481,0.25,0.1,
Senegal,SEN,2003,4.927512,0.472232,20.10582,0.38,5.6,
Senegal,SEN,2004,5.238223,0.489613,17.58794,0.35,4.6,
Senegal,SEN,2005,5.538919,0.504728,14.537445,0.33,4.3,
Senegal,SEN,2006,4.42239,0.392634,12.775331,0.29000000000000004,2.3,
Senegal,SEN,2007,4.862531,0.420493,10.121457,0.25,2.8,
Senegal,SEN,2008,4.740295,0.399252,11.196912,0.29000000000000004,3.7,
Senegal,SEN,2009,5.257668,0.431132,11.278195,0.3,2.8,
Senegal,SEN,2010,6.862391,0.547672,14.893618,0.42000000000000004,3.4,
Senegal,SEN,2011,7.818837,0.607247,14.335665,0.41000000000000003,1.3,
Senegal,SEN,2012,7.362129,0.556395,15.141955,0.48,4.0,
Senegal,SEN,2013,7.852669,0.57759,15.151515,0.5,2.4,
Senegal,SEN,2014,8.72436,0.624493,14.520547,0.53,6.2,
Senegal,SEN,2015,9.845416,0.685796,14.432989,0.56,6.4,
Senegal,SEN,2016,10.015698,0.678968,11.990407,0.5,6.4,
Senegal,SEN,2017,10.760132,0.709875,13.392858,0.6,7.4,
Senegal,SEN,2018,11.330392,0.727477,15.203425,0.71,6.2,
Senegal,SEN,2019,12.761457,0.797552,13.926498,0.72,4.6,
Senegal,SEN,2020,12.743876,0.775358,19.27481,1.01,1.3,
Senegal,SEN,2021,13.59791,0.80572,20.142603,1.1300000000000001,6.5,
Singapore,SGP,1990,43.535575,14.405216,0.54425776,0.085,9.8,13.482553
Singapore,SGP,1991,44.235472,14.175219,1.4762061,0.245,6.7,13.482553
Singapore,SGP,1992,47.441472,14.695811,1.3965604,0.245,6.6,13.482553
Singapore,SGP,1993,49.661856,14.894992,1.2920306,0.245,11.5,13.482553
Singapore,SGP,1994,60.085936,17.473887,1.1849831,0.245,11.1,13.482553
Singapore,SGP,1995,40.545824,11.441099,1.1107384,0.245,7.2,13.482553
Singapore,SGP,1996,48.012941,13.147376,1.0247016,0.245,7.5,13.482553
Singapore,SGP,1997,56.73704,15.087034,0.9172801,0.245,8.3,13.482553
Singapore,SGP,1998,47.41216,12.262951,0.86344224,0.245,-2.2,13.482553
Singapore,SGP,1999,49.200192,12.40399,0.8299458,0.245,5.7,13.482553
Singapore,SGP,2000,48.394112,11.938546,0.0,0.0,9.0,13.482553
Singapore,SGP,2001,49.200212,11.937925,0.0,0.0,-1.1,13.482553
Singapore,SGP,2002,47.093392,11.275009,0.0,0.0,3.9,13.482553
Singapore,SGP,2003,49.438352,11.697473,0.0,0.0,4.5,13.482553
Singapore,SGP,2004,46.858896,10.97295,0.0,0.0,9.9,13.482553
Singapore,SGP,2005,40.32232,9.280941,0.0,0.0,7.4,13.482553
Singapore,SGP,2006,46.470512,10.357662,0.0,0.0,9.0,13.482553
Singapore,SGP,2007,47.184992,10.118465,0.0,0.0,9.0,13.482553
Singapore,SGP,2008,59.990672,12.398861,0.0,0.0,1.9,13.482553
Singapore,SGP,2009,43.128944,8.607362,0.0,0.0,0.1,13.482553
Singapore,SGP,2010,55.066256,10.664335,0.0,0.0,14.5,13.482553
Singapore,SGP,2011,31.206288,5.908778,0.022899017,0.01,6.2,13.482553
Singapore,SGP,2012,48.32816,8.981252,0.022461815,0.01,4.4,13.482553
Singapore,SGP,2013,50.881968,9.288327,0.35041612,0.16,4.8,13.482553
Singapore,SGP,2014,52.252304,9.380179,0.59625214,0.27999999999999997,3.9,13.482553
Singapore,SGP,2015,56.465904,9.993933,0.85666525,0.41000000000000003,3.0,13.482553
Singapore,SGP,2016,35.654384,6.242087,1.0792098,0.53,3.6,13.482553
Singapore,SGP,2017,37.156624,6.445782,1.1064173,0.55,4.5,13.482553
Singapore,SGP,2018,46.01984,7.914618,1.3061548,0.6599999999999999,3.6,13.482553
Singapore,SGP,2019,29.91656,5.099641,1.6231884,0.84,1.3,13.482553
Singapore,SGP,2020,29.909495,5.06094,1.808176,0.9199999999999999,-3.9,13.482553
Singapore,SGP,2021,32.506889,5.471564,2.0755422,1.11,8.9,13.482553
Saint Helena,SHN,1990,0.007328,1.108959,,,,
Saint Helena,SHN,1991,0.007328,1.115882,,,,
Saint Helena,SHN,1992,0.007328,1.124271,,,,
Saint Helena,SHN,1993,0.010992,1.700758,,,,
Saint Helena,SHN,1994,0.010992,1.716963,,,,
Saint Helena,SHN,1995,0.010992,1.732661,,,,
Saint Helena,SHN,1996,0.010992,1.748648,,,,
Saint Helena,SHN,1997,0.010992,1.766067,,,,
Saint Helena,SHN,1998,0.010992,1.784416,,,,
Saint Helena,SHN,1999,0.010992,1.804037,,,,
Saint Helena,SHN,2000,0.010992,1.824701,,,,
Saint Helena,SHN,2001,0.010992,1.84926,,,,
Saint Helena,SHN,2002,0.010992,1.878653,,,,
Saint Helena,SHN,2003,0.010992,1.91265,,,,
Saint Helena,SHN,2004,0.010992,1.949628,,,,
Saint Helena,SHN,2005,0.010992,1.986985,,,,
Saint Helena,SHN,2006,0.010992,2.025802,,,,
Saint Helena,SHN,2007,0.010992,2.068888,,,,
Saint Helena,SHN,2008,0.010992,2.089734,,,,
Saint Helena,SHN,2009,0.010992,2.079849,,,,
Saint Helena,SHN,2010,0.010992,2.065777,,,,
Saint Helena,SHN,2011,0.010992,2.052278,,,,
Saint Helena,SHN,2012,0.010992,2.039711,,,,
Saint Helena,SHN,2013,0.010992,2.027296,,,,
Saint Helena,SHN,2014,0.010992,2.014294,,,,
Saint Helena,SHN,2015,0.010992,1.999636,,,,
Saint Helena,SHN,2016,0.014656,2.659891,,,,
Saint Helena,SHN,2017,0.010992,2.000364,,,,
Saint Helena,SHN,2018,0.010992,2.008772,,,,
Saint Helena,SHN,2019,0.014656,2.690655,,,,
Saint Helena,SHN,2020,0.012513,2.308731,,,,
Saint Helena,SHN,2021,0.013785,2.550917,,,,
Solomon Islands,SLB,1990,0.14656,0.452107,,,2.2,
Solomon Islands,SLB,1991,0.157552,0.47178,,,6.0,
Solomon Islands,SLB,1992,0.161216,0.468766,,,12.7,
Solomon Islands,SLB,1993,0.172208,0.486345,,,4.0,
Solomon Islands,SLB,1994,0.1832,0.502599,,,8.1,
Solomon Islands,SLB,1995,0.190528,0.507819,,,10.1,
Solomon Islands,SLB,1996,0.197856,0.512489,,,1.6,
Solomon Islands,SLB,1997,0.205184,0.516771,,,-0.9,
Solomon Islands,SLB,1998,0.216176,0.529655,,,1.3,
Solomon Islands,SLB,1999,0.216176,0.515651,,,-0.5,
Solomon Islands,SLB,2000,0.223504,0.519803,0.0,0.0,-14.3,
Solomon Islands,SLB,2001,0.234496,0.532467,0.0,0.0,-8.0,
Solomon Islands,SLB,2002,0.245488,0.544609,0.0,0.0,-2.8,
Solomon Islands,SLB,2003,0.25648,0.556095,0.0,0.0,6.5,
Solomon Islands,SLB,2004,0.2748,0.582469,0.0,0.0,6.7,
Solomon Islands,SLB,2005,0.282128,0.584738,0.0,0.0,5.5,
Solomon Islands,SLB,2006,0.289456,0.58662,0.0,0.0,4.9,
Solomon Islands,SLB,2007,0.300448,0.595396,0.0,0.0,4.4,
Solomon Islands,SLB,2008,0.307776,0.596464,0.0,0.0,5.8,
Solomon Islands,SLB,2009,0.318768,0.603918,0.0,0.0,2.6,
Solomon Islands,SLB,2010,0.32976,0.610221,0.0,0.0,8.6,
Solomon Islands,SLB,2011,0.344416,0.622003,0.0,0.0,7.3,
Solomon Islands,SLB,2012,0.34808,0.613073,0.0,0.0,1.4,
Solomon Islands,SLB,2013,0.373728,0.641742,0.0,0.0,5.2,
Solomon Islands,SLB,2014,0.32976,0.552015,0.0,0.0,1.2,
Solomon Islands,SLB,2015,0.29312,0.478438,0.0,0.0,1.7,
Solomon Islands,SLB,2016,0.289456,0.460842,0.0,0.0,5.6,
Solomon Islands,SLB,2017,0.285792,0.444029,0.0,0.0,3.1,
Solomon Islands,SLB,2018,0.289456,0.439069,0.0,0.0,2.7,
Solomon Islands,SLB,2019,0.29312,0.434256,0.0,0.0,1.7,
Solomon Islands,SLB,2020,0.309364,0.447581,0.0,0.0,-3.4,
Solomon Islands,SLB,2021,0.317925,0.449141,0.0,0.0,-0.6,
Sierra Leone,SLE,1990,0.516624,0.11944,,,1.6,
Sierra Leone,SLE,1991,0.582576,0.133064,,,-8.0,
Sierra Leone,SLE,1992,0.318768,0.074105,,,-9.6,
Sierra Leone,SLE,1993,0.322432,0.075059,,,0.1,
Sierra Leone,SLE,1994,0.34808,0.080668,,,3.5,
Sierra Leone,SLE,1995,0.230832,0.053382,,,-10.0,
Sierra Leone,SLE,1996,0.307776,0.070796,,,-24.8,
Sierra Leone,SLE,1997,0.223504,0.050738,,,-17.6,
Sierra Leone,SLE,1998,0.241824,0.054343,,,-0.8,
Sierra Leone,SLE,1999,0.194192,0.043393,,,-8.1,
Sierra Leone,SLE,2000,0.32976,0.071936,12.5,0.01,3.8,
Sierra Leone,SLE,2001,0.432352,0.089015,7.692308,0.01,18.2,
Sierra Leone,SLE,2002,0.501968,0.097657,13.333333,0.02,26.4,
Sierra Leone,SLE,2003,0.534944,0.099973,14.285714,0.02,9.3,
Sierra Leone,SLE,2004,0.520288,0.094028,16.666668,0.02,6.6,
Sierra Leone,SLE,2005,0.425024,0.074784,25.0,0.02,4.5,
Sierra Leone,SLE,2006,0.578912,0.099644,0.0,0.0,4.2,
Sierra Leone,SLE,2007,0.487312,0.082051,33.333336,0.02,8.1,
Sierra Leone,SLE,2008,0.505632,0.083015,33.333336,0.02,5.4,
Sierra Leone,SLE,2009,0.501968,0.080189,33.333336,0.02,3.2,
Sierra Leone,SLE,2010,0.542272,0.084247,75.0,0.12,5.3,
Sierra Leone,SLE,2011,0.710816,0.107498,88.2353,0.15,6.3,
Sierra Leone,SLE,2012,0.831728,0.122519,66.666664,0.12,15.2,
Sierra Leone,SLE,2013,1.0076,0.144669,66.666664,0.1,20.7,
Sierra Leone,SLE,2014,1.110192,0.155474,78.94737,0.15,4.6,
Sierra Leone,SLE,2015,1.04464,0.142812,73.68421,0.13999999999999999,-20.5,
Sierra Leone,SLE,2016,1.150496,0.153524,72.72727,0.16,6.4,
Sierra Leone,SLE,2017,1.055232,0.137444,73.91304,0.17,3.8,
Sierra Leone,SLE,2018,1.036912,0.131901,76.92308,0.2,3.5,
Sierra Leone,SLE,2019,1.1908,0.147984,90.4762,0.19,5.3,
Sierra Leone,SLE,2020,1.216472,0.147738,90.4762,0.19,-2.0,
Sierra Leone,SLE,2021,1.299404,0.154312,90.4762,0.19,4.1,
El Salvador,SLV,1990,2.475071,0.461149,,,4.8,
El Salvador,SLV,1991,3.154717,0.577674,,,1.5,
El Salvador,SLV,1992,3.316777,0.59738,,,7.0,
El Salvador,SLV,1993,3.975594,0.706021,,,5.8,
El Salvador,SLV,1994,4.512672,0.792665,,,4.7,
El Salvador,SLV,1995,4.998356,0.869552,,,4.7,
El Salvador,SLV,1996,4.41449,0.761495,,,0.8,
El Salvador,SLV,1997,5.415735,0.926933,,,3.1,
El Salvador,SLV,1998,5.731188,0.97385,,,2.7,
El Salvador,SLV,1999,5.587859,0.943281,,,2.2,
El Salvador,SLV,2000,5.670975,0.951748,54.42359,2.03,1.1,
El Salvador,SLV,2001,5.857395,0.978173,61.477573,2.3300001,0.9,
El Salvador,SLV,2002,6.069883,1.00975,60.453403,2.4,1.6,
El Salvador,SLV,2003,6.434851,1.067697,65.80796,2.81,1.6,
El Salvador,SLV,2004,6.253812,1.036145,62.903225,2.7300000000000004,0.9,
El Salvador,SLV,2005,6.297707,1.043044,65.180466,3.07,2.7,
El Salvador,SLV,2006,6.717812,1.113246,62.32143,3.49,4.4,
El Salvador,SLV,2007,6.84558,1.1326,61.36364,3.51,1.8,
El Salvador,SLV,2008,6.404717,1.055473,65.27546,3.9099999999999997,2.1,
El Salvador,SLV,2009,6.312459,1.036326,59.31624,3.4699999999999998,-2.1,
El Salvador,SLV,2010,6.318629,1.033463,66.49917,3.9699999999999998,2.1,
El Salvador,SLV,2011,6.499405,1.058992,67.651886,4.119999999999999,3.8,
El Salvador,SLV,2012,6.471882,1.05041,66.773155,4.18,2.8,
El Salvador,SLV,2013,6.094472,0.985261,65.70973,4.12,2.2,
El Salvador,SLV,2014,6.151155,0.9906,66.34615,4.1399998,1.7,
El Salvador,SLV,2015,6.667772,1.070085,59.400997,3.5700000000000003,2.4,
El Salvador,SLV,2016,6.595795,1.055241,61.12957,3.6799999999999997,2.5,
El Salvador,SLV,2017,5.9697,0.952614,71.76685,3.94,2.3,
El Salvador,SLV,2018,6.409551,1.021224,74.10882,3.95,2.4,
El Salvador,SLV,2019,7.422948,1.181957,69.28214,4.15,2.5,
El Salvador,SLV,2020,6.500975,1.033093,79.39297,4.970000000000001,-7.9,
El Salvador,SLV,2021,7.204384,1.140987,79.57317,5.220000000000001,11.2,
Somalia,SOM,1990,0.730901,0.104428,,,,
Somalia,SOM,1991,0.707587,0.105097,,,,
Somalia,SOM,1992,0.680744,0.105901,,,,
Somalia,SOM,1993,0.640424,0.09673,,,,
Somalia,SOM,1994,0.629417,0.090436,,,,
Somalia,SOM,1995,0.589097,0.081695,,,,
Somalia,SOM,1996,0.56792,0.076002,,,,
Somalia,SOM,1997,0.538608,0.069639,,,,
Somalia,SOM,1998,0.51296,0.063667,,,,
Somalia,SOM,1999,0.490976,0.058558,,,,
Somalia,SOM,2000,0.479984,0.055035,0.0,0.0,,
Somalia,SOM,2001,0.501968,0.055339,0.0,0.0,,
Somalia,SOM,2002,0.58624,0.062292,0.0,0.0,,
Somalia,SOM,2003,0.593568,0.060827,0.0,0.0,,
Somalia,SOM,2004,0.593568,0.058668,0.0,0.0,,
Somalia,SOM,2005,0.593568,0.056707,0.0,0.0,,
Somalia,SOM,2006,0.593568,0.055037,0.0,0.0,,
Somalia,SOM,2007,0.608224,0.054706,0.0,0.0,,
Somalia,SOM,2008,0.600896,0.052504,0.0,0.0,,
Somalia,SOM,2009,0.597232,0.050915,0.0,0.0,,
Somalia,SOM,2010,0.611888,0.050878,0.0,0.0,,
Somalia,SOM,2011,0.611888,0.050086,0.0,0.0,,
Somalia,SOM,2012,0.608224,0.048891,0.0,0.0,1.2,
Somalia,SOM,2013,0.630208,0.049034,0.0,0.0,5.7,
Somalia,SOM,2014,0.630208,0.047351,0.0,0.0,2.7,
Somalia,SOM,2015,0.630208,0.045787,0.0,0.0,4.6,
Somalia,SOM,2016,0.637536,0.044605,2.9411764,0.01,-1.3,
Somalia,SOM,2017,0.637536,0.042891,5.714286,0.02,9.5,
Somalia,SOM,2018,0.637536,0.041369,5.714286,0.02,3.0,
Somalia,SOM,2019,0.637536,0.039893,5.714286,0.02,3.6,
Somalia,SOM,2020,0.578264,0.034968,7.894737,0.03,-2.6,
Somalia,SOM,2021,0.610374,0.035766,9.756098,0.04,3.3,
Saint Pierre and Miquelon,SPM,1990,0.0916,14.484503,,,,
Saint Pierre and Miquelon,SPM,1991,0.102592,16.153677,,,,
Saint Pierre and Miquelon,SPM,1992,0.095264,14.943373,,,,
Saint Pierre and Miquelon,SPM,1993,0.07328,11.457161,,,,
Saint Pierre and Miquelon,SPM,1994,0.069616,10.86392,,,,
Saint Pierre and Miquelon,SPM,1995,0.069616,10.857143,,,,
Saint Pierre and Miquelon,SPM,1996,0.069616,10.86053,,,,
Saint Pierre and Miquelon,SPM,1997,0.047632,7.449484,,,,
Saint Pierre and Miquelon,SPM,1998,0.05496,8.66467,,,,
Saint Pierre and Miquelon,SPM,1999,0.05496,8.733513,,,,
Saint Pierre and Miquelon,SPM,2000,0.05496,8.759962,0.0,0.0,,
Saint Pierre and Miquelon,SPM,2001,0.05496,8.77815,0.0,0.0,,
Saint Pierre and Miquelon,SPM,2002,0.058624,9.393366,0.0,0.0,,
Saint Pierre and Miquelon,SPM,2003,0.062288,10.043212,0.0,0.0,,
Saint Pierre and Miquelon,SPM,2004,0.058624,9.516883,0.0,0.0,,
Saint Pierre and Miquelon,SPM,2005,0.062288,10.1861,0.0,0.0,,
Saint Pierre and Miquelon,SPM,2006,0.065952,10.852723,0.0,0.0,,
Saint Pierre and Miquelon,SPM,2007,0.065952,10.875989,0.0,0.0,,
Saint Pierre and Miquelon,SPM,2008,0.065952,10.884965,0.0,0.0,,
Saint Pierre and Miquelon,SPM,2009,0.065952,10.893954,0.0,0.0,,
Saint Pierre and Miquelon,SPM,2010,0.065952,10.897555,0.0,0.0,,
Saint Pierre and Miquelon,SPM,2011,0.065952,10.910174,0.0,0.0,,
Saint Pierre and Miquelon,SPM,2012,0.065952,10.942758,0.0,0.0,,
Saint Pierre and Miquelon,SPM,2013,0.065952,10.982848,0.0,0.0,,
Saint Pierre and Miquelon,SPM,2014,0.065952,11.012189,0.0,0.0,,
Saint Pierre and Miquelon,SPM,2015,0.065952,11.032452,0.0,0.0,,
Saint Pierre and Miquelon,SPM,2016,0.065952,11.056496,0.0,0.0,,
Saint Pierre and Miquelon,SPM,2017,0.065952,11.071345,0.0,0.0,,
Saint Pierre and Miquelon,SPM,2018,0.058624,9.862719,0.0,0.0,,
Saint Pierre and Miquelon,SPM,2019,0.065952,11.131139,0.0,0.0,,
Saint Pierre and Miquelon,SPM,2020,0.05631,9.534364,0.0,0.0,,
Saint Pierre and Miquelon,SPM,2021,0.062033,10.544484,0.0,0.0,,
Serbia,SRB,1990,56.448232,7.067046,19.219912,7.49,,
Serbia,SRB,1991,39.984648,5.020387,25.404833,9.57,,
Serbia,SRB,1992,43.684259,5.49937,26.7269,9.17,,
Serbia,SRB,1993,38.095731,4.787658,26.90254,8.06,,
Serbia,SRB,1994,37.040113,4.647471,28.942245,8.92,,
Serbia,SRB,1995,39.140834,4.903354,30.764448,9.9,,
Serbia,SRB,1996,45.824661,5.732779,35.530792,11.48,,
Serbia,SRB,1997,49.264636,6.159985,29.838024,10.5,,
Serbia,SRB,1998,51.882062,6.497029,29.293217,10.32,3.3,
Serbia,SRB,1999,35.790747,4.49647,36.133636,11.14,-9.4,
Serbia,SRB,2000,44.950193,5.664785,30.735523,9.82,6.1,
Serbia,SRB,2001,49.307928,6.227484,30.36537,9.89,6.9,
Serbia,SRB,2002,52.229865,6.607805,29.873644,9.93,6.4,
Serbia,SRB,2003,55.823539,7.077502,25.510801,8.74,4.4,
Serbia,SRB,2004,60.16674,7.651497,28.556065,10.62,9.0,
Serbia,SRB,2005,51.634114,6.5936,31.818182,11.41,5.5,
Serbia,SRB,2006,60.838317,7.804996,28.854197,10.35,5.1,
Serbia,SRB,2007,59.554391,7.676341,26.299694,9.46,6.4,
Serbia,SRB,2008,51.778176,6.704591,25.964151,9.56,5.7,
Serbia,SRB,2009,45.895094,5.969679,27.950146,10.54,-2.7,
Serbia,SRB,2010,45.696426,5.970464,31.774454,11.89,0.7,
Serbia,SRB,2011,48.95708,6.42404,22.803787,8.67,2.0,
Serbia,SRB,2012,43.74416,5.762369,25.697708,9.299999999999999,-0.7,
Serbia,SRB,2013,44.569121,5.890185,26.05149,10.219999999999999,2.9,
Serbia,SRB,2014,37.207978,4.932155,32.98445,11.03,-1.6,
Serbia,SRB,2015,43.777417,5.821855,26.895449,10.11,1.8,
Serbia,SRB,2016,45.039818,6.010688,28.127428,10.859999999999998,3.3,
Serbia,SRB,2017,45.529551,6.099167,25.493963,9.290000000000001,2.1,
Serbia,SRB,2018,44.320356,5.961991,29.724571,10.9,4.5,
Serbia,SRB,2019,44.344499,5.991645,28.513292,10.510000000000002,4.3,
Serbia,SRB,2020,44.549156,6.054516,27.42412,10.209999999999999,-0.9,
Serbia,SRB,2021,30.868986,4.230501,33.43219,12.4,7.5,
South Sudan,SSD,1990,0.433885,0.091329,,,,
South Sudan,SSD,1991,0.406424,0.083503,,,,
South Sudan,SSD,1992,0.363402,0.073311,,,,
South Sudan,SSD,1993,0.250506,0.04992,,,,
South Sudan,SSD,1994,0.344484,0.066983,,,,
South Sudan,SSD,1995,0.356079,0.067159,,,,
South Sudan,SSD,1996,0.367368,0.067594,,,,
South Sudan,SSD,1997,0.449752,0.080465,,,,
South Sudan,SSD,1998,0.389947,0.068419,,,,
South Sudan,SSD,1999,0.422901,0.072289,,,,
South Sudan,SSD,2000,0.459821,0.075202,,,,
South Sudan,SSD,2001,0.529084,0.082741,,,,
South Sudan,SSD,2002,0.674322,0.100854,,,,
South Sudan,SSD,2003,0.753349,0.107739,,,,
South Sudan,SSD,2004,0.951984,0.130104,,,,
South Sudan,SSD,2005,0.912013,0.119021,,,,
South Sudan,SSD,2006,0.998668,0.124375,,,,
South Sudan,SSD,2007,1.173199,0.139371,,,,
South Sudan,SSD,2008,1.239105,0.140426,,,,
South Sudan,SSD,2009,1.290671,0.139846,,,,
South Sudan,SSD,2010,1.31325,0.135186,,,,
South Sudan,SSD,2011,1.281212,0.125081,,,,
South Sudan,SSD,2012,1.330032,0.124283,0.0,0.0,-50.3,
South Sudan,SSD,2013,1.443616,0.129985,0.0,0.0,27.3,
South Sudan,SSD,2014,1.524224,0.13593,0.0,0.0,1.6,
South Sudan,SSD,2015,1.912608,0.170856,0.0,0.0,-0.2,
South Sudan,SSD,2016,1.70376,0.153962,0.0,0.0,-13.3,
South Sudan,SSD,2017,1.454608,0.136477,0.0,0.0,-5.8,
South Sudan,SSD,2018,1.498576,0.144159,1.7857143,0.01,-2.1,
South Sudan,SSD,2019,1.652464,0.158166,1.7857143,0.01,0.9,
South Sudan,SSD,2020,1.498835,0.141316,1.8518518,0.01,-6.5,
South Sudan,SSD,2021,1.58206,0.147192,1.754386,0.01,5.3,
Sao Tome and Principe,STP,1990,0.047632,0.395802,,,-2.2,
Sao Tome and Principe,STP,1991,0.047632,0.386988,,,1.2,
Sao Tome and Principe,STP,1992,0.047632,0.379091,,,0.7,
Sao Tome and Principe,STP,1993,0.047632,0.371597,,,1.1,
Sao Tome and Principe,STP,1994,0.047632,0.364532,,,2.2,
Sao Tome and Principe,STP,1995,0.047632,0.357928,,,2.0,
Sao Tome and Principe,STP,1996,0.047632,0.351756,,,1.5,
Sao Tome and Principe,STP,1997,0.047632,0.346022,,,1.0,
Sao Tome and Principe,STP,1998,0.047632,0.34074,,,2.5,
Sao Tome and Principe,STP,1999,0.047632,0.335891,,,2.5,
Sao Tome and Principe,STP,2000,0.047632,0.331436,33.333336,0.01,0.4,
Sao Tome and Principe,STP,2001,0.051296,0.350723,0.0,0.0,2.4,
Sao Tome and Principe,STP,2002,0.058624,0.391241,33.333336,0.01,2.4,
Sao Tome and Principe,STP,2003,0.065952,0.428923,33.333336,0.01,6.6,
Sao Tome and Principe,STP,2004,0.07328,0.464689,25.0,0.01,3.8,
Sao Tome and Principe,STP,2005,0.076944,0.475903,0.0,0.0,7.1,
Sao Tome and Principe,STP,2006,0.084272,0.508505,25.0,0.01,9.1,
Sao Tome and Principe,STP,2007,0.084272,0.49617,25.0,0.01,3.3,
Sao Tome and Principe,STP,2008,0.084272,0.484311,20.0,0.01,8.2,
Sao Tome and Principe,STP,2009,0.0916,0.514237,20.0,0.01,3.3,
Sao Tome and Principe,STP,2010,0.098928,0.543149,0.0,0.0,1.4,
Sao Tome and Principe,STP,2011,0.098928,0.531745,16.666668,0.01,2.0,
Sao Tome and Principe,STP,2012,0.117248,0.617342,16.666668,0.01,2.9,
Sao Tome and Principe,STP,2013,0.120912,0.624039,14.285714,0.01,5.1,
Sao Tome and Principe,STP,2014,0.117248,0.59367,12.5,0.01,4.9,
Sao Tome and Principe,STP,2015,0.120912,0.601181,12.5,0.01,1.5,
Sao Tome and Principe,STP,2016,0.124576,0.608781,11.111111,0.01,5.2,
Sao Tome and Principe,STP,2017,0.12824,0.616432,11.111111,0.01,4.1,
Sao Tome and Principe,STP,2018,0.131904,0.62412,11.111111,0.01,4.4,
Sao Tome and Principe,STP,2019,0.131904,0.614653,11.111111,0.01,2.0,
Sao Tome and Principe,STP,2020,0.124398,0.568961,10.0,0.01,2.6,
Sao Tome and Principe,STP,2021,0.131978,0.591547,10.0,0.01,1.9,
Suriname,SUR,1990,1.737368,4.209189,,,-1.5,
Suriname,SUR,1991,2.023142,4.863544,,,-13.8,
Suriname,SUR,1992,2.030452,4.839929,,,3.9,
Suriname,SUR,1993,2.037762,4.824533,,,-2.2,
Suriname,SUR,1994,2.042253,4.787862,,,-7.0,
Suriname,SUR,1995,2.060551,4.742459,,,11.3,
Suriname,SUR,1996,2.082514,4.6921,,,11.2,
Suriname,SUR,1997,2.104476,4.646801,,,7.0,
Suriname,SUR,1998,2.104454,4.557572,,,2.2,
Suriname,SUR,1999,2.122753,4.512098,,,-0.9,
Suriname,SUR,2000,2.192347,4.576944,50.714287,0.71,-0.1,
Suriname,SUR,2001,2.362832,4.84789,51.40845,0.73,4.9,
Suriname,SUR,2002,1.560114,3.147511,51.748253,0.74,3.7,
Suriname,SUR,2003,1.537767,3.052457,52.083332,0.75,6.2,
Suriname,SUR,2004,1.555785,3.047142,52.41379,0.76,7.3,
Suriname,SUR,2005,1.58852,3.077215,53.94737,0.82,4.9,
Suriname,SUR,2006,1.73856,3.330428,55.12821,0.86,5.8,
Suriname,SUR,2007,1.756384,3.326825,55.12821,0.86,5.1,
Suriname,SUR,2008,1.935232,3.624451,55.12821,0.86,4.1,
Suriname,SUR,2009,1.994368,3.693362,55.12821,0.86,3.0,
Suriname,SUR,2010,2.37372,4.346836,71.42858,1.2,5.2,
Suriname,SUR,2011,2.447272,4.432292,54.497356,1.03,5.8,
Suriname,SUR,2012,2.184304,3.913745,43.386242,0.82,2.7,
Suriname,SUR,2013,2.839612,5.035247,43.229168,0.83,2.9,
Suriname,SUR,2014,2.885522,5.065145,28.645834,0.55,0.3,
Suriname,SUR,2015,2.409202,4.186459,25.128204,0.49,-3.4,
Suriname,SUR,2016,2.349171,4.040173,41.666668,0.8,-4.9,
Suriname,SUR,2017,2.111302,3.593344,49.468086,0.93,1.6,
Suriname,SUR,2018,1.869478,3.148779,52.910053,1.0,4.9,
Suriname,SUR,2019,2.68287,4.469209,49.230766,0.96,1.1,
Suriname,SUR,2020,2.607637,4.295482,51.041668,0.98,-15.9,
Suriname,SUR,2021,2.793206,4.556728,50.49505,1.02,-2.7,
Slovakia,SVK,1990,61.470187,11.683449,7.3754416,1.88,,62.04295
Slovakia,SVK,1991,53.283798,10.091196,5.812036,1.41,,62.04295
Slovakia,SVK,1992,48.884203,9.220143,8.347676,1.94,,62.04295
Slovakia,SVK,1993,46.348516,8.709084,14.428275,3.47,,62.04295
Slovakia,SVK,1994,43.754326,8.195519,17.11818,4.36,6.2,62.04295
Slovakia,SVK,1995,44.142329,8.250907,18.463867,4.88,7.9,62.04295
Slovakia,SVK,1996,44.023477,8.215958,16.614298,4.23,6.9,62.04295
Slovakia,SVK,1997,44.095513,8.217838,16.214056,4.06,4.4,62.04295
Slovakia,SVK,1998,43.824664,8.159375,16.595415,4.27,4.1,62.04295
Slovakia,SVK,1999,43.035493,8.007169,15.901813,4.47,-0.1,62.04295
Slovakia,SVK,2000,41.135935,7.650792,14.977258,4.61,1.2,62.04295
Slovakia,SVK,2001,43.220929,8.038925,15.959786,5.08,3.3,62.04295
Slovakia,SVK,2002,41.960933,7.806386,16.84276,5.42,4.5,62.04295
Slovakia,SVK,2003,42.293771,7.869522,11.563308,3.58,5.5,62.04295
Slovakia,SVK,2004,42.780235,7.959216,13.563218,4.129999999999999,5.3,62.04295
Slovakia,SVK,2005,42.788856,7.958878,14.932992,4.68,6.6,62.04295
Slovakia,SVK,2006,42.552108,7.913381,15.411728,4.8100000000000005,8.5,62.04295
Slovakia,SVK,2007,40.968268,7.61721,17.714695,4.93,10.8,62.04295
Slovakia,SVK,2008,41.359045,7.685218,15.906719,4.57,5.6,62.04295
Slovakia,SVK,2009,37.622061,6.981365,19.003477,4.92,-5.5,62.04295
Slovakia,SVK,2010,38.403931,7.116552,21.69949,5.949999999999999,6.7,62.04295
Slovakia,SVK,2011,37.984837,7.03074,17.724213,5.0,2.7,62.04295
Slovakia,SVK,2012,35.910395,6.638661,19.369688,5.469999999999999,1.3,62.04295
Slovakia,SVK,2013,35.565563,6.568288,22.36287,6.359999999999999,0.6,62.04295
Slovakia,SVK,2014,33.656215,6.210128,23.076921,6.239999999999999,2.7,62.04295
Slovakia,SVK,2015,34.468229,6.354242,22.795778,6.05,5.2,62.04295
Slovakia,SVK,2016,34.912876,6.428203,24.850075,6.630000000000001,1.9,62.04295
Slovakia,SVK,2017,36.112652,6.639067,23.96482,6.54,2.9,62.04295
Slovakia,SVK,2018,36.102971,6.628357,21.866768,5.81,4.0,62.04295
Slovakia,SVK,2019,33.776188,6.193007,23.589926,6.65,2.5,62.04295
Slovakia,SVK,2020,31.094728,5.698469,24.026657,6.85,-3.3,62.04295
Slovakia,SVK,2021,35.308218,6.4814,23.57262,7.06,4.9,62.04295
Slovenia,SVN,1990,15.094849,7.600537,23.713827,2.95,,88.713989
Slovenia,SVN,1991,13.974238,7.022947,28.33595,3.61,,88.713989
Slovenia,SVN,1992,13.88342,6.971898,27.714748,3.42,,88.713989
Slovenia,SVN,1993,14.247177,7.153328,25.439331,3.04,2.8,88.713989
Slovenia,SVN,1994,14.636503,7.349675,26.377035,3.4,5.3,88.713989
Slovenia,SVN,1995,15.35418,7.711383,25.1938,3.25,4.1,88.713989
Slovenia,SVN,1996,15.999325,8.037168,28.122604,3.67,3.6,88.713989
Slovenia,SVN,1997,16.50685,8.295617,23.444613,3.09,5.0,88.713989
Slovenia,SVN,1998,16.038877,8.066714,25.145773,3.45,3.3,88.713989
Slovenia,SVN,1999,15.41235,7.759479,28.431372,3.77,5.3,88.713989
Slovenia,SVN,2000,15.05369,7.586249,28.655401,3.9,3.7,88.713989
Slovenia,SVN,2001,16.302567,8.223291,26.72652,3.8699999999999997,3.2,88.713989
Slovenia,SVN,2002,16.564489,8.350017,23.356163,3.41,3.5,88.713989
Slovenia,SVN,2003,16.271331,8.178969,22.270426,3.08,3.0,88.713989
Slovenia,SVN,2004,16.704502,8.365963,27.570398,4.21,4.4,88.713989
Slovenia,SVN,2005,16.932322,8.445984,23.626738,3.57,3.8,88.713989
Slovenia,SVN,2006,17.178324,8.531277,24.487095,3.6999999999999997,5.7,88.713989
Slovenia,SVN,2007,17.342812,8.571848,22.473404,3.38,7.0,88.713989
Slovenia,SVN,2008,18.278409,8.986289,26.264473,4.31,3.5,88.713989
Slovenia,SVN,2009,16.204024,7.921489,29.896278,4.9,-7.5,88.713989
Slovenia,SVN,2010,16.459522,8.000596,29.212791,4.749999999999999,1.3,88.713989
Slovenia,SVN,2011,16.358579,7.920093,24.371859,3.88,0.9,88.713989
Slovenia,SVN,2012,15.760511,7.61615,27.84566,4.33,-2.6,88.713989
Slovenia,SVN,2013,15.133322,7.302409,32.34177,5.109999999999999,-1.0,88.713989
Slovenia,SVN,2014,13.56817,6.539139,38.483967,6.6,2.8,88.713989
Slovenia,SVN,2015,13.653307,6.561371,29.391891,4.35,2.2,88.713989
Slovenia,SVN,2016,14.464584,6.920787,31.176834,5.06,3.2,88.713989
Slovenia,SVN,2017,14.622025,6.968205,27.663553,4.44,4.8,88.713989
Slovenia,SVN,2018,14.526712,6.898023,32.382133,5.22,4.5,88.713989
Slovenia,SVN,2019,14.048142,6.648746,31.718061,5.04,3.5,88.713989
Slovenia,SVN,2020,12.866237,6.07574,33.0373,5.58,-4.2,88.713989
Slovenia,SVN,2021,12.54933,5.921143,34.89416,5.4399999999999995,8.2,88.713989
Sweden,SWE,1990,57.58009,6.735769,51.00014,74.45,0.8,90.3162
Sweden,SWE,1991,57.950551,6.743006,44.30156,65.11,-1.1,90.3162
Sweden,SWE,1992,57.6889,6.676746,52.333317,76.37,-0.9,90.3162
Sweden,SWE,1993,57.725985,6.647851,52.91891,76.87,-1.8,90.3162
Sweden,SWE,1994,60.186577,6.899393,43.027332,61.4,3.9,90.3162
Sweden,SWE,1995,59.605074,6.805401,47.578903,70.54999999999998,3.9,90.3162
Sweden,SWE,1996,63.521837,7.230309,38.404095,54.0,1.6,90.3162
Sweden,SWE,1997,58.425368,6.633315,48.274235,72.03,3.1,90.3162
Sweden,SWE,1998,58.893226,6.670707,49.18446,78.1,4.3,90.3162
Sweden,SWE,1999,56.031844,6.332086,48.275642,74.75,4.2,90.3162
Sweden,SWE,2000,54.890663,6.187622,57.247128,83.13999999999999,4.8,90.3162
Sweden,SWE,2001,55.821961,6.274423,51.559402,83.32000000000001,1.4,90.3162
Sweden,SWE,2002,56.791591,6.362482,48.500343,71.15,2.2,90.3162
Sweden,SWE,2003,57.371496,6.401993,43.378387,58.73,2.3,90.3162
Sweden,SWE,2004,56.682884,6.295116,44.94693,68.17999999999999,4.3,90.3162
Sweden,SWE,2005,54.066087,5.973006,51.291286,81.22999999999999,2.9,90.3162
Sweden,SWE,2006,53.885099,5.91837,49.5952,71.06,4.7,90.3162
Sweden,SWE,2007,53.151971,5.799912,52.029293,77.43,3.4,90.3162
Sweden,SWE,2008,51.070465,5.533532,54.309544,81.41,-0.5,90.3162
Sweden,SWE,2009,47.421459,5.098307,58.42606,79.81,-4.3,90.3162
Sweden,SWE,2010,53.287345,5.679907,55.29808,82.09,6.0,90.3162
Sweden,SWE,2011,49.405178,5.218459,55.95555,84.09,3.2,90.3162
Sweden,SWE,2012,46.918582,4.909862,59.063873,98.3,-0.6,90.3162
Sweden,SWE,2013,45.351341,4.700141,54.035156,82.69000000000001,1.2,90.3162
Sweden,SWE,2014,43.477929,4.460415,55.83849,85.74,2.7,90.3162
Sweden,SWE,2015,43.741733,4.441079,63.271606,102.49999999999999,4.5,90.3162
Sweden,SWE,2016,43.415985,4.361961,57.17493,89.13,2.1,90.3162
Sweden,SWE,2017,42.704238,4.245718,57.88224,95.06,2.6,90.3162
Sweden,SWE,2018,42.094909,4.142263,55.797012,91.14999999999999,2.0,90.3162
Sweden,SWE,2019,40.982492,3.991313,58.745995,98.94,2.0,90.3162
Sweden,SWE,2020,36.515101,3.521575,68.471825,112.15,-2.2,90.3162
Sweden,SWE,2021,35.848949,3.424918,67.3808,115.74,6.1,90.3162
Swaziland,SWZ,1990,0.959968,1.12407,,,9.9,
Swaziland,SWZ,1991,0.872032,0.980128,,,1.8,
Swaziland,SWZ,1992,0.831728,0.899005,,,3.2,
Swaziland,SWZ,1993,0.710816,0.745519,,,3.1,
Swaziland,SWZ,1994,1.077216,1.129469,,,2.4,
Swaziland,SWZ,1995,1.06256,1.114293,,,4.8,
Swaziland,SWZ,1996,0.78776,0.809132,,,3.8,
Swaziland,SWZ,1997,1.143168,1.15386,,,3.1,
Swaziland,SWZ,1998,1.161488,1.155528,,,2.6,
Swaziland,SWZ,1999,1.238432,1.216092,,,3.0,
Swaziland,SWZ,2000,1.20912,1.173338,90.16393,0.55,1.8,
Swaziland,SWZ,2001,1.095536,1.051988,90.47619,0.5700000000000001,1.1,
Swaziland,SWZ,2002,1.08088,1.028617,90.769226,0.5900000000000001,4.4,
Swaziland,SWZ,2003,1.003936,0.948186,89.28571,0.5,3.9,
Swaziland,SWZ,2004,1.000272,0.938549,88.67925,0.47,3.6,
Swaziland,SWZ,2005,1.014928,0.946862,90.0,0.54,6.0,
Swaziland,SWZ,2006,1.014928,0.941723,90.0,0.54,6.0,
Swaziland,SWZ,2007,1.040576,0.959934,90.47619,0.5700000000000001,4.4,
Swaziland,SWZ,2008,1.022256,0.937961,90.0,0.54,0.8,
Swaziland,SWZ,2009,1.058896,0.967129,90.47619,0.5700000000000001,1.6,
Swaziland,SWZ,2010,0.996608,0.906073,90.625,0.5800000000000001,3.8,
Swaziland,SWZ,2011,1.0076,0.911549,95.77465,0.68,2.2,
Swaziland,SWZ,2012,1.168816,1.051619,94.5946,0.7,5.4,
Swaziland,SWZ,2013,1.399648,1.251564,95.06173,0.77,3.9,
Swaziland,SWZ,2014,0.76944,0.683421,93.84616,0.61,0.9,
Swaziland,SWZ,2015,0.868368,0.7658,92.72727,0.51,2.2,
Swaziland,SWZ,2016,1.055232,0.923597,92.85714,0.52,1.1,
Swaziland,SWZ,2017,0.985616,0.856023,94.02985,0.63,2.0,
Swaziland,SWZ,2018,1.033248,0.890403,94.666664,0.71,2.4,
Swaziland,SWZ,2019,1.121184,0.958594,94.3662,0.67,2.7,
Swaziland,SWZ,2020,1.060032,0.897834,94.5946,0.7,-1.6,
Swaziland,SWZ,2021,1.087219,0.911889,94.5946,0.7,7.9,
Sint Maarten (Dutch part),SXM,1990,0.570497,20.488295,,,,
Sint Maarten (Dutch part),SXM,1991,0.455241,15.266292,,,,
Sint Maarten (Dutch part),SXM,1992,0.375063,11.965639,,,,
Sint Maarten (Dutch part),SXM,1993,0.578977,18.193662,,,,
Sint Maarten (Dutch part),SXM,1994,0.555078,17.491027,,,,
Sint Maarten (Dutch part),SXM,1995,0.549296,17.384975,,,,
Sint Maarten (Dutch part),SXM,1996,0.513832,16.358879,,,,
Sint Maarten (Dutch part),SXM,1997,0.537732,17.237748,,,,
Sint Maarten (Dutch part),SXM,1998,0.029681,0.958789,,,,
Sint Maarten (Dutch part),SXM,1999,0.222417,7.240594,,,,
Sint Maarten (Dutch part),SXM,2000,0.590156,19.356344,,,,
Sint Maarten (Dutch part),SXM,2001,0.600949,19.767401,,,,
Sint Maarten (Dutch part),SXM,2002,0.579362,18.949512,,,,
Sint Maarten (Dutch part),SXM,2003,0.579748,18.776042,,,,
Sint Maarten (Dutch part),SXM,2004,0.608273,19.505923,,,,
Sint Maarten (Dutch part),SXM,2005,0.602876,19.14257,,,,
Sint Maarten (Dutch part),SXM,2006,0.628317,19.750327,,,,
Sint Maarten (Dutch part),SXM,2007,0.707339,22.010787,,,,
Sint Maarten (Dutch part),SXM,2008,0.680356,20.962402,,,,
Sint Maarten (Dutch part),SXM,2009,0.69616,21.248359,,,,
Sint Maarten (Dutch part),SXM,2010,0.479525,14.51612,,,,
Sint Maarten (Dutch part),SXM,2011,0.611742,18.365665,,,,
Sint Maarten (Dutch part),SXM,2012,0.69616,19.811605,,,,
Sint Maarten (Dutch part),SXM,2013,0.71448,18.953232,,,,
Sint Maarten (Dutch part),SXM,2014,0.725472,18.554271,,,,
Sint Maarten (Dutch part),SXM,2015,0.743792,18.499988,,,,
Sint Maarten (Dutch part),SXM,2016,0.743792,17.989455,,,,
Sint Maarten (Dutch part),SXM,2017,0.707152,16.883986,,,,
Sint Maarten (Dutch part),SXM,2018,0.688832,16.30526,,,,
Sint Maarten (Dutch part),SXM,2019,0.688832,16.026803,,,,
Sint Maarten (Dutch part),SXM,2020,0.588126,13.482639,,,,
Sint Maarten (Dutch part),SXM,2021,0.647902,14.711011,,,,
Seychelles,SYC,1990,0.150224,2.114134,,,7.5,
Seychelles,SYC,1991,0.172208,2.399978,,,2.8,
Seychelles,SYC,1992,0.172208,2.378005,,,7.2,
Seychelles,SYC,1993,0.1832,2.508215,,,7.3,
Seychelles,SYC,1994,0.20152,2.728922,,,-2.4,
Seychelles,SYC,1995,0.197856,2.647434,,,0.5,
Seychelles,SYC,1996,0.234496,3.103852,,,10.0,
Seychelles,SYC,1997,0.2748,3.590702,,,12.2,
Seychelles,SYC,1998,0.289456,3.727029,,,2.5,
Seychelles,SYC,1999,0.304112,3.857674,,,1.9,
Seychelles,SYC,2000,0.315104,3.935848,0.0,0.0,4.3,
Seychelles,SYC,2001,0.344416,4.23834,0.0,0.0,-2.3,
Seychelles,SYC,2002,0.34808,4.222581,0.0,0.0,1.2,
Seychelles,SYC,2003,0.340752,4.076371,0.0,0.0,-5.9,
Seychelles,SYC,2004,0.370064,4.368341,0.0,0.0,-2.9,
Seychelles,SYC,2005,0.381056,4.43692,0.0,0.0,9.0,
Seychelles,SYC,2006,0.38472,4.417347,0.0,0.0,9.4,
Seychelles,SYC,2007,0.40304,4.563147,0.0,0.0,10.4,
Seychelles,SYC,2008,0.414032,4.618625,0.0,0.0,-2.1,
Seychelles,SYC,2009,0.43968,4.830056,0.0,0.0,-1.1,
Seychelles,SYC,2010,0.443344,4.797628,0.0,0.0,6.3,
Seychelles,SYC,2011,0.406704,4.334616,0.0,0.0,5.7,
Seychelles,SYC,2012,0.425024,4.459432,0.0,0.0,3.8,
Seychelles,SYC,2013,0.414032,4.280993,2.4390244,0.01,6.4,
Seychelles,SYC,2014,0.458,4.673422,2.3809524,0.01,4.7,
Seychelles,SYC,2015,0.498304,5.021201,2.2727273,0.01,9.7,
Seychelles,SYC,2016,0.553264,5.504676,2.1276596,0.01,12.7,
Seychelles,SYC,2017,0.575248,5.650156,2.0833335,0.01,6.6,
Seychelles,SYC,2018,0.600896,5.828227,2.0408163,0.01,6.2,
Seychelles,SYC,2019,0.593568,5.686988,7.54717,0.04,5.2,
Seychelles,SYC,2020,0.538384,5.101716,11.666666,0.06999999999999999,-8.5,
Seychelles,SYC,2021,0.568279,5.337406,12.307693,0.08,2.5,
Syria,SYR,1990,37.045335,2.985361,,,10.4,
Syria,SYR,1991,42.200815,3.301509,,,10.7,
Syria,SYR,1992,42.561742,3.235058,,,13.2,
Syria,SYR,1993,45.221633,3.34058,,,7.4,
Syria,SYR,1994,46.190068,3.317626,,,5.5,
Syria,SYR,1995,41.200149,2.878422,,,5.4,
Syria,SYR,1996,42.3222,2.877323,,,3.0,
Syria,SYR,1997,45.377967,3.004368,,,-1.1,
Syria,SYR,1998,49.756322,3.209973,,,5.6,
Syria,SYR,1999,51.77217,3.255865,,,-3.1,
Syria,SYR,2000,50.481212,3.095553,13.472803,3.22,2.3,
Syria,SYR,2001,48.1399,2.877813,13.428121,3.4,3.7,
Syria,SYR,2002,38.439424,2.239535,9.248774,2.45,5.9,
Syria,SYR,2003,53.581772,3.042456,9.846044,2.75,-2.0,
Syria,SYR,2004,50.38473,2.786149,13.655808,4.1499999999999995,6.9,
Syria,SYR,2005,49.881564,2.684177,13.025083,4.3100000000000005,6.2,
Syria,SYR,2006,52.841498,2.719302,11.167801,3.94,5.0,
Syria,SYR,2007,65.71896,3.174368,9.4990425,3.4699999999999998,5.7,
Syria,SYR,2008,66.876696,3.114302,7.4083633,2.8699999999999997,4.5,
Syria,SYR,2009,61.56226,2.820435,4.60333,1.8800000000000001,5.9,
Syria,SYR,2010,60.716515,2.718135,5.9374285,2.5999999999999996,3.4,
Syria,SYR,2011,57.784694,2.542139,8.2933,3.28,,
Syria,SYR,2012,47.803108,2.11466,9.710495,3.22,,
Syria,SYR,2013,34.013603,1.582336,12.51575,2.98,,
Syria,SYR,2014,30.921063,1.54049,11.592039,2.3299999999999996,,
Syria,SYR,2015,28.585119,1.488407,2.477876,0.42,,
Syria,SYR,2016,29.002529,1.529326,5.410122,0.93,,
Syria,SYR,2017,32.613288,1.717992,4.372843,0.76,,
Syria,SYR,2018,30.229894,1.563605,4.4340725,0.76,,
Syria,SYR,2019,27.47897,1.367232,4.5783134,0.76,,
Syria,SYR,2020,26.159826,1.259343,4.807084,0.76,,
Syria,SYR,2021,27.00077,1.266193,4.534606,0.76,,
Turks and Caicos Islands,TCA,1990,0.062288,5.319669,,,,
Turks and Caicos Islands,TCA,1991,0.062288,5.052153,,,,
Turks and Caicos Islands,TCA,1992,0.065952,5.067773,,,,
Turks and Caicos Islands,TCA,1993,0.065952,4.812609,,,,
Turks and Caicos Islands,TCA,1994,0.069616,4.833773,,,,
Turks and Caicos Islands,TCA,1995,0.069616,4.610026,,,,
Turks and Caicos Islands,TCA,1996,0.069616,4.404403,,,,
Turks and Caicos Islands,TCA,1997,0.084272,5.102755,,,,
Turks and Caicos Islands,TCA,1998,0.087936,5.100992,,,,
Turks and Caicos Islands,TCA,1999,0.098928,5.50089,,,,
Turks and Caicos Islands,TCA,2000,0.10992,5.864277,0.0,0.0,,
Turks and Caicos Islands,TCA,2001,0.113584,5.801614,0.0,0.0,,
Turks and Caicos Islands,TCA,2002,0.150224,7.293135,0.0,0.0,,
Turks and Caicos Islands,TCA,2003,0.157552,7.247435,0.0,0.0,,
Turks and Caicos Islands,TCA,2004,0.161216,7.049543,0.0,0.0,,
Turks and Caicos Islands,TCA,2005,0.190528,7.940321,0.0,0.0,,
Turks and Caicos Islands,TCA,2006,0.216176,8.602993,0.0,0.0,,
Turks and Caicos Islands,TCA,2007,0.252816,9.624486,0.0,0.0,,
Turks and Caicos Islands,TCA,2008,0.263808,9.620305,0.0,0.0,,
Turks and Caicos Islands,TCA,2009,0.2748,9.614779,0.0,0.0,,
Turks and Caicos Islands,TCA,2010,0.282128,9.490951,0.0,0.0,,
Turks and Caicos Islands,TCA,2011,0.282128,9.155244,0.0,0.0,,
Turks and Caicos Islands,TCA,2012,0.282128,8.79424,0.0,0.0,,
Turks and Caicos Islands,TCA,2013,0.285792,8.507233,0.0,0.0,,
Turks and Caicos Islands,TCA,2014,0.307776,8.79737,0.0,0.0,,
Turks and Caicos Islands,TCA,2015,0.31144,8.523729,0.0,0.0,,
Turks and Caicos Islands,TCA,2016,0.32976,8.622078,0.0,0.0,,
Turks and Caicos Islands,TCA,2017,0.351744,8.828029,0.0,0.0,,
Turks and Caicos Islands,TCA,2018,0.362736,8.743365,0.0,0.0,,
Turks and Caicos Islands,TCA,2019,0.362736,8.420056,0.0,0.0,,
Turks and Caicos Islands,TCA,2020,0.309705,6.994867,0.0,0.0,,
Turks and Caicos Islands,TCA,2021,0.341183,7.562677,0.0,0.0,,
Chad,TCD,1990,0.377392,0.064765,,,3.2,
Chad,TCD,1991,0.38472,0.06367,,,10.4,
Chad,TCD,1992,0.406704,0.064526,,,2.4,
Chad,TCD,1993,0.40304,0.062503,,,-2.1,
Chad,TCD,1994,0.406704,0.061687,,,5.5,
Chad,TCD,1995,0.42136,0.061165,,,-0.8,
Chad,TCD,1996,0.436016,0.060555,,,2.1,
Chad,TCD,1997,0.450672,0.060486,,,5.7,
Chad,TCD,1998,0.461664,0.059885,,,7.0,
Chad,TCD,1999,0.47632,0.059675,,,-0.7,
Chad,TCD,2000,0.487312,0.059003,11.111111,0.01,-0.9,
Chad,TCD,2001,0.501968,0.058787,10.0,0.01,11.7,
Chad,TCD,2002,0.509296,0.057623,10.0,0.01,8.5,
Chad,TCD,2003,0.743792,0.080879,9.090909,0.01,14.7,
Chad,TCD,2004,0.747456,0.077751,8.333334,0.01,33.6,
Chad,TCD,2005,0.765776,0.076539,8.333334,0.01,8.3,
Chad,TCD,2006,0.791424,0.076351,7.692308,0.01,0.6,
Chad,TCD,2007,0.853712,0.079617,0.0,0.0,3.3,
Chad,TCD,2008,1.000272,0.090125,0.0,0.0,3.1,
Chad,TCD,2009,1.084544,0.09434,5.5555553,0.01,4.1,
Chad,TCD,2010,1.157824,0.097339,5.263158,0.01,13.6,
Chad,TCD,2011,1.290493,0.104767,5.263158,0.01,0.1,
Chad,TCD,2012,1.273954,0.09988,0.0,0.0,8.8,
Chad,TCD,2013,1.484938,0.112353,0.0,0.0,5.8,
Chad,TCD,2014,1.856679,0.135552,0.0,0.0,6.9,
Chad,TCD,2015,1.684858,0.119153,0.0,0.0,1.8,
Chad,TCD,2016,2.015423,0.138113,3.448276,0.01,-5.6,
Chad,TCD,2017,1.978027,0.131118,3.3333333,0.01,-2.4,
Chad,TCD,2018,2.006755,0.128603,3.3333333,0.01,2.4,
Chad,TCD,2019,1.92228,0.119197,3.2258065,0.01,3.4,
Chad,TCD,2020,1.802198,0.108275,3.448276,0.01,-2.1,
Chad,TCD,2021,1.939918,0.112919,3.2258065,0.01,-1.2,
Togo,TGO,1990,0.977644,0.252233,,,5.9,
Togo,TGO,1991,1.049806,0.263095,,,-0.6,
Togo,TGO,1992,1.030496,0.25096,,,-3.2,
Togo,TGO,1993,1.068807,0.262066,,,-16.3,
Togo,TGO,1994,1.006679,0.245975,,,13.9,
Togo,TGO,1995,1.174741,0.2745,,,19.7,
Togo,TGO,1996,1.265171,0.284571,,,-3.9,
Togo,TGO,1997,0.878986,0.191394,,,3.8,
Togo,TGO,1998,1.289967,0.272819,,,-2.3,
Togo,TGO,1999,1.850434,0.380127,,,2.5,
Togo,TGO,2000,1.331372,0.265847,58.82353,0.1,-1.0,
Togo,TGO,2001,1.158913,0.225232,41.666668,0.05,0.8,
Togo,TGO,2002,1.322471,0.250395,59.999996,0.09,3.8,
Togo,TGO,2003,1.804731,0.332915,70.588234,0.12,6.7,
Togo,TGO,2004,1.743929,0.313362,44.444443,0.08,-1.0,
Togo,TGO,2005,1.721591,0.30142,38.888885,0.07,-4.7,
Togo,TGO,2006,1.500506,0.255438,42.857143,0.09,2.7,
Togo,TGO,2007,1.516752,0.250805,49.999996,0.09,1.2,
Togo,TGO,2008,1.522778,0.244722,75.0,0.09,4.0,
Togo,TGO,2009,2.740838,0.428348,78.57143,0.11,5.5,
Togo,TGO,2010,2.595698,0.394972,52.941177,0.09,5.9,
Togo,TGO,2011,2.50392,0.371024,83.333336,0.1,5.8,
Togo,TGO,2012,2.215629,0.319871,81.818184,0.09,6.3,
Togo,TGO,2013,1.642552,0.231143,40.0,0.04,5.8,
Togo,TGO,2014,1.541898,0.211556,60.0,0.12,5.6,
Togo,TGO,2015,1.863341,0.249335,16.216215,0.06,5.5,
Togo,TGO,2016,2.311978,0.301772,46.511627,0.2,5.7,
Togo,TGO,2017,2.159934,0.275053,27.272728,0.21,4.0,
Togo,TGO,2018,2.207887,0.274385,36.842106,0.21000000000000002,4.8,
Togo,TGO,2019,2.205025,0.2675,35.714287,0.25,4.9,
Togo,TGO,2020,2.243693,0.265759,25.862072,0.15000000000000002,2.0,
Togo,TGO,2021,2.34202,0.270916,26.984127,0.16999999999999998,6.0,
Thailand,THA,1990,86.705279,1.56994,11.164903,4.925119,11.6,
Thailand,THA,1991,95.082095,1.694872,9.048247,4.535017,8.4,
Thailand,THA,1992,104.92874,1.842827,7.329365,4.179801,9.2,
Thailand,THA,1993,121.566788,2.104102,5.750053,3.64193,8.7,
Thailand,THA,1994,133.95774,2.285578,6.2647166,4.45436554,8.0,
Thailand,THA,1995,156.027274,2.625624,8.447449,6.73576006,8.1,
Thailand,THA,1996,174.616778,2.900076,8.531997,7.4221228,5.7,
Thailand,THA,1997,182.157168,2.986716,7.938052,7.3555002599999995,-2.8,
Thailand,THA,1998,161.763023,2.619847,6.0294333,5.3983331,-7.6,
Thailand,THA,1999,170.280159,2.726985,4.2754407,3.8571013,4.6,
Thailand,THA,2000,173.250623,2.747106,7.126103,6.38,4.5,
Thailand,THA,2001,186.33241,2.927458,7.061527,6.76,3.4,
Thailand,THA,2002,197.138794,3.069618,7.944477,8.07,6.1,
Thailand,THA,2003,205.746677,3.176233,7.6718354,8.36,7.2,
Thailand,THA,2004,220.425192,3.375,6.516355,7.630000000000001,6.3,
Thailand,THA,2005,227.31404,3.4535,6.0325203,7.42,4.2,
Thailand,THA,2006,231.140619,3.485257,7.598855,9.82,5.0,
Thailand,THA,2007,236.720283,3.542298,7.708585,10.2,5.4,
Thailand,THA,2008,233.18813,3.463452,6.562546,8.95,1.7,
Thailand,THA,2009,246.862476,3.640306,6.626331,9.09,-0.7,
Thailand,THA,2010,261.785938,3.83454,5.708583,8.579999999999998,7.5,
Thailand,THA,2011,258.978641,3.768999,8.039962,11.83,0.8,
Thailand,THA,2012,276.876838,4.003597,8.539612,13.42,7.2,
Thailand,THA,2013,290.364514,4.173187,7.6765037,12.329999999999998,2.7,
Thailand,THA,2014,285.979962,4.087709,8.395728,13.68,1.0,
Thailand,THA,2015,289.419766,4.117252,7.994962,13.33,3.1,
Thailand,THA,2016,288.511668,4.08616,8.984024,15.97,3.4,
Thailand,THA,2017,293.074203,4.133733,10.957095,19.92,4.2,
Thailand,THA,2018,282.105408,3.966176,14.190005,25.840000000000003,4.2,
Thailand,THA,2019,290.239228,4.070233,14.700173,28.020000000000003,2.1,
Thailand,THA,2020,277.368424,3.880599,13.796373,24.729999999999997,-6.1,
Thailand,THA,2021,278.495695,3.889545,14.506635,27.11,1.5,
Tajikistan,TJK,1990,12.054125,2.224887,,,,
Tajikistan,TJK,1991,9.739143,1.752809,,,,
Tajikistan,TJK,1992,7.308103,1.29205,,,,
Tajikistan,TJK,1993,5.170596,0.904297,,,-11.1,
Tajikistan,TJK,1994,2.355098,0.405772,,,-21.4,
Tajikistan,TJK,1995,2.445277,0.413321,,,-12.5,
Tajikistan,TJK,1996,2.823798,0.467857,,,-4.4,
Tajikistan,TJK,1997,2.150084,0.351489,,,1.7,
Tajikistan,TJK,1998,2.496671,0.405514,,,5.3,
Tajikistan,TJK,1999,2.517199,0.406684,,,3.7,
Tajikistan,TJK,2000,2.233862,0.356107,98.497856,13.77,8.3,
Tajikistan,TJK,2001,2.287606,0.356947,98.874825,14.06,10.2,
Tajikistan,TJK,2002,1.877243,0.286963,99.14134,15.01,9.1,
Tajikistan,TJK,2003,2.070857,0.310357,99.02021,16.17,10.2,
Tajikistan,TJK,2004,2.560492,0.376476,99.14216,16.18,10.6,
Tajikistan,TJK,2005,2.439487,0.352062,99.232124,16.8,6.7,
Tajikistan,TJK,2006,2.655168,0.376224,98.56888,16.53,7.0,
Tajikistan,TJK,2007,3.227096,0.448932,97.80601,16.94,7.8,
Tajikistan,TJK,2008,2.89602,0.395381,97.939964,16.64,7.9,
Tajikistan,TJK,2009,2.443974,0.327233,98.62155,15.74,3.9,
Tajikistan,TJK,2010,2.536415,0.332785,99.815605,16.24,6.5,
Tajikistan,TJK,2011,2.340736,0.30068,99.813324,16.04,7.4,
Tajikistan,TJK,2012,2.933412,0.368687,99.583336,16.73,7.5,
Tajikistan,TJK,2013,2.906893,0.357261,99.70501,16.9,7.4,
Tajikistan,TJK,2014,4.600122,0.552478,99.06191,15.84,6.7,
Tajikistan,TJK,2015,5.302282,0.622037,99.11661,16.83,6.0,
Tajikistan,TJK,2016,6.436582,0.73769,96.71168,16.47,6.9,
Tajikistan,TJK,2017,7.85832,0.880432,94.80156,16.96,7.1,
Tajikistan,TJK,2018,9.108296,0.997827,93.48049,18.21,7.6,
Tajikistan,TJK,2019,9.832171,1.053033,93.10345,19.17,7.4,
Tajikistan,TJK,2020,9.434043,0.988561,91.789154,18.11,4.4,
Tajikistan,TJK,2021,10.336408,1.060138,91.23163,18.0,9.4,
Turkmenistan,TKM,1990,31.308439,8.415618,0.020533882,0.003,,
Turkmenistan,TKM,1991,32.638496,8.540125,0.020062193,0.003,,
Turkmenistan,TKM,1992,31.994181,8.148542,0.031859696,0.0042,,
Turkmenistan,TKM,1993,27.516396,6.825014,0.03956698,0.005,-10.0,
Turkmenistan,TKM,1994,33.443118,8.091657,0.038022812,0.004,-17.3,
Turkmenistan,TKM,1995,33.933523,8.028519,0.040383648,0.004,-7.2,
Turkmenistan,TKM,1996,30.604733,7.115571,0.04935834,0.005,-6.7,
Turkmenistan,TKM,1997,30.556472,7.002468,0.052642662,0.005,-11.3,
Turkmenistan,TKM,1998,32.025557,7.226771,0.06372133,0.006,6.7,
Turkmenistan,TKM,1999,37.605609,8.354799,0.05643341,0.005,16.5,
Turkmenistan,TKM,2000,37.466194,8.199849,0.0,0.0,18.6,
Turkmenistan,TKM,2001,32.163609,6.939149,0.0,0.0,20.4,
Turkmenistan,TKM,2002,27.824656,5.92144,0.0,0.0,15.8,
Turkmenistan,TKM,2003,37.566455,7.893791,0.0,0.0,17.1,
Turkmenistan,TKM,2004,46.446514,9.636622,0.0,0.0,14.7,
Turkmenistan,TKM,2005,45.437092,9.299874,0.0,0.0,13.0,
Turkmenistan,TKM,2006,46.873899,9.461773,0.0,0.0,11.0,
Turkmenistan,TKM,2007,46.759363,9.305542,0.0,0.0,11.1,
Turkmenistan,TKM,2008,56.666877,11.110972,0.0,0.0,14.7,
Turkmenistan,TKM,2009,50.169647,9.683471,0.0,0.0,6.1,
Turkmenistan,TKM,2010,57.110036,10.840995,0.0,0.0,16.2,
Turkmenistan,TKM,2011,62.18286,11.599525,0.0,0.0,12.9,
Turkmenistan,TKM,2012,69.137094,12.665529,0.0,0.0,6.1,
Turkmenistan,TKM,2013,70.608759,12.6992,0.0,0.0,-0.3,
Turkmenistan,TKM,2014,71.776135,12.674238,0.0,0.0,3.8,
Turkmenistan,TKM,2015,73.695297,12.780054,0.0,0.0,3.0,
Turkmenistan,TKM,2016,73.463697,12.518179,0.0,0.0,-1.0,
Turkmenistan,TKM,2017,73.358743,12.291226,0.0,0.0,4.7,
Turkmenistan,TKM,2018,73.252038,12.077698,0.0,0.0,0.9,
Turkmenistan,TKM,2019,74.761641,12.139744,0.0,0.0,-3.4,
Turkmenistan,TKM,2020,72.035944,11.524943,0.0,0.0,-2.9,
Turkmenistan,TKM,2021,83.006808,13.088727,0.0,0.0,4.6,
Timor-Leste,TLS,1990,0.0,0.0,,,,
Timor-Leste,TLS,1991,0.0,0.0,,,,
Timor-Leste,TLS,1992,0.0,0.0,,,,
Timor-Leste,TLS,1993,0.0,0.0,,,,
Timor-Leste,TLS,1994,0.0,0.0,,,,
Timor-Leste,TLS,1995,0.0,0.0,,,,
Timor-Leste,TLS,1996,0.0,0.0,,,,
Timor-Leste,TLS,1997,0.0,0.0,,,,
Timor-Leste,TLS,1998,0.0,0.0,,,,
Timor-Leste,TLS,1999,0.0,0.0,,,,
Timor-Leste,TLS,2000,0.0,0.0,,,,
Timor-Leste,TLS,2001,0.0,0.0,,,16.3,
Timor-Leste,TLS,2002,0.161216,0.177231,,,-6.7,
Timor-Leste,TLS,2003,0.161216,0.173964,0.0,0.0,-2.2,
Timor-Leste,TLS,2004,0.175872,0.185913,0.0,0.0,0.4,
Timor-Leste,TLS,2005,0.175872,0.18144,0.0,0.0,3.0,
Timor-Leste,TLS,2006,0.370064,0.372087,0.0,0.0,-4.1,
Timor-Leste,TLS,2007,0.395712,0.388196,0.0,0.0,10.3,
Timor-Leste,TLS,2008,0.351744,0.337218,0.0,0.0,11.4,
Timor-Leste,TLS,2009,0.417696,0.392004,0.0,0.0,10.1,
Timor-Leste,TLS,2010,0.454336,0.417402,0.0,0.0,9.3,
Timor-Leste,TLS,2011,0.395712,0.355544,0.0,0.0,6.0,
Timor-Leste,TLS,2012,0.571584,0.502414,0.0,0.0,4.9,
Timor-Leste,TLS,2013,0.53128,0.457387,0.0,0.0,3.1,
Timor-Leste,TLS,2014,0.56792,0.479326,0.0,0.0,4.5,
Timor-Leste,TLS,2015,0.5496,0.455792,0.0,0.0,2.8,
Timor-Leste,TLS,2016,0.589904,0.481727,0.0,0.0,3.4,
Timor-Leste,TLS,2017,0.633872,0.509857,0.0,0.0,-3.1,
Timor-Leste,TLS,2018,0.633872,0.502337,0.0,0.0,-0.7,
Timor-Leste,TLS,2019,0.685168,0.535104,0.0,0.0,2.1,
Timor-Leste,TLS,2020,0.718671,0.552826,0.0,0.0,-8.3,
Timor-Leste,TLS,2021,0.736328,0.557426,0.0,0.0,2.9,
Tonga,TON,1990,0.084272,0.853586,,,4.7,
Tonga,TON,1991,0.087936,0.888153,,,5.9,
Tonga,TON,1992,0.069616,0.70135,,,-3.8,
Tonga,TON,1993,0.084272,0.847023,,,-0.1,
Tonga,TON,1994,0.0916,0.918471,,,2.0,
Tonga,TON,1995,0.095264,0.952859,,,7.9,
Tonga,TON,1996,0.076944,0.767943,,,0.1,
Tonga,TON,1997,0.098928,0.982813,,,-0.6,
Tonga,TON,1998,0.087936,0.867707,,,2.3,
Tonga,TON,1999,0.10992,1.077837,,,2.3,
Tonga,TON,2000,0.095264,0.928472,0.0,0.0,3.8,
Tonga,TON,2001,0.087936,0.85201,0.0,0.0,1.5,
Tonga,TON,2002,0.102592,0.988324,0.0,0.0,4.5,
Tonga,TON,2003,0.117248,1.122958,0.0,0.0,0.1,
Tonga,TON,2004,0.10992,1.046498,0.0,0.0,-1.9,
Tonga,TON,2005,0.113584,1.07527,0.0,0.0,-0.4,
Tonga,TON,2006,0.12824,1.207647,0.0,0.0,-2.2,
Tonga,TON,2007,0.113584,1.065136,0.0,0.0,-2.5,
Tonga,TON,2008,0.120912,1.130737,0.0,0.0,4.8,
Tonga,TON,2009,0.131904,1.231091,0.0,0.0,-5.2,
Tonga,TON,2010,0.117248,1.091867,0.0,0.0,0.8,
Tonga,TON,2011,0.102592,0.95336,0.0,0.0,6.8,
Tonga,TON,2012,0.106256,0.98841,0.0,0.0,0.8,
Tonga,TON,2013,0.113584,1.06065,0.0,0.0,0.3,
Tonga,TON,2014,0.113584,1.065256,0.0,0.0,2.0,
Tonga,TON,2015,0.117248,1.104842,0.0,0.0,1.2,
Tonga,TON,2016,0.124576,1.178503,0.0,0.0,6.6,
Tonga,TON,2017,0.135568,1.286041,16.666668,0.01,3.3,
Tonga,TON,2018,0.135568,1.289282,14.285714,0.01,0.2,
Tonga,TON,2019,0.161216,1.536107,14.285714,0.01,0.7,
Tonga,TON,2020,0.17015,1.616566,14.285714,0.01,0.5,
Tonga,TON,2021,0.174859,1.649345,12.5,0.01,-2.7,
Trinidad and Tobago,TTO,1990,16.981163,13.407755,0.866648,0.031,1.5,
Trinidad and Tobago,TTO,1991,16.968163,13.295599,0.672043,0.025,3.1,
Trinidad and Tobago,TTO,1992,19.102764,14.860159,0.75452715,0.03,10.1,
Trinidad and Tobago,TTO,1993,17.411193,13.455597,0.73356044,0.028,-0.7,
Trinidad and Tobago,TTO,1994,17.02421,13.081529,0.78643405,0.032,3.6,
Trinidad and Tobago,TTO,1995,16.46028,12.586025,0.7661945,0.033,3.8,
Trinidad and Tobago,TTO,1996,20.768035,15.812013,0.3743669,0.017,7.1,
Trinidad and Tobago,TTO,1997,20.559595,15.597062,0.36086607,0.018,7.5,
Trinidad and Tobago,TTO,1998,19.750647,14.933514,0.34822983,0.018,8.1,
Trinidad and Tobago,TTO,1999,22.464441,16.927939,0.34305316,0.018,8.0,
Trinidad and Tobago,TTO,2000,24.191265,18.158843,0.38986355,0.02,6.9,
Trinidad and Tobago,TTO,2001,26.569367,19.849112,0.37664783,0.02,3.7,
Trinidad and Tobago,TTO,2002,28.591178,21.242156,0.37664783,0.02,7.2,
Trinidad and Tobago,TTO,2003,32.250868,23.826911,0.4950495,0.03,13.9,
Trinidad and Tobago,TTO,2004,32.575769,23.932148,0.49586776,0.03,7.3,
Trinidad and Tobago,TTO,2005,37.944097,27.715134,0.4524887,0.03,5.9,
Trinidad and Tobago,TTO,2006,42.414371,30.803824,0.44510388,0.03,14.2,
Trinidad and Tobago,TTO,2007,45.234589,32.663631,0.41551247,0.03,4.3,
Trinidad and Tobago,TTO,2008,44.095716,31.659693,0.0,0.0,3.3,
Trinidad and Tobago,TTO,2009,44.220307,31.559086,0.0,0.0,-4.8,
Trinidad and Tobago,TTO,2010,46.957412,33.296139,0.0,0.0,3.5,
Trinidad and Tobago,TTO,2011,46.680091,32.87284,0.0,0.0,-0.2,
Trinidad and Tobago,TTO,2012,46.17589,32.282321,0.0,0.0,3.5,
Trinidad and Tobago,TTO,2013,45.823651,31.805878,0.0,0.0,3.5,
Trinidad and Tobago,TTO,2014,46.891727,32.324387,0.0,0.0,3.9,
Trinidad and Tobago,TTO,2015,45.559683,31.20148,0.11111111,0.01,1.0,
Trinidad and Tobago,TTO,2016,39.893096,27.150535,0.11286682,0.01,-7.5,
Trinidad and Tobago,TTO,2017,40.317883,27.267478,0.11402508,0.01,-4.8,
Trinidad and Tobago,TTO,2018,40.327883,26.801118,0.11520737,0.01,-0.6,
Trinidad and Tobago,TTO,2019,40.768202,26.82198,0.11574074,0.01,0.4,
Trinidad and Tobago,TTO,2020,35.756215,23.552538,0.12180268,0.01,-9.1,
Trinidad and Tobago,TTO,2021,36.124037,23.677599,0.11454754,0.01,-1.0,
Tunisia,TUN,1990,13.126084,1.555219,,,7.1,
Tunisia,TUN,1991,15.363726,1.781745,,,4.1,
Tunisia,TUN,1992,14.890977,1.691668,,,8.0,
Tunisia,TUN,1993,16.352595,1.821575,,,2.5,
Tunisia,TUN,1994,15.777158,1.725573,,,3.6,
Tunisia,TUN,1995,15.546934,1.672774,,,2.7,
Tunisia,TUN,1996,16.580878,1.758209,,,6.9,
Tunisia,TUN,1997,16.747231,1.752178,,,5.7,
Tunisia,TUN,1998,17.808539,1.840267,,,5.0,
Tunisia,TUN,1999,18.118679,1.851099,,,6.0,
Tunisia,TUN,2000,19.671641,1.988377,0.8032128,0.08,4.3,
Tunisia,TUN,2001,20.545596,2.055562,0.6535948,0.07,3.8,
Tunisia,TUN,2002,20.558744,2.036616,0.80862534,0.09,1.3,
Tunisia,TUN,2003,20.925683,2.052786,1.6281062,0.19,4.7,
Tunisia,TUN,2004,21.926618,2.130406,1.5459723,0.19,6.2,
Tunisia,TUN,2005,22.268761,2.14363,1.387818,0.18000000000000002,3.5,
Tunisia,TUN,2006,22.601843,2.155932,0.9789157,0.13,5.2,
Tunisia,TUN,2007,23.684283,2.238507,0.6965944,0.09,6.7,
Tunisia,TUN,2008,24.333185,2.278307,0.5181347,0.07,4.2,
Tunisia,TUN,2009,24.32147,2.255224,1.2543553,0.18,3.0,
Tunisia,TUN,2010,27.101189,2.487474,1.270903,0.19,3.5,
Tunisia,TUN,2011,25.526012,2.313705,1.0437051,0.16,-2.0,
Tunisia,TUN,2012,27.135995,2.428411,1.904762,0.32,4.2,
Tunisia,TUN,2013,27.58062,2.440702,2.5761125,0.44,2.4,
Tunisia,TUN,2014,28.668132,2.508379,3.303471,0.5900000000000001,3.1,
Tunisia,TUN,2015,30.265905,2.618661,3.1607628,0.5800000000000001,1.0,
Tunisia,TUN,2016,29.880056,2.556983,3.4072473,0.63,1.1,
Tunisia,TUN,2017,30.48601,2.581057,3.1298907,0.6000000000000001,2.2,
Tunisia,TUN,2018,29.996937,2.513771,3.2786884,0.64,2.6,
Tunisia,TUN,2019,29.704398,2.465236,3.9902678,0.8200000000000001,1.6,
Tunisia,TUN,2020,27.578279,2.267629,4.3411646,0.8500000000000001,-8.8,
Tunisia,TUN,2021,31.582747,2.575462,4.7778306,1.0,4.4,
Turkey,TUR,1990,151.664532,2.791844,40.371914,23.229999999999997,9.3,9.3701305
Turkey,TUR,1991,158.140727,2.858593,37.848606,22.8,0.9,9.3701305
Turkey,TUR,1992,164.061435,2.913952,39.628803,26.690000005,6.0,9.3701305
Turkey,TUR,1993,171.133724,2.986835,46.18616,34.09,8.0,9.3701305
Turkey,TUR,1994,167.560891,2.87361,39.21869,30.72,-5.5,9.3701305
Turkey,TUR,1995,181.481826,3.060118,41.56522,35.85,7.2,9.3701305
Turkey,TUR,1996,199.582745,3.310171,42.936962,40.73,7.0,9.3701305
Turkey,TUR,1997,212.037409,3.460286,38.9061,40.19,7.5,9.3701305
Turkey,TUR,1998,212.069926,3.407173,38.33198,42.55999997999999,3.1,9.3701305
Turkey,TUR,1999,207.857771,3.289638,29.98111,34.910000000000004,-3.3,9.3701305
Turkey,TUR,2000,229.858207,3.585174,25.062334,31.16,6.9,9.3701305
Turkey,TUR,2001,213.483471,3.280726,19.919796,24.34,-5.8,9.3701305
Turkey,TUR,2002,221.148221,3.351306,26.444479,33.95999999,6.4,9.3701305
Turkey,TUR,2003,236.68329,3.539595,25.487387,35.56,5.8,9.3701305
Turkey,TUR,2004,244.688735,3.609773,30.926939,46.31,9.8,9.3701305
Turkey,TUR,2005,264.768615,3.853718,24.599195,39.740000005000006,9.0,9.3701305
Turkey,TUR,2006,282.266691,4.055478,25.271046,44.52,6.9,9.3701305
Turkey,TUR,2007,313.578157,4.449882,19.048117,36.46,5.0,9.3701305
Turkey,TUR,2008,310.532303,4.354026,17.356663,34.42,0.8,9.3701305
Turkey,TUR,2009,316.319322,4.379599,19.59123,38.15,-4.8,9.3701305
Turkey,TUR,2010,316.036475,4.317713,26.400076,55.72,8.4,9.3701305
Turkey,TUR,2011,341.862344,4.608933,25.335835,58.09,11.2,9.3701305
Turkey,TUR,2012,355.88264,4.727614,27.241205,65.21,4.8,9.3701305
Turkey,TUR,2013,347.152667,4.533433,28.857298,69.22,8.5,9.3701305
Turkey,TUR,2014,363.866339,4.65826,20.912487,52.62,4.9,9.3701305
Turkey,TUR,2015,384.330489,4.825473,32.014236,83.65,6.1,9.3701305
Turkey,TUR,2016,405.304505,5.002562,32.97161,90.2400003,3.3,9.3701305
Turkey,TUR,2017,430.220402,5.240849,29.43022,87.24000000000001,7.5,9.3701305
Turkey,TUR,2018,422.568908,5.102916,32.176003,97.77,3.0,9.3701305
Turkey,TUR,2019,401.719742,4.81207,43.680435,132.26,0.8,9.3701305
Turkey,TUR,2020,413.433085,4.9139,42.02082,128.339999,1.9,9.3701305
Turkey,TUR,2021,446.204185,5.263368,35.32963,117.04,11.4,9.3701305
Tuvalu,TUV,1990,0.010992,1.197125,,,,
Tuvalu,TUV,1991,0.007328,0.783408,,,,
Tuvalu,TUV,1992,0.007328,0.774139,,,,
Tuvalu,TUV,1993,0.007328,0.769991,,,,
Tuvalu,TUV,1994,0.007328,0.766607,,,,
Tuvalu,TUV,1995,0.010992,1.146792,,,,
Tuvalu,TUV,1996,0.007328,0.76246,,,,
Tuvalu,TUV,1997,0.007328,0.760955,,,,
Tuvalu,TUV,1998,0.010992,1.140959,,,,
Tuvalu,TUV,1999,0.003664,0.380083,,,,
Tuvalu,TUV,2000,0.007328,0.760324,,,,
Tuvalu,TUV,2001,0.010992,1.142501,,,0.7,
Tuvalu,TUV,2002,0.010992,1.143928,,,8.3,
Tuvalu,TUV,2003,0.010992,1.136947,,,-4.4,
Tuvalu,TUV,2004,0.010992,1.122664,,,-1.9,
Tuvalu,TUV,2005,0.007328,0.739306,,,-3.7,
Tuvalu,TUV,2006,0.010992,1.095912,,,1.3,
Tuvalu,TUV,2007,0.010992,1.083062,,,6.9,
Tuvalu,TUV,2008,0.010992,1.070093,,,6.6,
Tuvalu,TUV,2009,0.010992,1.056111,,,-5.6,
Tuvalu,TUV,2010,0.010992,1.041896,,,-2.5,
Tuvalu,TUV,2011,0.010992,1.02729,,,7.5,
Tuvalu,TUV,2012,0.010992,1.012714,,,-2.9,
Tuvalu,TUV,2013,0.010992,1.006778,,,3.8,
Tuvalu,TUV,2014,0.007328,0.672355,,,1.7,
Tuvalu,TUV,2015,0.007328,0.673715,,,9.4,
Tuvalu,TUV,2016,0.007328,0.675267,,,4.7,
Tuvalu,TUV,2017,0.007328,0.676764,,,3.3,
Tuvalu,TUV,2018,0.007328,0.674459,,,1.4,
Tuvalu,TUV,2019,0.007328,0.668857,,,13.8,
Tuvalu,TUV,2020,0.007734,0.698717,,,-4.3,
Tuvalu,TUV,2021,0.007948,0.7094,,,1.8,
Taiwan,TWN,1990,124.079,6.027298,7.3096232,6.59280774,5.5,
Taiwan,TWN,1991,133.597,6.432018,4.130845,4.09687084,8.4,
Taiwan,TWN,1992,142.182,6.786011,6.46037,6.8176149,8.3,
Taiwan,TWN,1993,153.801,7.280274,3.7685075,4.3415483,6.8,
Taiwan,TWN,1994,161.168,7.568905,4.2672524,5.318485129999999,7.5,
Taiwan,TWN,1995,168.88,7.87106,3.9238408,5.2232887,6.5,
Taiwan,TWN,1996,176.787,8.179876,3.6720493,5.21293203,6.2,
Taiwan,TWN,1997,190.548,8.754853,3.8349447,5.7710709,6.1,
Taiwan,TWN,1998,200.163,9.134161,4.1715035,6.809058,4.2,
Taiwan,TWN,1999,207.799,9.420909,3.4364924,5.8098909,6.7,
Taiwan,TWN,2000,226.983,10.226887,3.107689,5.609999999999999,6.3,
Taiwan,TWN,2001,229.927,10.295335,3.4858506,6.43,-1.4,
Taiwan,TWN,2002,237.65,10.576505,2.2586427,4.41,5.5,
Taiwan,TWN,2003,248.401,10.994269,2.3586745,4.84,4.2,
Taiwan,TWN,2004,257.883,11.358934,2.3760812,5.109999999999999,7.0,
Taiwan,TWN,2005,266.46,11.688736,2.695936,6.03,5.4,
Taiwan,TWN,2006,276.159,12.072538,2.6897504,6.23,5.8,
Taiwan,TWN,2007,279.8,12.195809,2.826205,6.76,6.9,
Taiwan,TWN,2008,266.595,11.591933,2.865781,6.7299999999999995,0.8,
Taiwan,TWN,2009,252.505,10.957477,2.7829232,6.31,-1.6,
Taiwan,TWN,2010,270.148,11.703289,2.9057376,7.09,10.2,
Taiwan,TWN,2011,276.283,11.938044,2.9686685,7.4,3.7,
Taiwan,TWN,2012,272.756,11.73949,3.6737664,9.09,2.2,
Taiwan,TWN,2013,273.797,11.735666,3.708758,9.24,2.5,
Taiwan,TWN,2014,276.311,11.796813,3.2236714,8.280000000000001,4.7,
Taiwan,TWN,2015,275.836,11.731644,3.4494925,8.799999999999999,1.5,
Taiwan,TWN,2016,279.705,11.854684,4.236638,11.049999999999999,2.2,
Taiwan,TWN,2017,284.821,12.035526,4.012288,10.71,3.3,
Taiwan,TWN,2018,282.843,11.921133,3.9976485,10.88,2.8,
Taiwan,TWN,2019,273.515,11.502987,4.9634657,13.45,3.1,
Taiwan,TWN,2020,264.267187,11.093659,4.837253,13.39,3.4,
Taiwan,TWN,2021,282.856073,11.854867,5.438749,15.649999999999999,6.5,
Tanzania,TZA,1990,2.112309,0.080604,,,7.0,
Tanzania,TZA,1991,2.255268,0.083867,,,2.1,
Tanzania,TZA,1992,2.177588,0.078953,,,0.6,
Tanzania,TZA,1993,2.426036,0.085217,,,1.2,
Tanzania,TZA,1994,2.063123,0.069704,,,1.6,
Tanzania,TZA,1995,2.43389,0.079643,,,3.6,
Tanzania,TZA,1996,2.526706,0.081138,,,4.5,
Tanzania,TZA,1997,2.824358,0.088856,,,3.5,
Tanzania,TZA,1998,2.480937,0.076041,,,3.7,
Tanzania,TZA,1999,2.458755,0.073396,,,4.8,
Tanzania,TZA,2000,2.571821,0.074624,93.852455,2.29,4.9,
Tanzania,TZA,2001,3.04081,0.085863,97.4359,2.66,6.0,
Tanzania,TZA,2002,3.485616,0.095881,96.441284,2.71,7.2,
Tanzania,TZA,2003,3.687241,0.098764,96.94657,2.54,6.9,
Tanzania,TZA,2004,4.232275,0.110328,86.26761,2.45,7.8,
Tanzania,TZA,2005,5.359481,0.135891,62.09913,2.13,7.4,
Tanzania,TZA,2006,5.879905,0.144961,55.589127,1.8399999999999999,4.7,
Tanzania,TZA,2007,5.709808,0.136872,70.197044,2.85,8.5,
Tanzania,TZA,2008,5.914939,0.137971,70.117645,2.98,5.6,
Tanzania,TZA,2009,5.770842,0.131281,65.80645,3.06,5.4,
Tanzania,TZA,2010,6.926654,0.153549,64.85437,3.34,6.4,
Tanzania,TZA,2011,7.751513,0.167001,50.499,2.5300000000000002,7.9,
Tanzania,TZA,2012,9.059775,0.18959,43.248173,2.37,5.1,
Tanzania,TZA,2013,9.910496,0.201213,39.619377,2.29,6.8,
Tanzania,TZA,2014,9.898228,0.194791,51.973686,3.16,6.7,
Tanzania,TZA,2015,10.635198,0.20241,44.969513,2.9499999999999997,6.2,
Tanzania,TZA,2016,10.869388,0.199798,46.484936,3.2399999999999998,6.9,
Tanzania,TZA,2017,11.403023,0.202659,46.296295,3.25,6.8,
Tanzania,TZA,2018,11.787107,0.20291,39.142464,2.8299999999999996,7.0,
Tanzania,TZA,2019,13.043474,0.217854,40.921055,3.11,7.0,
Tanzania,TZA,2020,12.29418,0.199243,46.691635,3.74,4.8,
Tanzania,TZA,2021,13.058865,0.205366,44.675644,3.65,4.9,
Uganda,UGA,1990,0.760855,0.043263,,,6.5,15.91996
Uganda,UGA,1991,0.779805,0.042913,,,1.8,15.91996
Uganda,UGA,1992,0.797791,0.042431,,,5.9,15.91996
Uganda,UGA,1993,0.797457,0.040973,,,6.7,15.91996
Uganda,UGA,1994,0.708177,0.035189,,,7.7,15.91996
Uganda,UGA,1995,0.925485,0.044751,,,9.2,15.91996
Uganda,UGA,1996,1.018092,0.047911,,,6.6,15.91996
Uganda,UGA,1997,1.061946,0.048542,,,4.6,15.91996
Uganda,UGA,1998,1.208757,0.053633,,,6.1,15.91996
Uganda,UGA,1999,1.254724,0.053899,,,8.0,15.91996
Uganda,UGA,2000,1.36087,0.056654,97.484276,1.55,3.9,15.91996
Uganda,UGA,2001,1.417088,0.057225,97.484276,1.55,8.8,15.91996
Uganda,UGA,2002,1.446221,0.056614,97.66082,1.67,7.1,15.91996
Uganda,UGA,2003,1.512745,0.057399,97.22222,1.75,6.2,15.91996
Uganda,UGA,2004,1.607486,0.059216,97.422676,1.89,5.8,15.91996
Uganda,UGA,2005,2.017941,0.072207,94.35897,1.84,10.0,15.91996
Uganda,UGA,2006,2.383386,0.082833,74.522285,1.17,7.0,15.91996
Uganda,UGA,2007,2.70999,0.091462,71.5736,1.41,8.1,15.91996
Uganda,UGA,2008,2.779614,0.091105,73.27586,1.7,10.4,15.91996
Uganda,UGA,2009,2.999798,0.095497,62.916664,1.51,8.1,15.91996
Uganda,UGA,2010,3.569619,0.110372,59.107807,1.59,7.5,15.91996
Uganda,UGA,2011,3.824069,0.114852,61.685825,1.61,7.7,15.91996
Uganda,UGA,2012,3.626987,0.105825,80.61224,1.58,2.3,15.91996
Uganda,UGA,2013,3.75453,0.10644,94.5946,2.4499999999999997,3.9,15.91996
Uganda,UGA,2014,4.089666,0.11255,89.67972,2.52,5.7,15.91996
Uganda,UGA,2015,4.52557,0.120755,89.89548,2.58,8.0,15.91996
Uganda,UGA,2016,4.788769,0.123587,92.30769,3.48,0.2,15.91996
Uganda,UGA,2017,5.37689,0.133997,93.35038,3.65,6.8,15.91996
Uganda,UGA,2018,5.630826,0.135632,92.82407,4.01,5.6,15.91996
Uganda,UGA,2019,6.011812,0.139975,98.14814,4.24,7.6,15.91996
Uganda,UGA,2020,5.506982,0.124018,97.07866,4.32,-1.2,15.91996
Uganda,UGA,2021,5.780464,0.126063,97.045456,4.2700000000000005,5.7,15.91996
Ukraine,UKR,1990,705.830043,13.681577,3.5195231,10.51,,-2.6369243
Ukraine,UKR,1991,632.536676,12.241188,4.205121,11.71,,-2.6369243
Ukraine,UKR,1992,589.060298,11.375081,3.1230183,7.88,-9.9,-2.6369243
Ukraine,UKR,1993,510.199583,9.853518,4.80606,11.04,-14.2,-2.6369243
Ukraine,UKR,1994,419.266344,8.143091,5.978395,12.12,-22.9,-2.6369243
Ukraine,UKR,1995,389.864657,7.635233,5.133629,9.95,-12.2,-2.6369243
Ukraine,UKR,1996,351.408793,6.942628,4.7210064,8.63,-10.0,-2.6369243
Ukraine,UKR,1997,340.242725,6.781884,5.5449324,9.86,-3.0,-2.6369243
Ukraine,UKR,1998,328.576744,6.605105,9.116711,15.74,-1.9,-2.6369243
Ukraine,UKR,1999,298.178287,6.045774,8.328486,14.32,-0.2,-2.6369243
Ukraine,UKR,2000,285.321939,5.837221,6.586092,11.28,5.9,-2.6369243
Ukraine,UKR,2001,303.561756,6.270054,6.972976,12.049999999999999,8.8,-2.6369243
Ukraine,UKR,2002,295.673973,6.162887,5.5597157,9.65,5.3,-2.6369243
Ukraine,UKR,2003,306.998709,6.448788,5.1442847,9.27,9.5,-2.6369243
Ukraine,UKR,2004,310.270626,6.564912,6.471816,11.78,11.8,-2.6369243
Ukraine,UKR,2005,313.066891,6.673406,6.6698937,12.399999999999999,3.1,-2.6369243
Ukraine,UKR,2006,332.613143,7.138761,6.6863327,12.92,7.6,-2.6369243
Ukraine,UKR,2007,336.351221,7.262555,5.3380237,10.47,8.2,-2.6369243
Ukraine,UKR,2008,325.536205,7.067205,6.137709,11.82,2.2,-2.6369243
Ukraine,UKR,2009,277.296698,6.04608,6.980763,12.12,-15.1,-2.6369243
Ukraine,UKR,2010,294.110664,6.438074,7.0914097,13.39,4.1,-2.6369243
Ukraine,UKR,2011,307.956066,6.765866,5.745063,11.2,5.5,-2.6369243
Ukraine,UKR,2012,303.976228,6.694594,5.6614237,11.23,0.2,-2.6369243
Ukraine,UKR,2013,297.251191,6.560808,7.8003197,15.110000000000001,0.0,-2.6369243
Ukraine,UKR,2014,257.510818,5.703694,5.5885262,10.17,-6.6,-2.6369243
Ukraine,UKR,2015,223.824094,4.975797,4.392477,7.1000000000000005,-9.8,-2.6369243
Ukraine,UKR,2016,234.008459,5.219492,5.6797247,9.25,2.4,-2.6369243
Ukraine,UKR,2017,223.087077,4.995539,7.0457196,10.88,2.4,-2.6369243
Ukraine,UKR,2018,231.674691,5.212386,8.228528,13.02,3.5,-2.6369243
Ukraine,UKR,2019,222.056698,5.022647,7.7754483,11.87,3.2,-2.6369243
Ukraine,UKR,2020,206.941159,4.712884,11.844058,17.560000000000002,-3.8,-2.6369243
Ukraine,UKR,2021,201.857716,4.637058,14.038017,21.86,3.4,-2.6369243
Uruguay,URY,1990,3.967289,1.272786,,,0.3,16.260715
Uruguay,URY,1991,4.527678,1.444063,,,3.5,16.260715
Uruguay,URY,1992,5.142888,1.630731,,,7.9,16.260715
Uruguay,URY,1993,4.43922,1.399614,,,2.7,16.260715
Uruguay,URY,1994,4.030404,1.263471,,,7.3,16.260715
Uruguay,URY,1995,4.557192,1.420438,,,-1.4,16.260715
Uruguay,URY,1996,5.405165,1.675172,,,5.6,16.260715
Uruguay,URY,1997,5.513665,1.69909,,,5.5,16.260715
Uruguay,URY,1998,5.638758,1.728258,,,4.5,16.260715
Uruguay,URY,1999,6.682218,2.037906,,,-1.9,16.260715
Uruguay,URY,2000,5.268017,1.600139,93.45795,7.0,-1.9,16.260715
Uruguay,URY,2001,5.030443,1.523943,99.344986,9.1,-3.8,16.260715
Uruguay,URY,2002,4.557757,1.378448,99.26392,9.44,-7.7,16.260715
Uruguay,URY,2003,4.526888,1.367556,99.06213,8.45,0.8,16.260715
Uruguay,URY,2004,5.564822,1.679287,82.52595,4.7700000000000005,5.0,16.260715
Uruguay,URY,2005,5.726669,1.726114,88.09524,6.66,7.5,16.260715
Uruguay,URY,2006,6.597095,1.985712,65.81353,3.6,4.1,16.260715
Uruguay,URY,2007,5.947501,1.78676,89.547424,8.31,6.5,16.260715
Uruguay,URY,2008,8.201629,2.458429,64.588234,5.49,7.2,16.260715
Uruguay,URY,2009,7.946771,2.376316,69.51081,6.11,4.2,16.260715
Uruguay,URY,2010,6.29796,1.878501,84.14855,9.290000000000001,7.8,16.260715
Uruguay,URY,2011,7.652644,2.276464,73.09547,7.58,5.2,16.260715
Uruguay,URY,2012,8.591791,2.548636,63.559322,6.75,3.5,16.260715
Uruguay,URY,2013,7.492373,2.215905,82.111694,9.41,4.6,16.260715
Uruguay,URY,2014,6.684323,1.970811,87.15953,11.200000000000001,3.2,16.260715
Uruguay,URY,2015,6.742026,1.981307,85.88235,11.68,0.4,16.260715
Uruguay,URY,2016,6.521229,1.910274,90.11628,12.4,1.7,16.260715
Uruguay,URY,2017,6.162573,1.800764,90.73684,12.93,1.7,16.260715
Uruguay,URY,2018,6.57097,1.917388,90.62715,13.15,0.2,16.260715
Uruguay,URY,2019,6.489942,1.89299,88.2793,14.16,0.7,16.260715
Uruguay,URY,2020,6.29665,1.836247,82.28782,11.150000000000002,-6.3,16.260715
Uruguay,URY,2021,6.737872,1.966539,78.06574,12.35,5.3,16.260715
USA,USA,1990,5122.496248,20.648255,10.917163,352.92777865,1.9,
USA,USA,1991,5064.987175,20.134295,10.741865,351.3367916,-0.1,
USA,USA,1992,5175.219975,20.281035,9.729862,319.56661837,3.5,
USA,USA,1993,5274.36263,20.381667,10.2707815,349.68702067999993,2.8,
USA,USA,1994,5365.578825,20.457946,9.532383,329.6799611,4.0,
USA,USA,1995,5427.798477,20.43133,10.601639,378.1955868,2.7,
USA,USA,1996,5616.430864,20.88014,11.360623,416.18350755,3.8,
USA,USA,1997,5691.864597,20.895594,11.45328,425.6471233,4.4,
USA,USA,1998,5737.12937,20.799134,10.147997,391.2873080400001,4.5,
USA,USA,1999,5810.331395,20.812016,9.860898,388.13459350000005,4.8,
USA,USA,2000,6016.350574,21.304467,9.229899,350.92999999999995,4.1,
USA,USA,2001,5911.988517,20.709631,7.5132055,280.06,1.0,
USA,USA,2002,5952.698581,20.643986,8.749216,336.34000000000003,1.7,
USA,USA,2003,6015.804219,20.665068,9.025211,349.17999999999995,2.8,
USA,USA,2004,6117.962686,20.813086,8.73341,345.140005,3.9,
USA,USA,2005,6137.603445,20.676284,8.749464,353.04,3.5,
USA,USA,2006,6057.163161,20.207175,9.418474,381.15999999999997,2.8,
USA,USA,2007,6135.287208,20.265635,8.39841,347.910005,2.0,
USA,USA,2008,5918.868654,19.362012,9.1809435,377.11,0.1,
USA,USA,2009,5482.977899,17.772331,10.547689,415.55999999999995,-2.6,
USA,USA,2010,5681.392035,18.257408,10.3180895,424.48,2.7,
USA,USA,2011,5546.628958,17.671368,12.466525,509.74,1.5,
USA,USA,2012,5345.454261,16.8812,12.184118,492.32,2.3,
USA,USA,2013,5480.926097,17.161404,12.831115,520.3800000000001,1.8,
USA,USA,2014,5528.871276,17.168597,13.35031,546.83,2.3,
USA,USA,2015,5376.577933,16.563306,13.626135,556.49,2.7,
USA,USA,2016,5251.757629,16.050104,15.288093,624.91,1.7,
USA,USA,2017,5210.957584,15.800777,17.451527,707.1900039999999,2.2,
USA,USA,2018,5376.657233,16.187923,17.44999,733.170004,2.9,
USA,USA,2019,5259.143836,15.730884,18.294624,760.76,2.3,
USA,USA,2020,4715.691109,14.037218,20.315693,821.4,-2.8,
USA,USA,2021,5007.335889,14.858668,20.749863,861.5799999999999,5.9,
Uzbekistan,UZB,1990,103.371851,5.023147,11.802929,6.648,,
Uzbekistan,UZB,1991,102.749539,4.875584,11.134497,6.031,,
Uzbekistan,UZB,1992,110.984327,5.140987,12.337216,6.281,-11.1,
Uzbekistan,UZB,1993,115.617242,5.234885,14.970803,7.358,-2.3,
Uzbekistan,UZB,1994,107.979978,4.785343,14.970713,7.156,-5.2,
Uzbekistan,UZB,1995,102.663682,4.458558,13.040273,6.188,-0.9,
Uzbekistan,UZB,1996,105.546009,4.497841,14.366235,6.525,1.7,
Uzbekistan,UZB,1997,106.629578,4.465732,12.54397,5.777,5.2,
Uzbekistan,UZB,1998,118.498913,4.885188,12.5446615,5.758,4.3,
Uzbekistan,UZB,1999,121.739198,4.948203,12.545182,5.692,4.3,
Uzbekistan,UZB,2000,120.994017,4.854216,13.128806,5.82,3.8,
Uzbekistan,UZB,2001,122.586352,4.855204,13.125695,5.9,4.2,
Uzbekistan,UZB,2002,127.518315,4.985268,13.11335,6.12,4.0,
Uzbekistan,UZB,2003,125.935969,4.861284,16.107668,7.54,4.2,
Uzbekistan,UZB,2004,125.118217,4.769147,18.818565,8.92,7.4,
Uzbekistan,UZB,2005,116.576172,4.386946,18.820522,8.84,7.0,
Uzbekistan,UZB,2006,119.515162,4.438518,10.592255,4.65,7.5,
Uzbekistan,UZB,2007,119.900918,4.390429,10.334005,4.61,9.5,
Uzbekistan,UZB,2008,123.405246,4.450755,11.044776,4.44,9.0,
Uzbekistan,UZB,2009,105.987866,3.762726,14.394619,6.42,8.1,
Uzbekistan,UZB,2010,104.156837,3.640037,16.46032,8.11,7.1,
Uzbekistan,UZB,2011,113.283524,3.898604,11.315842,5.65,7.5,
Uzbekistan,UZB,2012,118.854708,4.028557,13.140578,6.59,7.1,
Uzbekistan,UZB,2013,112.28197,3.747326,10.945371,5.65,7.3,
Uzbekistan,UZB,2014,107.399472,3.527477,11.402011,6.01,6.9,
Uzbekistan,UZB,2015,103.695922,3.350497,12.832264,7.0,7.2,
Uzbekistan,UZB,2016,110.139074,3.501639,12.946428,7.25,5.9,
Uzbekistan,UZB,2017,108.930768,3.409875,14.381675,8.35,4.4,
Uzbekistan,UZB,2018,116.464113,3.58908,9.8435135,5.85,5.9,
Uzbekistan,UZB,2019,118.797933,3.602454,10.7636,6.47,6.0,
Uzbekistan,UZB,2020,118.239699,3.526737,8.954424,5.01,2.0,
Uzbekistan,UZB,2021,121.631478,3.568847,8.46141,5.01,7.4,
Saint Vincent and the Grenadines,VCT,1990,0.080608,0.716598,,,4.8,
Saint Vincent and the Grenadines,VCT,1991,0.084272,0.747225,,,2.2,
Saint Vincent and the Grenadines,VCT,1992,0.084272,0.744308,,,7.1,
Saint Vincent and the Grenadines,VCT,1993,0.102592,0.902932,,,3.6,
Saint Vincent and the Grenadines,VCT,1994,0.120912,1.061153,,,-1.2,
Saint Vincent and the Grenadines,VCT,1995,0.12824,1.123198,,,6.8,
Saint Vincent and the Grenadines,VCT,1996,0.131904,1.154117,,,1.1,
Saint Vincent and the Grenadines,VCT,1997,0.131904,1.154258,,,3.7,
Saint Vincent and the Grenadines,VCT,1998,0.161216,1.412132,,,4.5,
Saint Vincent and the Grenadines,VCT,1999,0.16488,1.446379,,,2.1,
Saint Vincent and the Grenadines,VCT,2000,0.14656,1.287726,33.333332,0.03,1.8,
Saint Vincent and the Grenadines,VCT,2001,0.179536,1.579852,20.0,0.02,1.6,
Saint Vincent and the Grenadines,VCT,2002,0.186864,1.647104,20.0,0.02,4.9,
Saint Vincent and the Grenadines,VCT,2003,0.197856,1.749266,20.0,0.02,6.1,
Saint Vincent and the Grenadines,VCT,2004,0.21984,1.952259,25.0,0.03,3.7,
Saint Vincent and the Grenadines,VCT,2005,0.21984,1.962104,23.076923,0.03,2.3,
Saint Vincent and the Grenadines,VCT,2006,0.216176,1.940068,16.666668,0.02,6.5,
Saint Vincent and the Grenadines,VCT,2007,0.234496,2.115932,15.384616,0.02,3.1,
Saint Vincent and the Grenadines,VCT,2008,0.21984,1.992821,15.384616,0.02,0.4,
Saint Vincent and the Grenadines,VCT,2009,0.278464,2.535178,15.384616,0.02,-1.2,
Saint Vincent and the Grenadines,VCT,2010,0.21984,2.011198,21.428572,0.03,-4.3,
Saint Vincent and the Grenadines,VCT,2011,0.216176,1.988685,21.428572,0.03,-0.6,
Saint Vincent and the Grenadines,VCT,2012,0.230832,2.135692,21.428572,0.03,1.1,
Saint Vincent and the Grenadines,VCT,2013,0.21984,2.045975,15.384616,0.02,2.5,
Saint Vincent and the Grenadines,VCT,2014,0.252816,2.364711,7.692308,0.01,1.1,
Saint Vincent and the Grenadines,VCT,2015,0.234496,2.202213,14.285714,0.02,2.8,
Saint Vincent and the Grenadines,VCT,2016,0.241824,2.282155,13.333333,0.02,4.1,
Saint Vincent and the Grenadines,VCT,2017,0.216176,2.04811,14.285714,0.02,1.5,
Saint Vincent and the Grenadines,VCT,2018,0.241824,2.296939,14.285714,0.02,3.2,
Saint Vincent and the Grenadines,VCT,2019,0.227168,2.165072,14.285714,0.02,0.7,
Saint Vincent and the Grenadines,VCT,2020,0.193957,1.853702,26.666666,0.04,-3.7,
Saint Vincent and the Grenadines,VCT,2021,0.21367,2.047981,25.0,0.04,0.8,
Venezuela,VEN,1990,121.823036,6.168074,62.343864,36.983,6.5,
Venezuela,VEN,1991,115.052176,5.68827,70.3254,44.542,9.7,
Venezuela,VEN,1992,105.576784,5.100214,70.093414,47.271,6.1,
Venezuela,VEN,1993,123.966331,5.855174,68.429855,47.478,0.3,
Venezuela,VEN,1994,129.531168,5.985498,72.00685,51.284,-2.3,
Venezuela,VEN,1995,132.876193,6.010516,70.05147,51.45,4.0,
Venezuela,VEN,1996,122.338416,5.419893,71.2375,53.847,-0.2,
Venezuela,VEN,1997,133.482705,5.794134,73.358444,57.268,6.4,
Venezuela,VEN,1998,166.803906,7.096885,71.59473,57.923,0.3,
Venezuela,VEN,1999,172.562678,7.200024,75.2001,60.6,-6.0,
Venezuela,VEN,2000,151.86991,6.217111,74.723694,62.2,3.7,
Venezuela,VEN,2001,171.975048,6.912124,68.212906,59.85,3.4,
Venezuela,VEN,2002,192.746571,7.609139,68.020775,58.94,-8.9,
Venezuela,VEN,2003,191.457512,7.426006,67.133415,59.93,-7.8,
Venezuela,VEN,2004,151.268097,5.767664,72.1027,69.37,18.3,
Venezuela,VEN,2005,163.822999,6.142874,75.41177,76.46,10.3,
Venezuela,VEN,2006,160.160226,5.909518,74.865616,80.78,9.9,
Venezuela,VEN,2007,149.924084,5.446814,73.52468,82.23,8.8,
Venezuela,VEN,2008,168.690196,6.03892,73.80666,85.97,5.3,
Venezuela,VEN,2009,169.572855,5.986074,72.92203,85.1,-3.2,
Venezuela,VEN,2010,184.084056,6.410723,68.61347,76.01,-1.5,
Venezuela,VEN,2011,175.944973,6.047017,71.98853,82.83,4.2,
Venezuela,VEN,2012,175.722791,5.962682,68.55118,81.24,5.6,
Venezuela,VEN,2013,198.427035,6.650141,68.977005,82.8,1.3,
Venezuela,VEN,2014,175.961321,5.827835,63.51769,63.74,-3.9,
Venezuela,VEN,2015,165.853061,5.432512,62.29027,74.25000000000001,-6.2,
Venezuela,VEN,2016,152.385301,4.956996,59.6389,62.43,-17.0,
Venezuela,VEN,2017,140.384977,4.593233,59.885387,60.61,-15.7,
Venezuela,VEN,2018,102.67186,3.442401,59.884857,58.25,-19.7,
Venezuela,VEN,2019,89.111142,3.075801,59.89163,49.74,-27.7,
Venezuela,VEN,2020,76.467466,2.683968,66.4438,62.61,-30.0,
Venezuela,VEN,2021,79.746599,2.827907,64.48549,61.1,1.0,
British Virgin Islands,VGB,1990,0.065952,4.22309,,,,
British Virgin Islands,VGB,1991,0.07328,4.554382,,,,
British Virgin Islands,VGB,1992,0.084272,5.114834,,,,
British Virgin Islands,VGB,1993,0.087936,5.217206,,,,
British Virgin Islands,VGB,1994,0.098928,5.733295,,,,
British Virgin Islands,VGB,1995,0.10992,6.219305,,,,
British Virgin Islands,VGB,1996,0.117248,6.47064,,,,
British Virgin Islands,VGB,1997,0.117248,6.306708,,,,
British Virgin Islands,VGB,1998,0.120912,6.337439,,,,
British Virgin Islands,VGB,1999,0.120912,6.173389,,,,
British Virgin Islands,VGB,2000,0.124576,6.196578,0.0,0.0,,
British Virgin Islands,VGB,2001,0.12824,6.208065,0.0,0.0,,
British Virgin Islands,VGB,2002,0.135568,6.368283,0.0,0.0,,
British Virgin Islands,VGB,2003,0.14656,6.667273,0.0,0.0,,
British Virgin Islands,VGB,2004,0.161216,7.097337,0.0,0.0,,
British Virgin Islands,VGB,2005,0.179536,7.640805,0.0,0.0,,
British Virgin Islands,VGB,2006,0.1832,7.531966,0.0,0.0,,
British Virgin Islands,VGB,2007,0.186864,7.417887,0.0,0.0,,
British Virgin Islands,VGB,2008,0.190528,7.29573,0.0,0.0,,
British Virgin Islands,VGB,2009,0.190528,7.045112,0.0,0.0,,
British Virgin Islands,VGB,2010,0.197856,7.180142,0.0,0.0,,
British Virgin Islands,VGB,2011,0.20152,7.206924,0.0,0.0,,
British Virgin Islands,VGB,2012,0.20152,7.090532,0.0,0.0,,
British Virgin Islands,VGB,2013,0.20152,7.032139,0.0,0.0,,
British Virgin Islands,VGB,2014,0.212512,7.335335,0.0,0.0,,
British Virgin Islands,VGB,2015,0.212512,7.236668,0.0,0.0,,
British Virgin Islands,VGB,2016,0.212512,7.145903,0.0,0.0,,
British Virgin Islands,VGB,2017,0.168544,5.606919,0.0,0.0,,
British Virgin Islands,VGB,2018,0.161216,5.314521,0.0,0.0,,
British Virgin Islands,VGB,2019,0.168544,5.506174,0.0,0.0,,
British Virgin Islands,VGB,2020,0.143903,4.655555,0.0,0.0,,
British Virgin Islands,VGB,2021,0.158529,5.093802,0.0,0.0,,
Viet Nam,VNM,1990,21.298647,0.318305,61.847717,5.369,5.0,
Viet Nam,VNM,1991,21.375535,0.312696,68.58849,6.317,5.8,
Viet Nam,VNM,1992,21.466459,0.307592,74.47707,7.228,8.7,
Viet Nam,VNM,1993,22.853002,0.321076,74.70456,7.965,8.1,
Viet Nam,VNM,1994,26.168861,0.360944,75.21973,9.243,8.8,
Viet Nam,VNM,1995,28.696697,0.38906,72.24194,10.582,9.5,
Viet Nam,VNM,1996,34.206458,0.456412,70.868744,12.008,9.3,
Viet Nam,VNM,1997,44.516863,0.585297,60.92933,11.657,8.2,
Viet Nam,VNM,1998,46.791454,0.606669,51.157322,11.095,5.8,
Viet Nam,VNM,1999,46.889833,0.6002,58.46598,13.774,4.8,
Viet Nam,VNM,2000,52.600951,0.665825,54.781628,14.55,6.8,
Viet Nam,VNM,2001,59.654045,0.747378,59.490356,18.21,6.9,
Viet Nam,VNM,2002,68.499452,0.849423,50.837994,18.2,7.1,
Viet Nam,VNM,2003,76.047699,0.933377,46.396286,18.99,7.3,
Viet Nam,VNM,2004,87.743442,1.065996,38.571426,17.82,7.8,
Viet Nam,VNM,2005,94.693883,1.13894,31.835636,16.580000000000002,7.5,
Viet Nam,VNM,2006,98.625742,1.17479,34.145077,19.775000000000002,7.0,
Viet Nam,VNM,2007,100.362015,1.184041,35.09975,22.519000000000002,7.1,
Viet Nam,VNM,2008,113.326892,1.323955,36.68781,26.035,5.7,
Viet Nam,VNM,2009,123.442875,1.427367,37.264385,30.052000000000003,5.4,
Viet Nam,VNM,2010,138.585135,1.585443,31.203663,28.625,6.4,
Viet Nam,VNM,2011,151.226964,1.711698,40.577282,41.18599999999999,6.4,
Viet Nam,VNM,2012,144.373038,1.616695,46.391663,53.417,5.5,
Viet Nam,VNM,2013,151.518339,1.678544,46.56918,57.958,5.6,
Viet Nam,VNM,2014,183.824971,2.01484,44.106194,62.29899999999999,6.4,
Viet Nam,VNM,2015,217.728761,2.361704,36.359608,57.43,7.0,
Viet Nam,VNM,2016,226.099813,2.427878,36.671406,64.44800000000001,6.7,
Viet Nam,VNM,2017,233.040761,2.478286,45.949894,88.03645399999999,6.9,
Viet Nam,VNM,2018,274.223081,2.889164,40.733303,85.20620999999998,7.5,
Viet Nam,VNM,2019,341.004951,3.560416,31.940903,72.63621,7.4,
Viet Nam,VNM,2020,328.899732,3.403044,36.29567,85.43620999999999,2.9,
Viet Nam,VNM,2021,326.013668,3.344827,42.578747,104.2180361,2.6,
Vanuatu,VUT,1990,0.065952,0.43711,,,11.7,
Vanuatu,VUT,1991,0.065952,0.426383,,,3.1,
Vanuatu,VUT,1992,0.062288,0.392793,,,2.6,
Vanuatu,VUT,1993,0.062288,0.383198,,,0.7,
Vanuatu,VUT,1994,0.062288,0.373967,,,9.1,
Vanuatu,VUT,1995,0.065952,0.386561,,,1.0,
Vanuatu,VUT,1996,0.084272,0.482343,,,2.3,
Vanuatu,VUT,1997,0.084272,0.471133,,,4.9,
Vanuatu,VUT,1998,0.080608,0.440269,,,1.2,
Vanuatu,VUT,1999,0.084272,0.449614,,,0.3,
Vanuatu,VUT,2000,0.084272,0.438748,0.0,0.0,5.9,
Vanuatu,VUT,2001,0.087936,0.446299,0.0,0.0,-3.4,
Vanuatu,VUT,2002,0.084272,0.41693,0.0,0.0,-5.2,
Vanuatu,VUT,2003,0.084272,0.406604,0.0,0.0,4.3,
Vanuatu,VUT,2004,0.058624,0.275979,0.0,0.0,4.0,
Vanuatu,VUT,2005,0.058624,0.269372,0.0,0.0,5.3,
Vanuatu,VUT,2006,0.047632,0.21367,0.0,0.0,8.5,
Vanuatu,VUT,2007,0.098928,0.433239,0.0,0.0,2.9,
Vanuatu,VUT,2008,0.095264,0.407195,0.0,0.0,5.6,
Vanuatu,VUT,2009,0.120912,0.504454,0.0,0.0,3.0,
Vanuatu,VUT,2010,0.120912,0.492608,0.0,0.0,1.3,
Vanuatu,VUT,2011,0.131904,0.524899,16.666668,0.01,3.1,
Vanuatu,VUT,2012,0.113584,0.441423,16.666668,0.01,1.0,
Vanuatu,VUT,2013,0.106256,0.403197,28.571428,0.02,0.5,
Vanuatu,VUT,2014,0.153888,0.57011,28.571428,0.02,3.1,
Vanuatu,VUT,2015,0.131904,0.477156,28.571428,0.02,0.4,
Vanuatu,VUT,2016,0.14656,0.517481,28.571428,0.02,4.7,
Vanuatu,VUT,2017,0.139232,0.479715,16.666668,0.01,6.3,
Vanuatu,VUT,2018,0.175872,0.591568,28.571428,0.02,2.9,
Vanuatu,VUT,2019,0.161216,0.529612,28.571428,0.02,3.2,
Vanuatu,VUT,2020,0.17015,0.545904,28.571428,0.02,-5.0,
Vanuatu,VUT,2021,0.174859,0.547911,28.571428,0.02,0.6,
Wallis and Futuna Islands,WLF,1990,0.01832,1.361677,,,,
Wallis and Futuna Islands,WLF,1991,0.01832,1.347257,,,,
Wallis and Futuna Islands,WLF,1992,0.01832,1.332557,,,,
Wallis and Futuna Islands,WLF,1993,0.01832,1.317986,,,,
Wallis and Futuna Islands,WLF,1994,0.01832,1.304286,,,,
Wallis and Futuna Islands,WLF,1995,0.01832,1.291961,,,,
Wallis and Futuna Islands,WLF,1996,0.021984,1.538311,,,,
Wallis and Futuna Islands,WLF,1997,0.021984,1.527728,,,,
Wallis and Futuna Islands,WLF,1998,0.021984,1.517184,,,,
Wallis and Futuna Islands,WLF,1999,0.025648,1.756592,,,,
Wallis and Futuna Islands,WLF,2000,0.025648,1.742036,,,,
Wallis and Futuna Islands,WLF,2001,0.025648,1.726905,,,,
Wallis and Futuna Islands,WLF,2002,0.025648,1.711236,,,,
Wallis and Futuna Islands,WLF,2003,0.025648,1.70634,,,,
Wallis and Futuna Islands,WLF,2004,0.025648,1.726789,,,,
Wallis and Futuna Islands,WLF,2005,0.029312,2.014155,,,,
Wallis and Futuna Islands,WLF,2006,0.029312,2.05554,,,,
Wallis and Futuna Islands,WLF,2007,0.029312,2.099112,,,,
Wallis and Futuna Islands,WLF,2008,0.021984,1.608782,,,,
Wallis and Futuna Islands,WLF,2009,0.029312,2.188769,,,,
Wallis and Futuna Islands,WLF,2010,0.029312,2.230406,,,,
Wallis and Futuna Islands,WLF,2011,0.025648,1.988217,,,,
Wallis and Futuna Islands,WLF,2012,0.025648,2.02415,,,,
Wallis and Futuna Islands,WLF,2013,0.021984,1.7638,,,,
Wallis and Futuna Islands,WLF,2014,0.021984,1.7863,,,,
Wallis and Futuna Islands,WLF,2015,0.021984,1.80463,,,,
Wallis and Futuna Islands,WLF,2016,0.025648,2.1267,,,,
Wallis and Futuna Islands,WLF,2017,0.025648,2.148794,,,,
Wallis and Futuna Islands,WLF,2018,0.025648,2.170616,,,,
Wallis and Futuna Islands,WLF,2019,0.025648,2.189517,,,,
Wallis and Futuna Islands,WLF,2020,0.027069,2.32255,,,,
Wallis and Futuna Islands,WLF,2021,0.027818,2.392571,,,,
Samoa,WSM,1990,0.087936,0.52285,,,-6.4,
Samoa,WSM,1991,0.095264,0.564691,,,-2.4,
Samoa,WSM,1992,0.098928,0.582618,,,4.1,
Samoa,WSM,1993,0.102592,0.598686,,,1.7,
Samoa,WSM,1994,0.095264,0.550319,,,6.4,
Samoa,WSM,1995,0.113584,0.649415,,,6.6,
Samoa,WSM,1996,0.124576,0.704962,,,7.3,
Samoa,WSM,1997,0.124576,0.697737,,,0.8,
Samoa,WSM,1998,0.142896,0.792172,,,1.1,
Samoa,WSM,1999,0.135568,0.744017,,,-0.6,
Samoa,WSM,2000,0.142896,0.776575,50.0,0.05,5.1,
Samoa,WSM,2001,0.153888,0.829451,54.545456,0.060000000000000005,7.4,
Samoa,WSM,2002,0.161216,0.863827,58.333336,0.06999999999999999,5.7,
Samoa,WSM,2003,0.157552,0.840546,54.545456,0.060000000000000005,5.2,
Samoa,WSM,2004,0.16488,0.876681,54.545456,0.060000000000000005,3.1,
Samoa,WSM,2005,0.168544,0.893535,54.545456,0.060000000000000005,6.6,
Samoa,WSM,2006,0.172208,0.90933,45.454544,0.05,2.1,
Samoa,WSM,2007,0.179536,0.942555,45.454544,0.05,0.5,
Samoa,WSM,2008,0.161216,0.840599,45.454544,0.05,3.6,
Samoa,WSM,2009,0.168544,0.872489,45.454544,0.05,-0.5,
Samoa,WSM,2010,0.1832,0.94107,45.454544,0.05,2.5,
Samoa,WSM,2011,0.190528,0.970344,41.666668,0.05,3.8,
Samoa,WSM,2012,0.186864,0.943167,36.363636,0.04,-3.7,
Samoa,WSM,2013,0.194192,0.971256,27.272728,0.03,0.1,
Samoa,WSM,2014,0.20152,0.998825,25.0,0.03,0.7,
Samoa,WSM,2015,0.227168,1.115915,30.769232,0.04,3.9,
Samoa,WSM,2016,0.23816,1.158681,35.714287,0.05,8.0,
Samoa,WSM,2017,0.245488,1.182334,35.714287,0.05,1.4,
Samoa,WSM,2018,0.23816,1.135712,40.0,0.06,-0.6,
Samoa,WSM,2019,0.271136,1.279517,40.0,0.06,4.5,
Samoa,WSM,2020,0.286161,1.331423,37.5,0.06,-3.1,
Samoa,WSM,2021,0.29408,1.344282,35.294117,0.06,-7.1,
Yemen,YEM,1990,9.520184,0.711783,,,,
Yemen,YEM,1991,9.127376,0.656842,,,6.3,
Yemen,YEM,1992,9.873645,0.684066,,,8.2,
Yemen,YEM,1993,8.625426,0.575487,,,4.0,
Yemen,YEM,1994,8.982038,0.577505,,,6.7,
Yemen,YEM,1995,10.352088,0.642853,,,5.7,
Yemen,YEM,1996,10.526331,0.63357,,,4.6,
Yemen,YEM,1997,11.315914,0.661414,,,5.2,
Yemen,YEM,1998,12.064542,0.685169,,,6.0,
Yemen,YEM,1999,13.723955,0.75762,,,3.8,
Yemen,YEM,2000,14.493699,0.778031,0.0,0.0,6.2,
Yemen,YEM,2001,16.016834,0.836674,0.0,0.0,3.8,
Yemen,YEM,2002,15.554371,0.791142,0.0,0.0,3.9,
Yemen,YEM,2003,17.081395,0.846083,0.0,0.0,3.7,
Yemen,YEM,2004,18.647044,0.899372,0.0,0.0,4.0,
Yemen,YEM,2005,19.794359,0.928412,0.0,0.0,5.6,
Yemen,YEM,2006,21.084874,0.959874,0.0,0.0,3.2,
Yemen,YEM,2007,20.719069,0.915091,0.0,0.0,3.3,
Yemen,YEM,2008,22.025267,0.944115,0.0,0.0,3.6,
Yemen,YEM,2009,24.251389,1.00923,0.0,0.0,3.9,
Yemen,YEM,2010,23.150591,0.935606,0.0,0.0,7.7,
Yemen,YEM,2011,20.190194,0.79253,0.0,0.0,-12.7,
Yemen,YEM,2012,20.35579,0.776246,0.0,0.0,2.4,
Yemen,YEM,2013,27.160406,1.006537,0.0,0.0,4.8,
Yemen,YEM,2014,26.47657,0.953997,0.1388889,0.01,-0.2,
Yemen,YEM,2015,14.083545,0.493873,2.023609,0.12,-28.0,
Yemen,YEM,2016,10.901535,0.372396,3.539823,0.16,-9.4,
Yemen,YEM,2017,10.58862,0.35255,4.973822,0.19,-5.1,
Yemen,YEM,2018,10.474176,0.340175,14.545455,0.48,0.8,
Yemen,YEM,2019,12.683843,0.402066,14.035088,0.48,2.1,
Yemen,YEM,2020,12.140133,0.376041,15.123457,0.49,-8.5,
Yemen,YEM,2021,12.476597,0.378289,17.045456,0.6,-1.0,
South Africa,ZAF,1990,312.930226,7.847274,0.6039731,1.01,-0.3,16.014624
South Africa,ZAF,1991,326.026708,7.969178,1.1763588,1.98,-1.0,16.014624
South Africa,ZAF,1992,301.325411,7.215516,0.4473794,0.75200003,-2.1,16.014624
South Africa,ZAF,1993,320.345312,7.533028,0.083569,0.14600004,1.2,16.014624
South Africa,ZAF,1994,338.573392,7.825033,0.59111667,1.0739999,3.2,16.014624
South Africa,ZAF,1995,361.578343,8.220289,0.28341055,0.529,3.1,16.014624
South Africa,ZAF,1996,363.609361,8.141431,0.6891829,1.3789999,4.3,16.014624
South Africa,ZAF,1997,385.016911,8.502076,1.0638803,2.238,2.6,16.014624
South Africa,ZAF,1998,377.01647,8.222435,0.8891096,1.826,0.5,16.014624
South Africa,ZAF,1999,374.686899,8.0813,0.45465288,0.9229999,2.4,16.014624
South Africa,ZAF,2000,378.055406,8.075818,0.91108054,1.79,4.2,16.014624
South Africa,ZAF,2001,371.370007,7.863059,1.2516537,2.46,2.7,16.014624
South Africa,ZAF,2002,356.304783,7.475734,1.380225,2.81,3.7,16.014624
South Africa,ZAF,2003,404.11651,8.400884,0.5452713,1.19,2.9,16.014624
South Africa,ZAF,2004,449.024146,9.247539,0.5827199,1.33,4.6,16.014624
South Africa,ZAF,2005,415.930608,8.48541,0.76345867,1.75,5.3,16.014624
South Africa,ZAF,2006,446.55522,9.02282,1.3863059,3.28,5.6,16.014624
South Africa,ZAF,2007,464.886769,9.298462,0.52672094,1.3,5.4,16.014624
South Africa,ZAF,2008,494.999713,9.789217,0.68956923,1.66,3.2,16.014624
South Africa,ZAF,2009,480.403095,9.388231,0.8031088,1.8599999999999999,-1.5,16.014624
South Africa,ZAF,2010,462.806941,8.937099,1.0330069,2.51,3.0,16.014624
South Africa,ZAF,2011,465.774743,8.881488,1.0184466,2.49,3.2,16.014624
South Africa,ZAF,2012,458.954232,8.635882,0.6890826,1.6600000000000001,2.4,16.014624
South Africa,ZAF,2013,458.628219,8.513039,0.6792168,1.62,2.5,16.014624
South Africa,ZAF,2014,471.865984,8.621777,1.428813,3.38,1.4,16.014624
South Africa,ZAF,2015,446.221038,7.985844,2.625679,6.089999999999999,1.3,16.014624
South Africa,ZAF,2016,456.972861,8.099157,3.2586126,7.6899999999999995,0.7,16.014624
South Africa,ZAF,2017,439.380139,7.757252,4.2202606,10.04,1.2,16.014624
South Africa,ZAF,2018,435.237182,7.590512,5.1554656,12.22,1.6,16.014624
South Africa,ZAF,2019,466.92417,8.038352,5.35897,12.57,0.3,16.014624
South Africa,ZAF,2020,435.831861,7.411864,5.7805815,12.83,-6.0,16.014624
South Africa,ZAF,2021,435.928899,7.339827,7.5627236,16.88,4.7,16.014624
Zambia,ZMB,1990,2.407113,0.313165,,,-0.6,2.3239043
Zambia,ZMB,1991,2.381811,0.302242,,,-0.7,2.3239043
Zambia,ZMB,1992,2.424693,0.300296,,,2.1,2.3239043
Zambia,ZMB,1993,2.466007,0.298154,,,-0.1,2.3239043
Zambia,ZMB,1994,2.393258,0.282416,,,-13.3,2.3239043
Zambia,ZMB,1995,2.142313,0.246693,,,2.9,2.3239043
Zambia,ZMB,1996,1.837995,0.206469,,,6.2,2.3239043
Zambia,ZMB,1997,2.354102,0.257753,,,3.8,2.3239043
Zambia,ZMB,1998,2.278458,0.243102,,,-0.4,2.3239043
Zambia,ZMB,1999,1.777604,0.184758,,,4.7,2.3239043
Zambia,ZMB,2000,1.784113,0.180375,99.09794,7.6899999999999995,3.9,2.3239043
Zambia,ZMB,2001,1.885603,0.185009,99.11392,7.829999999999999,5.3,2.3239043
Zambia,ZMB,2002,1.960891,0.186604,99.013565,8.03,4.5,2.3239043
Zambia,ZMB,2003,2.074413,0.191402,99.03147,8.18,6.9,2.3239043
Zambia,ZMB,2004,2.104131,0.18807,99.172585,8.39,7.0,2.3239043
Zambia,ZMB,2005,2.242543,0.19391,99.0991,8.799999999999999,7.2,2.3239043
Zambia,ZMB,2006,2.231118,0.186368,99.171844,9.58,7.9,2.3239043
Zambia,ZMB,2007,2.294254,0.18499,99.37499,9.54,8.4,2.3239043
Zambia,ZMB,2008,2.553028,0.198633,99.57851,9.45,7.8,2.3239043
Zambia,ZMB,2009,2.940336,0.220778,99.49291,9.809999999999999,9.2,2.3239043
Zambia,ZMB,2010,3.1203,0.226238,99.51969,10.36,10.3,2.3239043
Zambia,ZMB,2011,3.372367,0.236395,99.563324,11.399999999999999,5.6,2.3239043
Zambia,ZMB,2012,4.165843,0.282532,99.59383,12.26,7.6,2.3239043
Zambia,ZMB,2013,4.416159,0.28987,99.62208,13.18,5.1,2.3239043
Zambia,ZMB,2014,4.876557,0.309863,97.63066,14.01,4.7,2.3239043
Zambia,ZMB,2015,5.064975,0.311725,97.3074,13.01,2.9,2.3239043
Zambia,ZMB,2016,5.857442,0.349328,94.48751,10.97,3.8,2.3239043
Zambia,ZMB,2017,6.842875,0.395586,87.53463,12.64,3.5,2.3239043
Zambia,ZMB,2018,7.412041,0.415569,86.11284,13.89,4.0,2.3239043
Zambia,ZMB,2019,7.747163,0.421489,86.0259,12.62,1.4,2.3239043
Zambia,ZMB,2020,7.280663,0.384656,86.75497,13.1,-2.8,2.3239043
Zambia,ZMB,2021,7.67618,0.394194,92.207794,16.33,4.6,2.3239043
Zimbabwe,ZWE,1990,15.551593,1.537647,,,,
Zimbabwe,ZWE,1991,15.501544,1.493719,,,,
Zimbabwe,ZWE,1992,16.713458,1.570592,,,,
Zimbabwe,ZWE,1993,16.046611,1.486497,,,,
Zimbabwe,ZWE,1994,17.39359,1.601827,,,,
Zimbabwe,ZWE,1995,15.028392,1.366958,,,,
Zimbabwe,ZWE,1996,14.908902,1.333751,,,,
Zimbabwe,ZWE,1997,13.911984,1.224388,,,,
Zimbabwe,ZWE,1998,14.131139,1.223649,,,,
Zimbabwe,ZWE,1999,15.727769,1.342366,,,-1.1,
Zimbabwe,ZWE,2000,13.818202,1.167603,51.038578,3.44,-4.2,
Zimbabwe,ZWE,2001,12.508722,1.050184,42.875988,3.25,-0.5,
Zimbabwe,ZWE,2002,11.895839,0.99259,50.121063,4.14,-7.7,
Zimbabwe,ZWE,2003,10.609583,0.87858,65.105385,5.56,-16.2,
Zimbabwe,ZWE,2004,9.428642,0.775326,61.42402,5.779999999999999,-6.3,
Zimbabwe,ZWE,2005,10.698489,0.87515,57.522125,5.2,-7.4,
Zimbabwe,ZWE,2006,10.365461,0.840637,70.96355,5.45,-3.6,
Zimbabwe,ZWE,2007,9.835161,0.789937,74.69388,5.49,-3.4,
Zimbabwe,ZWE,2008,7.720094,0.61513,78.34912,5.79,-16.3,
Zimbabwe,ZWE,2009,8.249769,0.650622,77.91843,5.54,7.4,
Zimbabwe,ZWE,2010,8.754012,0.681789,70.497635,5.95,19.7,
Zimbabwe,ZWE,2011,10.363199,0.795591,61.633114,5.510000000000001,14.2,
Zimbabwe,ZWE,2012,11.253769,0.848359,63.60582,5.68,16.7,
Zimbabwe,ZWE,2013,11.671374,0.861011,57.88337,5.36,2.0,
Zimbabwe,ZWE,2014,11.946148,0.86218,59.62925,5.79,2.4,
Zimbabwe,ZWE,2015,12.254954,0.865772,57.188496,5.37,1.8,
Zimbabwe,ZWE,2016,10.533453,0.728822,48.68035,3.32,0.8,
Zimbabwe,ZWE,2017,9.596071,0.650533,58.503407,4.3,5.2,
Zimbabwe,ZWE,2018,11.795478,0.783639,59.412407,5.459999999999999,5.0,
Zimbabwe,ZWE,2019,11.114607,0.723861,55.582527,4.58,-6.3,
Zimbabwe,ZWE,2020,10.607897,0.67697,55.13158,4.1899999999999995,-7.8,
Zimbabwe,ZWE,2021,11.296114,0.706293,54.975124,4.42,8.4,
